ts,avg,measurement,occupied,autoCnt,manualCnt,dmccLatencyMs,autoCntAtRecord,manualCntAtRecord
1756817252590,NaN,-1,false,0,1,1,ERROR-null-result,
1756817257601,NaN,-1,false,0,1,1,ERROR-null-result,
1756817262592,NaN,-1,false,0,1,1,ERROR-null-result,
1756817267604,NaN,-1,false,0,1,1,ERROR-null-result,
1756817272593,NaN,-1,false,0,1,1,ERROR-null-result,
1756817277592,NaN,-1,false,0,1,1,ERROR-null-result,
1756817282606,NaN,-1,false,0,1,1,ERROR-null-result,
1756817287605,NaN,-1,false,0,1,1,ERROR-null-result,
1756817292602,NaN,-1,false,0,1,1,ERROR-null-result,
1756817297582,NaN,-1,false,0,1,1,ERROR-null-result,
1756817302595,NaN,-1,false,0,1,1,ERROR-null-result,
1756817307596,NaN,-1,false,0,1,1,ERROR-null-result,
1756817312592,NaN,-1,false,0,1,1,ERROR-null-result,
1756817317597,NaN,-1,false,0,1,1,ERROR-null-result,
1756817322593,NaN,-1,false,0,1,1,ERROR-null-result,
1756817327596,NaN,-1,false,0,1,1,ERROR-null-result,
1756817332592,NaN,-1,false,0,1,1,ERROR-null-result,
1756817337592,NaN,-1,false,0,1,1,ERROR-null-result,
1756817342590,NaN,-1,false,0,1,1,ERROR-null-result,
1756817347597,NaN,-1,false,0,1,1,ERROR-null-result,
1756817352596,NaN,-1,false,0,1,1,ERROR-null-result,
1756817357597,NaN,-1,false,0,1,1,ERROR-null-result,
1756817362593,NaN,-1,false,0,1,1,ERROR-null-result,
1756817367592,NaN,-1,false,0,1,1,ERROR-null-result,
1756817372598,NaN,-1,false,0,1,1,ERROR-null-result,
1756817377592,NaN,-1,false,0,1,1,ERROR-null-result,
1756817382582,NaN,-1,false,0,1,1,ERROR-null-result,
1756817387601,NaN,-1,false,0,1,1,ERROR-null-result,
1756817392582,NaN,-1,false,0,1,1,ERROR-null-result,
1756817397602,NaN,-1,false,0,1,1,ERROR-null-result,
1756817402586,NaN,-1,false,0,1,1,ERROR-null-result,
1756817407598,NaN,-1,false,0,1,1,ERROR-null-result,
1756817412581,NaN,-1,false,0,1,1,ERROR-null-result,
1756817417598,NaN,-1,false,0,1,1,ERROR-null-result,
1756817422582,NaN,-1,false,0,1,1,ERROR-null-result,
1756817427608,NaN,-1,false,0,1,1,ERROR-null-result,
1756817432581,NaN,-1,false,0,1,1,ERROR-null-result,
1756817437595,NaN,-1,false,0,1,1,ERROR-null-result,
1756817442594,NaN,-1,false,0,1,1,ERROR-null-result,
1756817447593,NaN,-1,false,0,1,1,ERROR-null-result,
1756817452598,NaN,-1,false,0,1,1,ERROR-null-result,
1756817457581,NaN,-1,false,0,1,1,ERROR-null-result,
1756817462593,NaN,-1,false,0,1,1,ERROR-null-result,
1756817467601,NaN,-1,false,0,1,1,ERROR-null-result,
1756817472583,NaN,-1,false,0,1,1,ERROR-null-result,
1756817477592,NaN,-1,false,0,1,1,ERROR-null-result,
1756817482592,NaN,-1,false,0,1,1,ERROR-null-result,
1756817487595,NaN,-1,false,0,1,1,ERROR-null-result,
1756817492603,NaN,-1,false,0,1,1,ERROR-null-result,
1756817497598,NaN,-1,false,0,1,1,ERROR-null-result,
1756817502582,NaN,-1,false,0,1,1,ERROR-null-result,
1756817507593,NaN,-1,false,0,1,1,ERROR-null-result,
1756817512596,NaN,-1,false,0,1,1,ERROR-null-result,
1756817517596,NaN,-1,false,0,1,1,ERROR-null-result,
1756817522592,NaN,-1,false,0,1,1,ERROR-null-result,
1756817527599,NaN,-1,false,0,1,1,ERROR-null-result,
1756817532582,NaN,-1,false,0,1,1,ERROR-null-result,
1756817537592,NaN,-1,false,0,1,1,ERROR-null-result,
1756817542592,NaN,-1,false,0,1,1,ERROR-null-result,
1756817547600,NaN,-1,false,0,1,1,ERROR-null-result,
1756817552581,NaN,-1,false,0,1,1,ERROR-null-result,
1756817557594,NaN,-1,false,0,1,1,ERROR-null-result,
1756817562595,NaN,-1,false,0,1,1,ERROR-null-result,
1756817567582,NaN,-1,false,0,1,1,ERROR-null-result,
1756817572601,NaN,-1,false,0,1,1,ERROR-null-result,
1756817577585,NaN,-1,false,0,1,1,ERROR-null-result,
1756817582599,NaN,-1,false,0,1,1,ERROR-null-result,
1756817587582,NaN,-1,false,0,1,1,ERROR-null-result,
1756817592600,NaN,-1,false,0,1,1,ERROR-null-result,
1756817597584,NaN,-1,false,0,1,1,ERROR-null-result,
1756817602592,NaN,-1,false,0,1,1,ERROR-null-result,
1756817607597,NaN,-1,false,0,1,1,ERROR-null-result,
1756817612598,NaN,-1,false,0,1,1,ERROR-null-result,
1756817617584,NaN,-1,false,0,1,1,ERROR-null-result,
1756817622600,NaN,-1,false,0,1,1,ERROR-null-result,
1756817627586,NaN,-1,false,0,1,1,ERROR-null-result,
1756817632597,NaN,-1,false,0,1,1,ERROR-null-result,
1756817637592,NaN,-1,false,0,1,1,ERROR-null-result,
1756817642598,NaN,-1,false,0,1,1,ERROR-null-result,
1756817647586,NaN,-1,false,0,1,1,ERROR-null-result,
1756817652595,NaN,-1,false,0,1,1,ERROR-null-result,
1756817657600,NaN,-1,false,0,1,1,ERROR-null-result,
1756817662581,NaN,-1,false,0,1,1,ERROR-null-result,
1756817667592,NaN,-1,false,0,1,1,ERROR-null-result,
1756817672592,NaN,-1,false,0,1,1,ERROR-null-result,
1756817677597,NaN,-1,false,0,1,1,ERROR-null-result,
1756817682599,NaN,-1,false,0,1,1,ERROR-null-result,
1756817687591,NaN,-1,false,0,1,1,ERROR-null-result,
1756817692586,NaN,-1,false,0,1,1,ERROR-null-result,
1756817697593,NaN,-1,false,0,1,1,ERROR-null-result,
1756817702594,NaN,-1,false,0,1,1,ERROR-null-result,
1756817707592,NaN,-1,false,0,1,1,ERROR-null-result,
1756817712591,NaN,-1,false,0,1,1,ERROR-null-result,
1756817717593,NaN,-1,false,0,1,1,ERROR-null-result,
1756817722592,NaN,-1,false,0,1,1,ERROR-null-result,
1756817727592,NaN,-1,false,0,1,1,ERROR-null-result,
1756817732592,NaN,-1,false,0,1,1,ERROR-null-result,
1756817737593,NaN,-1,false,0,1,1,ERROR-null-result,
1756817742592,NaN,-1,false,0,1,1,ERROR-null-result,
1756817747596,NaN,-1,false,0,1,1,ERROR-null-result,
1756817752592,NaN,-1,false,0,1,1,ERROR-null-result,
1756817757593,NaN,-1,false,0,1,1,ERROR-null-result,
1756817762592,NaN,-1,false,0,1,1,ERROR-null-result,
1756817767592,NaN,-1,false,0,1,1,ERROR-null-result,
1756817772598,NaN,-1,false,0,1,1,ERROR-null-result,
1756817777600,NaN,-1,false,0,1,1,ERROR-null-result,
1756817782582,NaN,-1,false,0,1,1,ERROR-null-result,
1756817787592,NaN,-1,false,0,1,1,ERROR-null-result,
1756817792597,NaN,-1,false,0,1,1,ERROR-null-result,
1756817797601,NaN,-1,false,0,1,1,ERROR-null-result,
1756817802582,NaN,-1,false,0,1,1,ERROR-null-result,
1756817807593,NaN,-1,false,0,1,1,ERROR-null-result,
1756817812594,NaN,-1,false,0,1,1,ERROR-null-result,
1756817817600,NaN,-1,false,0,1,1,ERROR-null-result,
1756817822584,NaN,-1,false,0,1,1,ERROR-null-result,
1756817827600,NaN,-1,false,0,1,1,ERROR-null-result,
1756817832586,NaN,-1,false,0,1,1,ERROR-null-result,
1756817837592,NaN,-1,false,0,1,1,ERROR-null-result,
1756817842592,NaN,-1,false,0,1,1,ERROR-null-result,
1756817847598,NaN,-1,false,0,1,1,ERROR-null-result,
1756817852582,NaN,-1,false,0,1,1,ERROR-null-result,
1756817857591,NaN,-1,false,0,1,1,ERROR-null-result,
1756817862598,NaN,-1,false,0,1,1,ERROR-null-result,
1756817867600,NaN,-1,false,0,1,1,ERROR-null-result,
1756817872587,NaN,-1,false,0,1,1,ERROR-null-result,
1756817877603,NaN,-1,false,0,1,1,ERROR-null-result,
1756817882592,NaN,-1,false,0,1,1,ERROR-null-result,
1756817887592,NaN,-1,false,0,1,1,ERROR-null-result,
1756817892602,NaN,-1,false,0,1,1,ERROR-null-result,
1756817897582,NaN,-1,false,0,1,1,ERROR-null-result,
1756817902596,NaN,-1,false,0,1,1,ERROR-null-result,
1756817907592,NaN,-1,false,0,1,1,ERROR-null-result,
1756817912592,NaN,-1,false,0,1,1,ERROR-null-result,
1756817917599,NaN,-1,false,0,1,1,ERROR-null-result,
1756817922586,NaN,-1,false,0,1,1,ERROR-null-result,
1756817927595,NaN,-1,false,0,1,1,ERROR-null-result,
1756817932602,NaN,-1,false,0,1,1,ERROR-null-result,
1756817937600,NaN,-1,false,0,1,1,ERROR-null-result,
1756817942583,NaN,-1,false,0,1,1,ERROR-null-result,
1756817947592,NaN,-1,false,0,1,1,ERROR-null-result,
1756817952592,NaN,-1,false,0,1,1,ERROR-null-result,
1756817957598,NaN,-1,false,0,1,1,ERROR-null-result,
1756817962582,NaN,-1,false,0,1,1,ERROR-null-result,
1756817967594,NaN,-1,false,0,1,1,ERROR-null-result,
1756817972592,NaN,-1,false,0,1,1,ERROR-null-result,
1756817977598,NaN,-1,false,0,1,1,ERROR-null-result,
1756817982597,NaN,-1,false,0,1,1,ERROR-null-result,
1756817987592,NaN,-1,false,0,1,1,ERROR-null-result,
1756817992592,NaN,-1,false,0,1,1,ERROR-null-result,
1756817997595,NaN,-1,false,0,1,1,ERROR-null-result,
1756818002592,NaN,-1,false,0,1,1,ERROR-null-result,
1756818007600,NaN,-1,false,0,1,1,ERROR-null-result,
1756818012583,NaN,-1,false,0,1,1,ERROR-null-result,
1756818017591,NaN,-1,false,0,1,1,ERROR-null-result,
1756818022602,NaN,-1,false,0,1,1,ERROR-null-result,
1756818027586,NaN,-1,false,0,1,1,ERROR-null-result,
1756818032592,NaN,-1,false,0,1,1,ERROR-null-result,
1756818037594,NaN,-1,false,0,1,1,ERROR-null-result,
1756818042601,NaN,-1,false,0,1,1,ERROR-null-result,
1756818047586,NaN,-1,false,0,1,1,ERROR-null-result,
1756818052601,NaN,-1,false,0,1,1,ERROR-null-result,
1756818057592,NaN,-1,false,0,1,1,ERROR-null-result,
1756818062582,NaN,-1,false,0,1,1,ERROR-null-result,
1756818067598,NaN,-1,false,0,1,1,ERROR-null-result,
1756818072581,NaN,-1,false,0,1,1,ERROR-null-result,
1756818077591,NaN,-1,false,0,1,1,ERROR-null-result,
1756818082595,NaN,-1,false,0,1,1,ERROR-null-result,
1756818087592,NaN,-1,false,0,1,1,ERROR-null-result,
1756818092601,NaN,-1,false,0,1,1,ERROR-null-result,
1756818097583,NaN,-1,false,0,1,1,ERROR-null-result,
1756818102601,NaN,-1,false,0,1,1,ERROR-null-result,
1756818107590,NaN,-1,false,0,1,1,ERROR-null-result,
1756818112591,NaN,-1,false,0,1,1,ERROR-null-result,
1756818117582,NaN,-1,false,0,1,1,ERROR-null-result,
1756818122601,NaN,-1,false,0,1,1,ERROR-null-result,
1756818127592,NaN,-1,false,0,1,1,ERROR-null-result,
1756818132586,NaN,-1,false,0,1,1,ERROR-null-result,
1756818137602,NaN,-1,false,0,1,1,ERROR-null-result,
1756818142593,NaN,-1,false,0,1,1,ERROR-null-result,
1756818147595,NaN,-1,false,0,1,1,ERROR-null-result,
1756818152592,NaN,-1,false,0,1,1,ERROR-null-result,
1756818157601,NaN,-1,false,0,1,1,ERROR-null-result,
1756818162582,NaN,-1,false,0,1,1,ERROR-null-result,
1756818167600,NaN,-1,false,0,1,1,ERROR-null-result,
1756818172584,NaN,-1,false,0,1,1,ERROR-null-result,
1756818177591,NaN,-1,false,0,1,1,ERROR-null-result,
1756818182592,NaN,-1,false,0,1,1,ERROR-null-result,
1756818187600,NaN,-1,false,0,1,1,ERROR-null-result,
1756818192592,NaN,-1,false,0,1,1,ERROR-null-result,
1756818197589,NaN,-1,false,0,1,1,ERROR-null-result,
1756818202584,NaN,-1,false,0,1,1,ERROR-null-result,
1756818207592,NaN,-1,false,0,1,1,ERROR-null-result,
1756818212592,NaN,-1,false,0,1,1,ERROR-null-result,
1756818217598,NaN,-1,false,0,1,1,ERROR-null-result,
1756818222592,NaN,-1,false,0,1,1,ERROR-null-result,
1756818227600,NaN,-1,false,0,1,1,ERROR-null-result,
1756818232582,NaN,-1,false,0,1,1,ERROR-null-result,
1756818237592,NaN,-1,false,0,1,1,ERROR-null-result,
1756818242591,NaN,-1,false,0,1,1,ERROR-null-result,
1756818247591,NaN,-1,false,0,1,1,ERROR-null-result,
1756818252600,NaN,-1,false,0,1,1,ERROR-null-result,
1756818257586,NaN,-1,false,0,1,1,ERROR-null-result,
1756818262600,NaN,-1,false,0,1,1,ERROR-null-result,
1756818267581,NaN,-1,false,0,1,1,ERROR-null-result,
1756818272592,NaN,-1,false,0,1,1,ERROR-null-result,
1756818277600,NaN,-1,false,0,1,1,ERROR-null-result,
1756818282581,NaN,-1,false,0,1,1,ERROR-null-result,
1756818287602,NaN,-1,false,0,1,1,ERROR-null-result,
1756818292582,NaN,-1,false,0,1,1,ERROR-null-result,
1756818297591,NaN,-1,false,0,1,1,ERROR-null-result,
1756818302591,NaN,-1,false,0,1,1,ERROR-null-result,
1756818307591,NaN,-1,false,0,1,1,ERROR-null-result,
1756818312592,NaN,-1,false,0,1,1,ERROR-null-result,
1756818317600,NaN,-1,false,0,1,1,ERROR-null-result,
1756818322582,NaN,-1,false,0,1,1,ERROR-null-result,
1756818327594,NaN,-1,false,0,1,1,ERROR-null-result,
1756818332599,NaN,-1,false,0,1,1,ERROR-null-result,
1756818337590,NaN,-1,false,0,1,1,ERROR-null-result,
1756818342584,NaN,-1,false,0,1,1,ERROR-null-result,
1756818347591,NaN,-1,false,0,1,1,ERROR-null-result,
1756818352599,NaN,-1,false,0,1,1,ERROR-null-result,
1756818357581,NaN,-1,false,0,1,1,ERROR-null-result,
1756818362598,NaN,-1,false,0,1,1,ERROR-null-result,
1756818367588,NaN,-1,false,0,1,1,ERROR-null-result,
1756818372597,NaN,-1,false,0,1,1,ERROR-null-result,
1756818377600,NaN,-1,false,0,1,1,ERROR-null-result,
1756818382592,NaN,-1,false,0,1,1,ERROR-null-result,
1756818387585,NaN,-1,false,0,1,1,ERROR-null-result,
1756818392596,NaN,-1,false,0,1,1,ERROR-null-result,
1756818397600,NaN,-1,false,0,1,1,ERROR-null-result,
1756818402583,NaN,-1,false,0,1,1,ERROR-null-result,
1756818407592,NaN,-1,false,0,1,1,ERROR-null-result,
1756818412591,NaN,-1,false,0,1,1,ERROR-null-result,
1756818417592,NaN,-1,false,0,1,1,ERROR-null-result,
1756818422592,NaN,-1,false,0,1,1,ERROR-null-result,
1756818427593,NaN,-1,false,0,1,1,ERROR-null-result,
1756818432597,NaN,-1,false,0,1,1,ERROR-null-result,
1756818437596,NaN,-1,false,0,1,1,ERROR-null-result,
1756818442592,NaN,-1,false,0,1,1,ERROR-null-result,
1756818447593,NaN,-1,false,0,1,1,ERROR-null-result,
1756818452596,NaN,-1,false,0,1,1,ERROR-null-result,
1756818457599,NaN,-1,false,0,1,1,ERROR-null-result,
1756818462587,NaN,-1,false,0,1,1,ERROR-null-result,
1756818467601,NaN,-1,false,0,1,1,ERROR-null-result,
1756818472582,NaN,-1,false,0,1,1,ERROR-null-result,
1756818477597,NaN,-1,false,0,1,1,ERROR-null-result,
1756818482593,NaN,-1,false,0,1,1,ERROR-null-result,
1756818487595,NaN,-1,false,0,1,1,ERROR-null-result,
1756818492593,NaN,-1,false,0,1,1,ERROR-null-result,
1756818497605,NaN,-1,false,0,1,1,ERROR-null-result,
1756818502593,NaN,-1,false,0,1,1,ERROR-null-result,
1756818507601,NaN,-1,false,0,1,1,ERROR-null-result,
1756818512583,NaN,-1,false,0,1,1,ERROR-null-result,
1756818517591,NaN,-1,false,0,1,1,ERROR-null-result,
1756818522594,NaN,-1,false,0,1,1,ERROR-null-result,
1756818527596,NaN,-1,false,0,1,1,ERROR-null-result,
1756818532597,NaN,-1,false,0,1,1,ERROR-null-result,
1756818537594,NaN,-1,false,0,1,1,ERROR-null-result,
1756818542593,NaN,-1,false,0,1,1,ERROR-null-result,
1756818547593,NaN,-1,false,0,1,1,ERROR-null-result,
1756818552607,NaN,-1,false,0,1,1,ERROR-null-result,
1756818557592,NaN,-1,false,0,1,1,ERROR-null-result,
1756818562595,NaN,-1,false,0,1,1,ERROR-null-result,
1756818567593,NaN,-1,false,0,1,1,ERROR-null-result,
1756818572591,NaN,-1,false,0,1,1,ERROR-null-result,
1756818577593,NaN,-1,false,0,1,1,ERROR-null-result,
1756818582594,NaN,-1,false,0,1,1,ERROR-null-result,
1756818587594,NaN,-1,false,0,1,1,ERROR-null-result,
1756818592594,NaN,-1,false,0,1,1,ERROR-null-result,
1756818597596,NaN,-1,false,0,1,1,ERROR-null-result,
1756818602594,NaN,-1,false,0,1,1,ERROR-null-result,
1756818607593,NaN,-1,false,0,1,1,ERROR-null-result,
1756818612592,NaN,-1,false,0,1,1,ERROR-null-result,
1756818617593,NaN,-1,false,0,1,1,ERROR-null-result,
1756818622593,NaN,-1,false,0,1,1,ERROR-null-result,
1756818627596,NaN,-1,false,0,1,1,ERROR-null-result,
1756818632594,NaN,-1,false,0,1,1,ERROR-null-result,
1756818637595,NaN,-1,false,0,1,1,ERROR-null-result,
1756818642593,NaN,-1,false,0,1,1,ERROR-null-result,
1756818647593,NaN,-1,false,0,1,1,ERROR-null-result,
1756818652595,NaN,-1,false,0,1,1,ERROR-null-result,
1756818657597,NaN,-1,false,0,1,1,ERROR-null-result,
1756818662595,NaN,-1,false,0,1,1,ERROR-null-result,
1756818667601,NaN,-1,false,0,1,1,ERROR-null-result,
1756818672586,NaN,-1,false,0,1,1,ERROR-null-result,
1756818677595,NaN,-1,false,0,1,1,ERROR-null-result,
1756818682594,NaN,-1,false,0,1,1,ERROR-null-result,
1756821663419,NaN,-1,false,0,1,2,ERROR-null-result,
1756821668454,NaN,-1,false,0,1,3,ERROR-null-result,
1756821673417,NaN,-1,false,0,1,1,ERROR-null-result,
1756821678424,NaN,-1,false,0,1,1,ERROR-null-result,
1756821683432,NaN,-1,false,0,1,4,ERROR-null-result,
1756821812760,NaN,-1,false,0,1,1,ERROR-null-result,
1756821817761,NaN,-1,false,0,1,1,ERROR-null-result,
1756821822761,NaN,-1,false,0,1,1,ERROR-null-result,
1756821827761,NaN,-1,false,0,1,3,ERROR-null-result,
1756821832761,NaN,-1,false,0,1,1,ERROR-null-result,
1756821837761,NaN,-1,false,0,1,1,ERROR-null-result,
1756821842760,NaN,-1,false,0,1,2,ERROR-null-result,
1756821847761,NaN,-1,false,0,1,1,ERROR-null-result,
1756821852765,NaN,-1,false,0,1,2,ERROR-null-result,
1756821857774,NaN,-1,false,0,1,1,ERROR-null-result,
1756821862767,NaN,-1,false,0,1,2,ERROR-null-result,
1756821867761,NaN,-1,false,0,1,2,ERROR-null-result,
1756821872774,NaN,-1,false,0,1,2,ERROR-null-result,
1756821877761,NaN,-1,false,0,1,1,ERROR-null-result,
1756821882761,NaN,-1,false,0,1,1,ERROR-null-result,
1756821887761,NaN,-1,false,0,1,1,ERROR-null-result,
1756821892761,NaN,-1,false,0,1,1,ERROR-null-result,
1756821897761,NaN,-1,false,0,1,1,ERROR-null-result,
1756821902770,NaN,-1,false,0,1,2,ERROR-null-result,
1756821907751,NaN,-1,false,0,1,2,ERROR-null-result,
1756821912772,NaN,-1,false,0,1,2,ERROR-null-result,
1756821917761,NaN,-1,false,0,1,1,ERROR-null-result,
1756821922759,NaN,-1,false,0,1,2,ERROR-null-result,
1756821927765,NaN,-1,false,0,1,1,ERROR-null-result,
1756821932761,NaN,-1,false,0,1,1,ERROR-null-result,
1756821937767,NaN,-1,false,0,1,3,ERROR-null-result,
1756821942761,NaN,-1,false,0,1,1,ERROR-null-result,
1756821947764,NaN,-1,false,0,1,1,ERROR-null-result,
1756821952765,NaN,-1,false,0,1,2,ERROR-null-result,
1756821957762,NaN,-1,false,0,1,3,ERROR-null-result,
1756821962766,NaN,-1,false,0,1,1,ERROR-null-result,
1756821967761,NaN,-1,false,0,1,1,ERROR-null-result,
1756821972769,NaN,-1,false,0,1,2,ERROR-null-result,
1756821977760,NaN,-1,false,0,1,1,ERROR-null-result,
1756821982761,NaN,-1,false,0,1,1,ERROR-null-result,
1756821987766,NaN,-1,false,0,1,1,ERROR-null-result,
1756821992761,NaN,-1,false,0,1,2,ERROR-null-result,
1756821997761,NaN,-1,false,0,1,1,ERROR-null-result,
1756822002775,NaN,-1,false,0,1,1,ERROR-null-result,
1756822007761,NaN,-1,false,0,1,1,ERROR-null-result,
1756822012761,NaN,-1,false,0,1,2,ERROR-null-result,
1756822017760,NaN,-1,false,0,1,1,ERROR-null-result,
1756822022761,NaN,-1,false,0,1,2,ERROR-null-result,
1756822027777,NaN,-1,false,0,1,1,ERROR-null-result,
1756822032760,NaN,-1,false,0,1,2,ERROR-null-result,
1756822037762,NaN,-1,false,0,1,2,ERROR-null-result,
1756822042759,NaN,-1,false,0,1,1,ERROR-null-result,
1756822047761,NaN,-1,false,0,1,2,ERROR-null-result,
1756822052761,NaN,-1,false,0,1,1,ERROR-null-result,
1756822057760,NaN,-1,false,0,1,1,ERROR-null-result,
1756822062778,NaN,-1,false,0,1,1,ERROR-null-result,
1756822067763,NaN,-1,false,0,1,1,ERROR-null-result,
1756822072760,NaN,-1,false,0,1,1,ERROR-null-result,
1756822077761,NaN,-1,false,0,1,1,ERROR-null-result,
1756822082761,NaN,-1,false,0,1,1,ERROR-null-result,
1756822087759,NaN,-1,false,0,1,1,ERROR-null-result,
1756822092761,NaN,-1,false,0,1,2,ERROR-null-result,
1756822097761,NaN,-1,false,0,1,1,ERROR-null-result,
1756822102761,NaN,-1,false,0,1,2,ERROR-null-result,
1756822107759,NaN,-1,false,0,1,2,ERROR-null-result,
1756822112775,NaN,-1,false,0,1,1,ERROR-null-result,
1756822117761,NaN,-1,false,0,1,2,ERROR-null-result,
1756822122764,NaN,-1,false,0,1,1,ERROR-null-result,
1756822127766,NaN,-1,false,0,1,2,ERROR-null-result,
1756822132761,NaN,-1,false,0,1,3,ERROR-null-result,
1756822137761,NaN,-1,false,0,1,3,ERROR-null-result,
1756822142760,NaN,-1,false,0,1,1,ERROR-null-result,
1756893057427,NaN,-1,false,0,0,2,ERROR-null-result,
1756893062428,NaN,-1,false,0,0,1,ERROR-null-result,
1756893067410,NaN,-1,false,0,0,1,ERROR-null-result,
1756893072410,NaN,-1,false,0,0,2,ERROR-null-result,
1756893077405,NaN,-1,false,0,0,1,ERROR-null-result,
1756893082419,NaN,-1,false,0,0,2,ERROR-null-result,
1756893087414,NaN,-1,false,0,0,2,ERROR-null-result,
1756893092407,NaN,-1,false,0,0,2,ERROR-null-result,
1756893097419,NaN,-1,false,0,0,3,ERROR-null-result,
1756893102408,NaN,-1,false,0,0,2,ERROR-null-result,
1756893107405,NaN,-1,false,0,0,2,ERROR-null-result,
1756893112423,NaN,-1,false,0,0,16,ERROR-null-result,
1756893117404,NaN,-1,false,0,0,2,ERROR-null-result,
1756893122434,NaN,-1,false,0,0,1,ERROR-null-result,
1756893127404,NaN,-1,false,0,0,1,ERROR-null-result,
1756893132421,NaN,-1,false,0,0,2,ERROR-null-result,
1756893137410,NaN,-1,false,0,0,3,ERROR-null-result,
1756893142415,NaN,-1,false,0,0,1,ERROR-null-result,
1756893147406,NaN,-1,false,0,0,2,ERROR-null-result,
1756893152417,NaN,-1,false,0,0,4,ERROR-null-result,
1756893157416,NaN,-1,false,0,0,1,ERROR-null-result,
1756893162422,NaN,-1,false,0,0,3,ERROR-null-result,
1756893167405,NaN,-1,false,0,0,1,ERROR-null-result,
1756893172425,NaN,-1,false,0,0,3,ERROR-null-result,
1756893177405,NaN,-1,false,0,0,1,ERROR-null-result,
1756893182420,NaN,-1,false,0,0,2,ERROR-null-result,
1756893187405,NaN,-1,false,0,0,2,ERROR-null-result,
1756893192416,NaN,-1,false,0,0,2,ERROR-null-result,
1756893197423,NaN,-1,false,0,0,2,ERROR-null-result,
1756893202405,NaN,-1,false,0,0,1,ERROR-null-result,
1756893207419,NaN,-1,false,0,0,2,ERROR-null-result,
1756893212411,NaN,-1,false,0,0,2,ERROR-null-result,
1756893217406,NaN,-1,false,0,0,2,ERROR-null-result,
1756893222421,NaN,-1,false,0,0,2,ERROR-null-result,
1756893227405,NaN,-1,false,0,0,2,ERROR-null-result,
1756893232420,NaN,-1,false,0,0,3,ERROR-null-result,
1756893237402,NaN,-1,false,0,0,1,ERROR-null-result,
1756893242418,NaN,-1,false,0,0,1012,ERROR-null-result,
1756893247405,NaN,-1,false,0,0,1,ERROR-null-result,
1756893252419,NaN,-1,false,0,0,1,ERROR-null-result,
1756893257406,NaN,-1,false,0,0,2,ERROR-null-result,
1756893262420,NaN,-1,false,0,0,2,ERROR-null-result,
1756893267404,NaN,-1,false,0,0,1,ERROR-null-result,
1756893272434,NaN,-1,false,0,0,2,ERROR-null-result,
1756893277405,NaN,-1,false,0,0,1,ERROR-null-result,
1756893282423,NaN,-1,false,0,0,3,ERROR-null-result,
1756893287406,NaN,-1,false,0,0,1,ERROR-null-result,
1756893292420,NaN,-1,false,0,0,3,ERROR-null-result,
1756893297409,NaN,-1,false,0,0,3,ERROR-null-result,
1756893302408,NaN,-1,false,0,0,3,ERROR-null-result,
1756893307421,NaN,-1,false,0,0,2,ERROR-null-result,
1756893312403,NaN,-1,false,0,0,1,ERROR-null-result,
1756893317425,NaN,-1,false,0,0,7,ERROR-null-result,
1756893322407,NaN,-1,false,0,0,3,ERROR-null-result,
1756893327422,NaN,-1,false,0,0,2,ERROR-null-result,
1756893332406,NaN,-1,false,0,0,2,ERROR-null-result,
1756893337436,NaN,-1,false,0,0,7,ERROR-null-result,
1756893342422,NaN,-1,false,0,0,3,ERROR-null-result,
1756893347405,NaN,-1,false,0,0,2,ERROR-null-result,
1756893352420,NaN,-1,false,0,0,5,ERROR-null-result,
1756893357406,NaN,-1,false,0,0,2,ERROR-null-result,
1756893362426,NaN,-1,false,0,0,3,ERROR-null-result,
1756893367421,NaN,-1,false,0,0,3,ERROR-null-result,
1756893372404,NaN,-1,false,0,0,2,ERROR-null-result,
1756893377421,NaN,-1,false,0,0,3,ERROR-null-result,
1756893382405,NaN,-1,false,0,0,2,ERROR-null-result,
1756893387435,NaN,-1,false,0,0,3,ERROR-null-result,
1756893392406,NaN,-1,false,0,0,3,ERROR-null-result,
1756893397436,NaN,-1,false,0,0,3,ERROR-null-result,
1756893402421,NaN,-1,false,0,0,2,ERROR-null-result,
1756893407406,NaN,-1,false,0,0,2,ERROR-null-result,
1756893412422,NaN,-1,false,0,0,2,ERROR-null-result,
1756893417405,NaN,-1,false,0,0,2,ERROR-null-result,
1756893422421,NaN,-1,false,0,0,2,ERROR-null-result,
1756893427404,NaN,-1,false,0,0,2,ERROR-null-result,
1756893432411,NaN,-1,false,0,0,1,ERROR-null-result,
1756893437421,NaN,-1,false,0,0,2,ERROR-null-result,
1756893442410,NaN,-1,false,0,0,2,ERROR-null-result,
1756893516614,NaN,-1,false,0,0,6,ERROR-null-result,
1756893516621,NaN,-1,false,0,0,1,ERROR-null-result,
1756893516624,NaN,-1,false,0,0,7,ERROR-null-result,
1756893516649,NaN,-1,false,0,0,1,ERROR-null-result,
1756893516653,NaN,-1,false,0,0,9,ERROR-null-result,
1756893516664,NaN,-1,false,0,0,5,ERROR-null-result,
1756893516670,NaN,-1,false,0,0,1,ERROR-null-result,
1756893516673,NaN,-1,false,0,0,1,ERROR-null-result,
1756893516676,NaN,-1,false,0,0,1,ERROR-null-result,
1756893516679,NaN,-1,false,0,0,348,ERROR-null-result,
1756893517016,NaN,-1,false,0,0,1,ERROR-null-result,
1756893517032,NaN,-1,false,0,0,1,ERROR-null-result,
1756893517032,NaN,-1,false,0,0,2,ERROR-null-result,
1756893517032,NaN,-1,false,0,0,1,ERROR-null-result,
1756893517408,NaN,-1,false,0,0,4,ERROR-null-result,
1756893522406,NaN,-1,false,0,0,1,ERROR-null-result,
1756893527413,NaN,-1,false,0,0,1,ERROR-null-result,
1756893532421,NaN,-1,false,0,0,1,ERROR-null-result,
1756893537416,NaN,-1,false,0,0,2,ERROR-null-result,
1756893542427,NaN,-1,false,0,0,4,ERROR-null-result,
1756893547422,NaN,-1,false,0,0,2,ERROR-null-result,
1756893552403,NaN,-1,false,0,0,3,ERROR-null-result,
1756893557425,NaN,-1,false,0,0,3,ERROR-null-result,
1756893562415,NaN,-1,false,0,0,1,ERROR-null-result,
1756893567414,NaN,-1,false,0,0,2,ERROR-null-result,
1756893572410,NaN,-1,false,0,0,2,ERROR-null-result,
1756893577410,NaN,-1,false,0,0,4,ERROR-null-result,
1756893582408,NaN,-1,false,0,0,2,ERROR-null-result,
1756893587413,NaN,-1,false,0,0,2,ERROR-null-result,
1756893592406,NaN,-1,false,0,0,2,ERROR-null-result,
1756893597426,NaN,-1,false,0,0,3,ERROR-null-result,
1756893602414,NaN,-1,false,0,0,2,ERROR-null-result,
1756893607421,NaN,-1,false,0,0,2,ERROR-null-result,
1756893612405,NaN,-1,false,0,0,3,ERROR-null-result,
1756893617420,NaN,-1,false,0,0,1,ERROR-null-result,
1756893622408,NaN,-1,false,0,0,2,ERROR-null-result,
1756893627407,NaN,-1,false,0,0,3,ERROR-null-result,
1756893632408,NaN,-1,false,0,0,1,ERROR-null-result,
1756893637409,NaN,-1,false,0,0,1,ERROR-null-result,
1756893642403,NaN,-1,false,0,0,1,ERROR-null-result,
1756893647423,NaN,-1,false,0,0,1,ERROR-null-result,
1756893652407,NaN,-1,false,0,0,2,ERROR-null-result,
1756893657421,NaN,-1,false,0,0,3,ERROR-null-result,
1756893662414,NaN,-1,false,0,0,2,ERROR-null-result,
1756893667414,NaN,-1,false,0,0,2,ERROR-null-result,
1756893672408,NaN,-1,false,0,0,2,ERROR-null-result,
1756893677410,NaN,-1,false,0,0,6,ERROR-null-result,
1756893682406,NaN,-1,false,0,0,1,ERROR-null-result,
1756893687420,NaN,-1,false,0,0,6,ERROR-null-result,
1756893692414,NaN,-1,false,0,0,2,ERROR-null-result,
1756893697406,NaN,-1,false,0,0,2,ERROR-null-result,
1756893702418,NaN,-1,false,0,0,2,ERROR-null-result,
1756893707405,NaN,-1,false,0,0,1,ERROR-null-result,
1756893712416,NaN,-1,false,0,0,1,ERROR-null-result,
1756893717414,NaN,-1,false,0,0,1,ERROR-null-result,
1756893722419,NaN,-1,false,0,0,2,ERROR-null-result,
1756893727405,NaN,-1,false,0,0,1,ERROR-null-result,
1756893732416,NaN,-1,false,0,0,1,ERROR-null-result,
1756893737417,NaN,-1,false,0,0,1,ERROR-null-result,
1756893742416,NaN,-1,false,0,0,2,ERROR-null-result,
1756893747416,NaN,-1,false,0,0,1,ERROR-null-result,
1756893752426,NaN,-1,false,0,0,2,ERROR-null-result,
1756893757418,NaN,-1,false,0,0,2,ERROR-null-result,
1756893762409,NaN,-1,false,0,0,2,ERROR-null-result,
1756893767414,NaN,-1,false,0,0,2,ERROR-null-result,
1756893772410,NaN,-1,false,0,0,3,ERROR-null-result,
1756893777413,NaN,-1,false,0,0,3,ERROR-null-result,
1756893782403,NaN,-1,false,0,0,2,ERROR-null-result,
1756893787421,NaN,-1,false,0,0,3,ERROR-null-result,
1756893792406,NaN,-1,false,0,0,2,ERROR-null-result,
1756893797415,NaN,-1,false,0,0,1,ERROR-null-result,
1756893802415,NaN,-1,false,0,0,1,ERROR-null-result,
1756893807411,NaN,-1,false,0,0,3,ERROR-null-result,
1756893812422,NaN,-1,false,0,0,2,ERROR-null-result,
1756893817411,NaN,-1,false,0,0,2,ERROR-null-result,
1756893822410,NaN,-1,false,0,0,1,ERROR-null-result,
1756893827415,NaN,-1,false,0,0,2,ERROR-null-result,
1756893832404,NaN,-1,false,0,0,1,ERROR-null-result,
1756893837417,NaN,-1,false,0,0,2,ERROR-null-result,
1756893842415,NaN,-1,false,0,0,1,ERROR-null-result,
1756893847419,NaN,-1,false,0,0,3,ERROR-null-result,
1756893852413,NaN,-1,false,0,0,2,ERROR-null-result,
1756893857406,NaN,-1,false,0,0,2,ERROR-null-result,
1756893862417,NaN,-1,false,0,0,2,ERROR-null-result,
1756893867425,NaN,-1,false,0,0,2,ERROR-null-result,
1756893872420,NaN,-1,false,0,0,1,ERROR-null-result,
1756893877406,NaN,-1,false,0,0,3,ERROR-null-result,
1756893882423,NaN,-1,false,0,0,1,ERROR-null-result,
1756893887410,NaN,-1,false,0,0,1,ERROR-null-result,
1756893892404,NaN,-1,false,0,0,1,ERROR-null-result,
1756893897426,NaN,-1,false,0,0,1,ERROR-null-result,
1756893902425,NaN,-1,false,0,0,1,ERROR-null-result,
1756893907417,NaN,-1,false,0,0,4,ERROR-null-result,
1756893912421,NaN,-1,false,0,0,1,ERROR-null-result,
1756893917408,NaN,-1,false,0,0,2,ERROR-null-result,
1756893922407,NaN,-1,false,0,0,1,ERROR-null-result,
1756893927416,NaN,-1,false,0,0,1,ERROR-null-result,
1756893932416,NaN,-1,false,0,0,1,ERROR-null-result,
1756893937418,NaN,-1,false,0,0,2,ERROR-null-result,
1756893942416,NaN,-1,false,0,0,2,ERROR-null-result,
1756893947425,NaN,-1,false,0,0,2,ERROR-null-result,
1756893952414,NaN,-1,false,0,0,1,ERROR-null-result,
1756893957412,NaN,-1,false,0,0,2,ERROR-null-result,
1756893962420,NaN,-1,false,0,0,2,ERROR-null-result,
1756893967412,NaN,-1,false,0,0,1,ERROR-null-result,
1756893972406,NaN,-1,false,0,0,2,ERROR-null-result,
1756893977415,NaN,-1,false,0,0,1,ERROR-null-result,
1756893982424,NaN,-1,false,0,0,2,ERROR-null-result,
1756893987406,NaN,-1,false,0,0,2,ERROR-null-result,
1756893992416,NaN,-1,false,0,0,2,ERROR-null-result,
1756893997417,NaN,-1,false,0,0,1,ERROR-null-result,
1756894002428,NaN,-1,false,0,0,2,ERROR-null-result,
1756894007405,NaN,-1,false,0,0,1,ERROR-null-result,
1756894012421,NaN,-1,false,0,0,1,ERROR-null-result,
1756894017406,NaN,-1,false,0,0,2,ERROR-null-result,
1756894022418,NaN,-1,false,0,0,2,ERROR-null-result,
1756894027406,NaN,-1,false,0,0,1,ERROR-null-result,
1756894032425,NaN,-1,false,0,0,2,ERROR-null-result,
1756894037409,NaN,-1,false,0,0,2,ERROR-null-result,
1756894042421,NaN,-1,false,0,0,2,ERROR-null-result,
1756894047410,NaN,-1,false,0,0,1,ERROR-null-result,
1756894052407,NaN,-1,false,0,0,1,ERROR-null-result,
1756894057416,NaN,-1,false,0,0,1,ERROR-null-result,
1756894062418,NaN,-1,false,0,0,2,ERROR-null-result,
1756894067413,NaN,-1,false,0,0,2,ERROR-null-result,
1756894072427,NaN,-1,false,0,0,2,ERROR-null-result,
1756894077417,NaN,-1,false,0,0,2,ERROR-null-result,
1756894082413,NaN,-1,false,0,0,1,ERROR-null-result,
1756894087421,NaN,-1,false,0,0,2,ERROR-null-result,
1756894092411,NaN,-1,false,0,0,2,ERROR-null-result,
1756894097406,NaN,-1,false,0,0,2,ERROR-null-result,
1756894102422,NaN,-1,false,0,0,2,ERROR-null-result,
1756894107401,NaN,-1,false,0,0,1,ERROR-null-result,
1756894112415,NaN,-1,false,0,0,1,ERROR-null-result,
1756894117426,NaN,-1,false,0,0,2,ERROR-null-result,
1756894122420,NaN,-1,false,0,0,2,ERROR-null-result,
1756894127411,NaN,-1,false,0,0,1,ERROR-null-result,
1756894132416,NaN,-1,false,0,0,3,ERROR-null-result,
1756894137416,NaN,-1,false,0,0,2,ERROR-null-result,
1756894142424,NaN,-1,false,0,0,2,ERROR-null-result,
1756894147416,NaN,-1,false,0,0,3,ERROR-null-result,
1756894152415,NaN,-1,false,0,0,1,ERROR-null-result,
1756894157423,NaN,-1,false,0,0,1,ERROR-null-result,
1756894162413,NaN,-1,false,0,0,1,ERROR-null-result,
1756894167406,NaN,-1,false,0,0,1,ERROR-null-result,
1756894172423,NaN,-1,false,0,0,2,ERROR-null-result,
1756894177406,NaN,-1,false,0,0,1,ERROR-null-result,
1756894182418,NaN,-1,false,0,0,2,ERROR-null-result,
1756894187405,NaN,-1,false,0,0,2,ERROR-null-result,
1756894192415,NaN,-1,false,0,0,1,ERROR-null-result,
1756894197416,NaN,-1,false,0,0,2,ERROR-null-result,
1756894202416,NaN,-1,false,0,0,2,ERROR-null-result,
1756894207415,NaN,-1,false,0,0,1,ERROR-null-result,
1756894212416,NaN,-1,false,0,0,1,ERROR-null-result,
1756894217419,NaN,-1,false,0,0,1,ERROR-null-result,
1756894222404,NaN,-1,false,0,0,1,ERROR-null-result,
1756894227418,NaN,-1,false,0,0,2,ERROR-null-result,
1756894232404,NaN,-1,false,0,0,1,ERROR-null-result,
1756894237420,NaN,-1,false,0,0,1,ERROR-null-result,
1756894242409,NaN,-1,false,0,0,2,ERROR-null-result,
1756894247402,NaN,-1,false,0,0,1,ERROR-null-result,
1756894252426,NaN,-1,false,0,0,1,ERROR-null-result,
1756894257414,NaN,-1,false,0,0,1,ERROR-null-result,
1756894262410,NaN,-1,false,0,0,2,ERROR-null-result,
1756894267416,NaN,-1,false,0,0,2,ERROR-null-result,
1756894272419,NaN,-1,false,0,0,2,ERROR-null-result,
1756894277404,NaN,-1,false,0,0,1,ERROR-null-result,
1756894282422,NaN,-1,false,0,0,2,ERROR-null-result,
1756894287403,NaN,-1,false,0,0,2,ERROR-null-result,
1756894292419,NaN,-1,false,0,0,2,ERROR-null-result,
1756894297410,NaN,-1,false,0,0,3,ERROR-null-result,
1756894302405,NaN,-1,false,0,0,2,ERROR-null-result,
1756894307419,NaN,-1,false,0,0,2,ERROR-null-result,
1756894312410,NaN,-1,false,0,0,2,ERROR-null-result,
1756894317405,NaN,-1,false,0,0,1,ERROR-null-result,
1756894322423,NaN,-1,false,0,0,1,ERROR-null-result,
1756894327404,NaN,-1,false,0,0,1,ERROR-null-result,
1756894332419,NaN,-1,false,0,0,2,ERROR-null-result,
1756894337404,NaN,-1,false,0,0,2,ERROR-null-result,
1756894342416,NaN,-1,false,0,0,2,ERROR-null-result,
1756894347434,NaN,-1,false,0,0,3,ERROR-null-result,
1756894352403,NaN,-1,false,0,0,2,ERROR-null-result,
1756894357415,NaN,-1,false,0,0,2,ERROR-null-result,
1756894362420,NaN,-1,false,0,0,2,ERROR-null-result,
1756894367414,NaN,-1,false,0,0,2,ERROR-null-result,
1756894372408,NaN,-1,false,0,0,1,ERROR-null-result,
1756894377409,NaN,-1,false,0,0,2,ERROR-null-result,
1756894382410,NaN,-1,false,0,0,2,ERROR-null-result,
1756894387402,NaN,-1,false,0,0,2,ERROR-null-result,
1756894392415,NaN,-1,false,0,0,1,ERROR-null-result,
1756894397419,NaN,-1,false,0,0,2,ERROR-null-result,
1756894402402,NaN,-1,false,0,0,1,ERROR-null-result,
1756894407423,NaN,-1,false,0,0,2,ERROR-null-result,
1756894412414,NaN,-1,false,0,0,2,ERROR-null-result,
1756894417409,NaN,-1,false,0,0,1,ERROR-null-result,
1756894422406,NaN,-1,false,0,0,1,ERROR-null-result,
1756894427429,NaN,-1,false,0,0,2,ERROR-null-result,
1756894432410,NaN,-1,false,0,0,2,ERROR-null-result,
1756894437403,NaN,-1,false,0,0,1,ERROR-null-result,
1756894442419,NaN,-1,false,0,0,2,ERROR-null-result,
1756894447403,NaN,-1,false,0,0,1,ERROR-null-result,
1756894452419,NaN,-1,false,0,0,3,ERROR-null-result,
1756894457404,NaN,-1,false,0,0,1,ERROR-null-result,
1756894462416,NaN,-1,false,0,0,1,ERROR-null-result,
1756894467420,NaN,-1,false,0,0,2,ERROR-null-result,
1756894472410,NaN,-1,false,0,0,2,ERROR-null-result,
1756894477405,NaN,-1,false,0,0,2,ERROR-null-result,
1756894482420,NaN,-1,false,0,0,1,ERROR-null-result,
1756894487409,NaN,-1,false,0,0,2,ERROR-null-result,
1756894492418,NaN,-1,false,0,0,2,ERROR-null-result,
1756894497403,NaN,-1,false,0,0,2,ERROR-null-result,
1756894502417,NaN,-1,false,0,0,2,ERROR-null-result,
1756894507420,NaN,-1,false,0,0,2,ERROR-null-result,
1756894512406,NaN,-1,false,0,0,2,ERROR-null-result,
1756894517419,NaN,-1,false,0,0,2,ERROR-null-result,
1756894522406,NaN,-1,false,0,0,2,ERROR-null-result,
1756894527420,NaN,-1,false,0,0,2,ERROR-null-result,
1756894532403,NaN,-1,false,0,0,2,ERROR-null-result,
1756894537418,NaN,-1,false,0,0,1,ERROR-null-result,
1756894542405,NaN,-1,false,0,0,2,ERROR-null-result,
1756894547421,NaN,-1,false,0,0,2,ERROR-null-result,
1756894552403,NaN,-1,false,0,0,1,ERROR-null-result,
1756894557421,NaN,-1,false,0,0,2,ERROR-null-result,
1756894562414,NaN,-1,false,0,0,2,ERROR-null-result,
1756894567403,NaN,-1,false,0,0,2,ERROR-null-result,
1756894572418,NaN,-1,false,0,0,1,ERROR-null-result,
1756894577405,NaN,-1,false,0,0,1,ERROR-null-result,
1756894582419,NaN,-1,false,0,0,1,ERROR-null-result,
1756894587410,NaN,-1,false,0,0,2,ERROR-null-result,
1756894592405,NaN,-1,false,0,0,2,ERROR-null-result,
1756894597416,NaN,-1,false,0,0,2,ERROR-null-result,
1756894602419,NaN,-1,false,0,0,2,ERROR-null-result,
1756894607416,NaN,-1,false,0,0,2,ERROR-null-result,
1756894612418,NaN,-1,false,0,0,1,ERROR-null-result,
1756894617404,NaN,-1,false,0,0,1,ERROR-null-result,
1756894622425,NaN,-1,false,0,0,3,ERROR-null-result,
1756894627406,NaN,-1,false,0,0,2,ERROR-null-result,
1756894632416,NaN,-1,false,0,0,1,ERROR-null-result,
1756894637423,NaN,-1,false,0,0,1,ERROR-null-result,
1756894642404,NaN,-1,false,0,0,1,ERROR-null-result,
1756894647423,NaN,-1,false,0,0,2,ERROR-null-result,
1756894652403,NaN,-1,false,0,0,1,ERROR-null-result,
1756894657420,NaN,-1,false,0,0,2,ERROR-null-result,
1756894662414,NaN,-1,false,0,0,1,ERROR-null-result,
1756894667404,NaN,-1,false,0,0,2,ERROR-null-result,
1756894672429,NaN,-1,false,0,0,2,ERROR-null-result,
1756894677405,NaN,-1,false,0,0,1,ERROR-null-result,
1756894682424,NaN,-1,false,0,0,2,ERROR-null-result,
1756894687410,NaN,-1,false,0,0,3,ERROR-null-result,
1756894692407,NaN,-1,false,0,0,2,ERROR-null-result,
1756894697418,NaN,-1,false,0,0,2,ERROR-null-result,
1756894702405,NaN,-1,false,0,0,1,ERROR-null-result,
1756894707419,NaN,-1,false,0,0,1,ERROR-null-result,
1756894712418,NaN,-1,false,0,0,2,ERROR-null-result,
1756894717406,NaN,-1,false,0,0,1,ERROR-null-result,
1756894722416,NaN,-1,false,0,0,1,ERROR-null-result,
1756894727434,NaN,-1,false,0,0,3,ERROR-null-result,
1756894732416,NaN,-1,false,0,0,2,ERROR-null-result,
1756894737427,NaN,-1,false,0,0,1,ERROR-null-result,
1756894742436,NaN,-1,false,0,0,1,ERROR-null-result,
1756894747417,NaN,-1,false,0,0,1,ERROR-null-result,
1756894752421,NaN,-1,false,0,0,1,ERROR-null-result,
1756894757415,NaN,-1,false,0,0,2,ERROR-null-result,
1756894762407,NaN,-1,false,0,0,1,ERROR-null-result,
1756894767416,NaN,-1,false,0,0,2,ERROR-null-result,
1756894772425,NaN,-1,false,0,0,1,ERROR-null-result,
1756894777406,NaN,-1,false,0,0,1,ERROR-null-result,
1756894782415,NaN,-1,false,0,0,2,ERROR-null-result,
1756894787420,NaN,-1,false,0,0,1,ERROR-null-result,
1756894792414,NaN,-1,false,0,0,1,ERROR-null-result,
1756894797405,NaN,-1,false,0,0,1,ERROR-null-result,
1756894802415,NaN,-1,false,0,0,1,ERROR-null-result,
1756894807419,NaN,-1,false,0,0,1,ERROR-null-result,
1756894812417,NaN,-1,false,0,0,2,ERROR-null-result,
1756894817427,NaN,-1,false,0,0,1,ERROR-null-result,
1756894822420,NaN,-1,false,0,0,2,ERROR-null-result,
1756894827410,NaN,-1,false,0,0,1,ERROR-null-result,
1756894832402,NaN,-1,false,0,0,1,ERROR-null-result,
1756894837415,NaN,-1,false,0,0,1,ERROR-null-result,
1756894842420,NaN,-1,false,0,0,1,ERROR-null-result,
1756894847417,NaN,-1,false,0,0,2,ERROR-null-result,
1756894852425,NaN,-1,false,0,0,2,ERROR-null-result,
1756894857415,NaN,-1,false,0,0,1,ERROR-null-result,
1756894862409,NaN,-1,false,0,0,1,ERROR-null-result,
1756894867405,NaN,-1,false,0,0,1,ERROR-null-result,
1756894872416,NaN,-1,false,0,0,1,ERROR-null-result,
1756894877423,NaN,-1,false,0,0,1,ERROR-null-result,
1756894882413,NaN,-1,false,0,0,2,ERROR-null-result,
1756894887407,NaN,-1,false,0,0,2,ERROR-null-result,
1756894892418,NaN,-1,false,0,0,1,ERROR-null-result,
1756894897408,NaN,-1,false,0,0,2,ERROR-null-result,
1756894902406,NaN,-1,false,0,0,2,ERROR-null-result,
1756894907421,NaN,-1,false,0,0,1,ERROR-null-result,
1756894912403,NaN,-1,false,0,0,2,ERROR-null-result,
1756894917435,NaN,-1,false,0,0,1,ERROR-null-result,
1756894922405,NaN,-1,false,0,0,2,ERROR-null-result,
1756894927419,NaN,-1,false,0,0,1,ERROR-null-result,
1756894932406,NaN,-1,false,0,0,1,ERROR-null-result,
1756894937419,NaN,-1,false,0,0,2,ERROR-null-result,
1756894942405,NaN,-1,false,0,0,1,ERROR-null-result,
1756894947419,NaN,-1,false,0,0,1,ERROR-null-result,
1756894952414,NaN,-1,false,0,0,1,ERROR-null-result,
1756894957405,NaN,-1,false,0,0,1,ERROR-null-result,
1756894962418,NaN,-1,false,0,0,2,ERROR-null-result,
1756894967410,NaN,-1,false,0,0,2,ERROR-null-result,
1756894972407,NaN,-1,false,0,0,3,ERROR-null-result,
1756894977416,NaN,-1,false,0,0,2,ERROR-null-result,
1756894982420,NaN,-1,false,0,0,2,ERROR-null-result,
1756894987407,NaN,-1,false,0,0,3,ERROR-null-result,
1756894992424,NaN,-1,false,0,0,2,ERROR-null-result,
1756894997406,NaN,-1,false,0,0,2,ERROR-null-result,
1756895002419,NaN,-1,false,0,0,4,ERROR-null-result,
1756895007403,NaN,-1,false,0,0,2,ERROR-null-result,
1756895012429,NaN,-1,false,0,0,2,ERROR-null-result,
1756895017406,NaN,-1,false,0,0,3,ERROR-null-result,
1756895022421,NaN,-1,false,0,0,2,ERROR-null-result,
1756895027405,NaN,-1,false,0,0,4,ERROR-null-result,
1756895032419,NaN,-1,false,0,0,3,ERROR-null-result,
1756895037409,NaN,-1,false,0,0,2,ERROR-null-result,
1756895042404,NaN,-1,false,0,0,2,ERROR-null-result,
1756895047411,NaN,-1,false,0,0,1,ERROR-null-result,
1756895052420,NaN,-1,false,0,0,2,ERROR-null-result,
1756895057413,NaN,-1,false,0,0,1,ERROR-null-result,
1756895062407,NaN,-1,false,0,0,2,ERROR-null-result,
1756895067421,NaN,-1,false,0,0,3,ERROR-null-result,
1756895072405,NaN,-1,false,0,0,2,ERROR-null-result,
1756895077421,NaN,-1,false,0,0,2,ERROR-null-result,
1756895082410,NaN,-1,false,0,0,1,ERROR-null-result,
1756895087405,NaN,-1,false,0,0,2,ERROR-null-result,
1756895092416,NaN,-1,false,0,0,1,ERROR-null-result,
1756895097414,NaN,-1,false,0,0,1,ERROR-null-result,
1756895102419,NaN,-1,false,0,0,2,ERROR-null-result,
1756895107406,NaN,-1,false,0,0,1,ERROR-null-result,
1756895112419,NaN,-1,false,0,0,1,ERROR-null-result,
1756895117415,NaN,-1,false,0,0,3,ERROR-null-result,
1756895122415,NaN,-1,false,0,0,4,ERROR-null-result,
1756895127407,NaN,-1,false,0,0,3,ERROR-null-result,
1756895132416,NaN,-1,false,0,0,3,ERROR-null-result,
1756895137411,NaN,-1,false,0,0,1,ERROR-null-result,
1756895142419,NaN,-1,false,0,0,6,ERROR-null-result,
1756895147412,NaN,-1,false,0,0,2,ERROR-null-result,
1756895152406,NaN,-1,false,0,0,3,ERROR-null-result,
1756895157416,NaN,-1,false,0,0,2,ERROR-null-result,
1756895162424,NaN,-1,false,0,0,2,ERROR-null-result,
1756895167405,NaN,-1,false,0,0,1,ERROR-null-result,
1756895172412,NaN,-1,false,0,0,1,ERROR-null-result,
1756895177415,NaN,-1,false,0,0,1,ERROR-null-result,
1756895182421,NaN,-1,false,0,0,2,ERROR-null-result,
1756895187416,NaN,-1,false,0,0,1,ERROR-null-result,
1756895192411,NaN,-1,false,0,0,1,ERROR-null-result,
1756895197405,NaN,-1,false,0,0,2,ERROR-null-result,
1756895202420,NaN,-1,false,0,0,3,ERROR-null-result,
1756895207410,NaN,-1,false,0,0,2,ERROR-null-result,
1756895212405,NaN,-1,false,0,0,1,ERROR-null-result,
1756895217424,NaN,-1,false,0,0,2,ERROR-null-result,
1756895222401,NaN,-1,false,0,0,1,ERROR-null-result,
1756895227423,NaN,-1,false,0,0,4,ERROR-null-result,
1756895232404,NaN,-1,false,0,0,2,ERROR-null-result,
1756895237417,NaN,-1,false,0,0,1,ERROR-null-result,
1756895242424,NaN,-1,false,0,0,5,ERROR-null-result,
1756895247405,NaN,-1,false,0,0,2,ERROR-null-result,
1756895252419,NaN,-1,false,0,0,2,ERROR-null-result,
1756895257403,NaN,-1,false,0,0,2,ERROR-null-result,
1756895262416,NaN,-1,false,0,0,2,ERROR-null-result,
1756895267434,NaN,-1,false,0,0,1,ERROR-null-result,
1756895272406,NaN,-1,false,0,0,1,ERROR-null-result,
1756895277426,NaN,-1,false,0,0,1,ERROR-null-result,
1756895282419,NaN,-1,false,0,0,1,ERROR-null-result,
1756895287410,NaN,-1,false,0,0,1,ERROR-null-result,
1756895292405,NaN,-1,false,0,0,1,ERROR-null-result,
1756895297416,NaN,-1,false,0,0,1,ERROR-null-result,
1756895302419,NaN,-1,false,0,0,1,ERROR-null-result,
1756895307414,NaN,-1,false,0,0,1,ERROR-null-result,
1756895312404,NaN,-1,false,0,0,1,ERROR-null-result,
1756895317415,NaN,-1,false,0,0,1,ERROR-null-result,
1756895322420,NaN,-1,false,0,0,1,ERROR-null-result,
1756895327405,NaN,-1,false,0,0,2,ERROR-null-result,
1756895332415,NaN,-1,false,0,0,1,ERROR-null-result,
1756895337424,NaN,-1,false,0,0,2,ERROR-null-result,
1756895342406,NaN,-1,false,0,0,1,ERROR-null-result,
1756895347425,NaN,-1,false,0,0,2,ERROR-null-result,
1756895352418,NaN,-1,false,0,0,1,ERROR-null-result,
1756895357424,NaN,-1,false,0,0,2,ERROR-null-result,
1756895362406,NaN,-1,false,0,0,1,ERROR-null-result,
1756895367414,NaN,-1,false,0,0,1,ERROR-null-result,
1756895372419,NaN,-1,false,0,0,2,ERROR-null-result,
1756895377414,NaN,-1,false,0,0,2,ERROR-null-result,
1756895382408,NaN,-1,false,0,0,2,ERROR-null-result,
1756895387402,NaN,-1,false,0,0,1,ERROR-null-result,
1756895392425,NaN,-1,false,0,0,2,ERROR-null-result,
1756895397403,NaN,-1,false,0,0,1,ERROR-null-result,
1756895402412,NaN,-1,false,0,0,1,ERROR-null-result,
1756895407421,NaN,-1,false,0,0,2,ERROR-null-result,
1756895412414,NaN,-1,false,0,0,2,ERROR-null-result,
1756895417406,NaN,-1,false,0,0,1,ERROR-null-result,
1756895422415,NaN,-1,false,0,0,1,ERROR-null-result,
1756895427421,NaN,-1,false,0,0,1,ERROR-null-result,
1756895432417,NaN,-1,false,0,0,2,ERROR-null-result,
1756895437426,NaN,-1,false,0,0,2,ERROR-null-result,
1756895442418,NaN,-1,false,0,0,1,ERROR-null-result,
1756895447406,NaN,-1,false,0,0,2,ERROR-null-result,
1756895452418,NaN,-1,false,0,0,1,ERROR-null-result,
1756895457413,NaN,-1,false,0,0,1,ERROR-null-result,
1756895462406,NaN,-1,false,0,0,5,ERROR-null-result,
1756895467415,NaN,-1,false,0,0,1,ERROR-null-result,
1756895472425,NaN,-1,false,0,0,1,ERROR-null-result,
1756895477405,NaN,-1,false,0,0,1,ERROR-null-result,
1756895482413,NaN,-1,false,0,0,2,ERROR-null-result,
1756895487420,NaN,-1,false,0,0,2,ERROR-null-result,
1756895492415,NaN,-1,false,0,0,2,ERROR-null-result,
1756895497406,NaN,-1,false,0,0,2,ERROR-null-result,
1756895502420,NaN,-1,false,0,0,3,ERROR-null-result,
1756895507403,NaN,-1,false,0,0,2,ERROR-null-result,
1756895512420,NaN,-1,false,0,0,2,ERROR-null-result,
1756895517410,NaN,-1,false,0,0,2,ERROR-null-result,
1756895522404,NaN,-1,false,0,0,2,ERROR-null-result,
1756895527415,NaN,-1,false,0,0,2,ERROR-null-result,
1756895532420,NaN,-1,false,0,0,3,ERROR-null-result,
1756895537404,NaN,-1,false,0,0,2,ERROR-null-result,
1756895542420,NaN,-1,false,0,0,6,ERROR-null-result,
1756895547407,NaN,-1,false,0,0,2,ERROR-null-result,
1756895552427,NaN,-1,false,0,0,2,ERROR-null-result,
1756895557421,NaN,-1,false,0,0,2,ERROR-null-result,
1756895562408,NaN,-1,false,0,0,1,ERROR-null-result,
1756895567403,NaN,-1,false,0,0,2,ERROR-null-result,
1756895572415,NaN,-1,false,0,0,1,ERROR-null-result,
1756895577423,NaN,-1,false,0,0,3,ERROR-null-result,
1756895582406,NaN,-1,false,0,0,2,ERROR-null-result,
1756895587418,NaN,-1,false,0,0,2,ERROR-null-result,
1756895592406,NaN,-1,false,0,0,1,ERROR-null-result,
1756895597421,NaN,-1,false,0,0,3,ERROR-null-result,
1756895602414,NaN,-1,false,0,0,2,ERROR-null-result,
1756895607403,NaN,-1,false,0,0,1,ERROR-null-result,
1756895612422,NaN,-1,false,0,0,1,ERROR-null-result,
1756895617405,NaN,-1,false,0,0,1,ERROR-null-result,
1756895622422,NaN,-1,false,0,0,1,ERROR-null-result,
1756895627407,NaN,-1,false,0,0,1,ERROR-null-result,
1756895632420,NaN,-1,false,0,0,1,ERROR-null-result,
1756895637415,NaN,-1,false,0,0,1,ERROR-null-result,
1756895642409,NaN,-1,false,0,0,2,ERROR-null-result,
1756895647420,NaN,-1,false,0,0,2,ERROR-null-result,
1756895652403,NaN,-1,false,0,0,1,ERROR-null-result,
1756895657414,NaN,-1,false,0,0,1,ERROR-null-result,
1756895662423,NaN,-1,false,0,0,2,ERROR-null-result,
1756895667410,NaN,-1,false,0,0,2,ERROR-null-result,
1756895672406,NaN,-1,false,0,0,4,ERROR-null-result,
1756895677413,NaN,-1,false,0,0,1,ERROR-null-result,
1756895682421,NaN,-1,false,0,0,3,ERROR-null-result,
1756895687414,NaN,-1,false,0,0,1,ERROR-null-result,
1756895692404,NaN,-1,false,0,0,1,ERROR-null-result,
1756895697419,NaN,-1,false,0,0,1,ERROR-null-result,
1756895702420,NaN,-1,false,0,0,1,ERROR-null-result,
1756895707408,NaN,-1,false,0,0,4,ERROR-null-result,
1756895712420,NaN,-1,false,0,0,4,ERROR-null-result,
1756895725821,NaN,-1,false,0,0,3,ERROR-null-result,
1756895730817,NaN,-1,false,0,0,1,ERROR-null-result,
1756895735804,NaN,-1,false,0,0,2,ERROR-null-result,
1756895740810,NaN,-1,false,0,0,1,ERROR-null-result,
1756895745808,NaN,-1,false,0,0,2,ERROR-null-result,
1756895750812,NaN,-1,false,0,0,2,ERROR-null-result,
1756895755810,NaN,-1,false,0,0,2,ERROR-null-result,
1756895760825,NaN,-1,false,0,0,2,ERROR-null-result,
1756895765812,NaN,-1,false,0,0,2,ERROR-null-result,
1756895770793,NaN,-1,false,0,0,2,ERROR-null-result,
1756895775813,NaN,-1,false,0,0,2,ERROR-null-result,
1756895780802,NaN,-1,false,0,0,2,ERROR-null-result,
1756895785811,NaN,-1,false,0,0,2,ERROR-null-result,
1756895790808,NaN,-1,false,0,0,2,ERROR-null-result,
1756895795809,NaN,-1,false,0,0,1,ERROR-null-result,
1756895800806,NaN,-1,false,0,0,1,ERROR-null-result,
1756895805805,NaN,-1,false,0,0,2,ERROR-null-result,
1756895810803,NaN,-1,false,0,0,1,ERROR-null-result,
1756895815803,NaN,-1,false,0,0,1,ERROR-null-result,
1756895820802,NaN,-1,false,0,0,1,ERROR-null-result,
1756895825803,NaN,-1,false,0,0,1,ERROR-null-result,
1756895830805,NaN,-1,false,0,0,1,ERROR-null-result,
1756895835806,NaN,-1,false,0,0,2,ERROR-null-result,
1756895840803,NaN,-1,false,0,0,2,ERROR-null-result,
1756895845805,NaN,-1,false,0,0,2,ERROR-null-result,
1756895850805,NaN,-1,false,0,0,2,ERROR-null-result,
1756895855805,NaN,-1,false,0,0,2,ERROR-null-result,
1756895860805,NaN,-1,false,0,0,1,ERROR-null-result,
1756895865806,NaN,-1,false,0,0,1,ERROR-null-result,
1756895870808,NaN,-1,false,0,0,2,ERROR-null-result,
1756895875803,NaN,-1,false,0,0,2,ERROR-null-result,
1756895880806,NaN,-1,false,0,0,2,ERROR-null-result,
1756895885807,NaN,-1,false,0,0,1,ERROR-null-result,
1756895890802,NaN,-1,false,0,0,1,ERROR-null-result,
1756895895809,NaN,-1,false,0,0,1,ERROR-null-result,
1756895900810,NaN,-1,false,0,0,1,ERROR-null-result,
1756895905807,NaN,-1,false,0,0,2,ERROR-null-result,
1756895910819,NaN,-1,false,0,0,2,ERROR-null-result,
1756895915805,NaN,-1,false,0,0,1,ERROR-null-result,
1756895920805,NaN,-1,false,0,0,1,ERROR-null-result,
1756895925809,NaN,-1,false,0,0,2,ERROR-null-result,
1756895930803,NaN,-1,false,0,0,1,ERROR-null-result,
1756895935805,NaN,-1,false,0,0,1,ERROR-null-result,
1756895940803,NaN,-1,false,0,0,1,ERROR-null-result,
1756895945812,NaN,-1,false,0,0,2,ERROR-null-result,
1756895950796,NaN,-1,false,0,0,1,ERROR-null-result,
1756895955807,NaN,-1,false,0,0,1,ERROR-null-result,
1756895960805,NaN,-1,false,0,0,2,ERROR-null-result,
1756895965815,NaN,-1,false,0,0,1,ERROR-null-result,
1756895970805,NaN,-1,false,0,0,2,ERROR-null-result,
1756895975811,NaN,-1,false,0,0,1,ERROR-null-result,
1756895980793,NaN,-1,false,0,0,2,ERROR-null-result,
1756895985802,NaN,-1,false,0,0,1,ERROR-null-result,
1756895990803,NaN,-1,false,0,0,1,ERROR-null-result,
1756895995809,NaN,-1,false,0,0,2,ERROR-null-result,
1756896000806,NaN,-1,false,0,0,1,ERROR-null-result,
1756896005810,NaN,-1,false,0,0,2,ERROR-null-result,
1756896010807,NaN,-1,false,0,0,1,ERROR-null-result,
1756896015809,NaN,-1,false,0,0,1,ERROR-null-result,
1756896020810,NaN,-1,false,0,0,1,ERROR-null-result,
1756896025811,NaN,-1,false,0,0,1,ERROR-null-result,
1756896030809,NaN,-1,false,0,0,1,ERROR-null-result,
1756896035808,NaN,-1,false,0,0,1,ERROR-null-result,
1756896040810,NaN,-1,false,0,0,1,ERROR-null-result,
1756896045809,NaN,-1,false,0,0,2,ERROR-null-result,
1756896050809,NaN,-1,false,0,0,1,ERROR-null-result,
1756896055810,NaN,-1,false,0,0,2,ERROR-null-result,
1756896060809,NaN,-1,false,0,0,2,ERROR-null-result,
1756896065810,NaN,-1,false,0,0,1,ERROR-null-result,
1756896070810,NaN,-1,false,0,0,2,ERROR-null-result,
1756896075809,NaN,-1,false,0,0,1,ERROR-null-result,
1756896080810,NaN,-1,false,0,0,1,ERROR-null-result,
1756896085826,NaN,-1,false,0,0,2,ERROR-null-result,
1756896090810,NaN,-1,false,0,0,2,ERROR-null-result,
1756896095809,NaN,-1,false,0,0,1,ERROR-null-result,
1756896100809,NaN,-1,false,0,0,1,ERROR-null-result,
1756896105813,NaN,-1,false,0,0,1,ERROR-null-result,
1756896110810,NaN,-1,false,0,0,1,ERROR-null-result,
1756896115802,NaN,-1,false,0,0,1,ERROR-null-result,
1756896120809,NaN,-1,false,0,0,1,ERROR-null-result,
1756896125803,NaN,-1,false,0,0,1,ERROR-null-result,
1756896130809,NaN,-1,false,0,0,2,ERROR-null-result,
1756896135809,NaN,-1,false,0,0,3,ERROR-null-result,
1756896140816,NaN,-1,false,0,0,2,ERROR-null-result,
1756896145809,NaN,-1,false,0,0,2,ERROR-null-result,
1756896150809,NaN,-1,false,0,0,2,ERROR-null-result,
1756896155810,NaN,-1,false,0,0,2,ERROR-null-result,
1756896160809,NaN,-1,false,0,0,2,ERROR-null-result,
1756896165817,NaN,-1,false,0,0,2,ERROR-null-result,
1756896170810,NaN,-1,false,0,0,1,ERROR-null-result,
1756896175810,NaN,-1,false,0,0,1,ERROR-null-result,
1756896180810,NaN,-1,false,0,0,1,ERROR-null-result,
1756896185804,NaN,-1,false,0,0,2,ERROR-null-result,
1756896190812,NaN,-1,false,0,0,2,ERROR-null-result,
1756896195797,NaN,-1,false,0,0,1,ERROR-null-result,
1756896200803,NaN,-1,false,0,0,1,ERROR-null-result,
1756896205810,NaN,-1,false,0,0,2,ERROR-null-result,
1756896210806,NaN,-1,false,0,0,2,ERROR-null-result,
1756896215810,NaN,-1,false,0,0,1,ERROR-null-result,
1756896220805,NaN,-1,false,0,0,2,ERROR-null-result,
1756896225808,NaN,-1,false,0,0,2,ERROR-null-result,
1756896230811,NaN,-1,false,0,0,2,ERROR-null-result,
1756896235799,NaN,-1,false,0,0,2,ERROR-null-result,
1756896240811,NaN,-1,false,0,0,2,ERROR-null-result,
1756896245795,NaN,-1,false,0,0,2,ERROR-null-result,
1756896250803,NaN,-1,false,0,0,2,ERROR-null-result,
1756896255808,NaN,-1,false,0,0,3,ERROR-null-result,
1756896260802,NaN,-1,false,0,0,3,ERROR-null-result,
1756896265799,NaN,-1,false,0,0,2,ERROR-null-result,
1756896270809,NaN,-1,false,0,0,2,ERROR-null-result,
1756896275804,NaN,-1,false,0,0,1,ERROR-null-result,
1756896280812,NaN,-1,false,0,0,1,ERROR-null-result,
1756896285795,NaN,-1,false,0,0,2,ERROR-null-result,
1756896290811,NaN,-1,false,0,0,3,ERROR-null-result,
1756896295797,NaN,-1,false,0,0,1,ERROR-null-result,
1756896300800,NaN,-1,false,0,0,1,ERROR-null-result,
1756896305806,NaN,-1,false,0,0,2,ERROR-null-result,
1756896310811,NaN,-1,false,0,0,3,ERROR-null-result,
1756896315797,NaN,-1,false,0,0,1,ERROR-null-result,
1756896320798,NaN,-1,false,0,0,1,ERROR-null-result,
1756896325811,NaN,-1,false,0,0,1,ERROR-null-result,
1756896330812,NaN,-1,false,0,0,1,ERROR-null-result,
1756896335788,NaN,-1,false,0,0,2,ERROR-null-result,
1756896340806,NaN,-1,false,0,0,3,ERROR-null-result,
1756896345803,NaN,-1,false,0,0,1,ERROR-null-result,
1756896350814,NaN,-1,false,0,0,3,ERROR-null-result,
1756896355807,NaN,-1,false,0,0,2,ERROR-null-result,
1756896360800,NaN,-1,false,0,0,1,ERROR-null-result,
1756896365812,NaN,-1,false,0,0,2,ERROR-null-result,
1756896370796,NaN,-1,false,0,0,4,ERROR-null-result,
1756896375802,NaN,-1,false,0,0,1,ERROR-null-result,
1756896380799,NaN,-1,false,0,0,1,ERROR-null-result,
1756896385810,NaN,-1,false,0,0,2,ERROR-null-result,
1756896390799,NaN,-1,false,0,0,1,ERROR-null-result,
1756896395803,NaN,-1,false,0,0,1,ERROR-null-result,
1756896400807,NaN,-1,false,0,0,2,ERROR-null-result,
1756896405813,NaN,-1,false,0,0,3,ERROR-null-result,
1756896410808,NaN,-1,false,0,0,2,ERROR-null-result,
1756896415803,NaN,-1,false,0,0,2,ERROR-null-result,
1756896420809,NaN,-1,false,0,0,2,ERROR-null-result,
1756896425813,NaN,-1,false,0,0,2,ERROR-null-result,
1756896430811,NaN,-1,false,0,0,2,ERROR-null-result,
1756896435797,NaN,-1,false,0,0,2,ERROR-null-result,
1756896440804,NaN,-1,false,0,0,2,ERROR-null-result,
1756896445807,NaN,-1,false,0,0,2,ERROR-null-result,
1756896450802,NaN,-1,false,0,0,1,ERROR-null-result,
1756896455803,NaN,-1,false,0,0,3,ERROR-null-result,
1756896460810,NaN,-1,false,0,0,2,ERROR-null-result,
1756896465812,NaN,-1,false,0,0,2,ERROR-null-result,
1756896470792,NaN,-1,false,0,0,2,ERROR-null-result,
1756896475808,NaN,-1,false,0,0,2,ERROR-null-result,
1756896480806,NaN,-1,false,0,0,1,ERROR-null-result,
1756896485813,NaN,-1,false,0,0,2,ERROR-null-result,
1756896490810,NaN,-1,false,0,0,1,ERROR-null-result,
1756896495813,NaN,-1,false,0,0,2,ERROR-null-result,
1756896500811,NaN,-1,false,0,0,2,ERROR-null-result,
1756896505793,NaN,-1,false,0,0,1,ERROR-null-result,
1756896510799,NaN,-1,false,0,0,1,ERROR-null-result,
1756896515811,NaN,-1,false,0,0,2,ERROR-null-result,
1756896520797,NaN,-1,false,0,0,2,ERROR-null-result,
1756896525802,NaN,-1,false,0,0,1,ERROR-null-result,
1756896530813,NaN,-1,false,0,0,2,ERROR-null-result,
1756896535814,NaN,-1,false,0,0,4,ERROR-null-result,
1756896540810,NaN,-1,false,0,0,1,ERROR-null-result,
1756896545810,NaN,-1,false,0,0,3,ERROR-null-result,
1756896550810,NaN,-1,false,0,0,3,ERROR-null-result,
1756896555824,NaN,-1,false,0,0,1,ERROR-null-result,
1756896560813,NaN,-1,false,0,0,1,ERROR-null-result,
1756896565806,NaN,-1,false,0,0,2,ERROR-null-result,
1756896570807,NaN,-1,false,0,0,2,ERROR-null-result,
1756896575807,NaN,-1,false,0,0,2,ERROR-null-result,
1756896580811,NaN,-1,false,0,0,2,ERROR-null-result,
1756896585796,NaN,-1,false,0,0,1,ERROR-null-result,
1756896590808,NaN,-1,false,0,0,2,ERROR-null-result,
1756896595803,NaN,-1,false,0,0,3,ERROR-null-result,
1756896600810,NaN,-1,false,0,0,2,ERROR-null-result,
1756896605807,NaN,-1,false,0,0,2,ERROR-null-result,
1756896610812,NaN,-1,false,0,0,1,ERROR-null-result,
1756896615798,NaN,-1,false,0,0,2,ERROR-null-result,
1756896620801,NaN,-1,false,0,0,2,ERROR-null-result,
1756896625811,NaN,-1,false,0,0,2,ERROR-null-result,
1756896630795,NaN,-1,false,0,0,1,ERROR-null-result,
1756896635804,NaN,-1,false,0,0,1,ERROR-null-result,
1756896640807,NaN,-1,false,0,0,1,ERROR-null-result,
1756896645810,NaN,-1,false,0,0,4,ERROR-null-result,
1756896650809,NaN,-1,false,0,0,1,ERROR-null-result,
1756896655801,NaN,-1,false,0,0,2,ERROR-null-result,
1756896660800,NaN,-1,false,0,0,1,ERROR-null-result,
1756896665802,NaN,-1,false,0,0,2,ERROR-null-result,
1756896670811,NaN,-1,false,0,0,3,ERROR-null-result,
1756896675796,NaN,-1,false,0,0,1,ERROR-null-result,
1756896680811,NaN,-1,false,0,0,6,ERROR-null-result,
1756896685794,NaN,-1,false,0,0,1,ERROR-null-result,
1756896690801,NaN,-1,false,0,0,1,ERROR-null-result,
1756896695810,NaN,-1,false,0,0,2,ERROR-null-result,
1756896700800,NaN,-1,false,0,0,1,ERROR-null-result,
1756896705810,NaN,-1,false,0,0,2,ERROR-null-result,
1756896710807,NaN,-1,false,0,0,2,ERROR-null-result,
1756896715810,NaN,-1,false,0,0,2,ERROR-null-result,
1756896720809,NaN,-1,false,0,0,3,ERROR-null-result,
1756896725813,NaN,-1,false,0,0,3,ERROR-null-result,
1756896730809,NaN,-1,false,0,0,3,ERROR-null-result,
1756896735811,NaN,-1,false,0,0,2,ERROR-null-result,
1756896740793,NaN,-1,false,0,0,3,ERROR-null-result,
1756896745802,NaN,-1,false,0,0,1,ERROR-null-result,
1756896750800,NaN,-1,false,0,0,2,ERROR-null-result,
1756896755824,NaN,-1,false,0,0,1,ERROR-null-result,
1756896760812,NaN,-1,false,0,0,2,ERROR-null-result,
1756896765796,NaN,-1,false,0,0,1,ERROR-null-result,
1756896770809,NaN,-1,false,0,0,1,ERROR-null-result,
1756896775810,NaN,-1,false,0,0,3,ERROR-null-result,
1756896780809,NaN,-1,false,0,0,1,ERROR-null-result,
1756896785811,NaN,-1,false,0,0,2,ERROR-null-result,
1756896790796,NaN,-1,false,0,0,2,ERROR-null-result,
1756896795802,NaN,-1,false,0,0,2,ERROR-null-result,
1756896800810,NaN,-1,false,0,0,1,ERROR-null-result,
1756896805806,NaN,-1,false,0,0,3,ERROR-null-result,
1756896810806,NaN,-1,false,0,0,1,ERROR-null-result,
1756896815804,NaN,-1,false,0,0,1,ERROR-null-result,
1756896820805,NaN,-1,false,0,0,1,ERROR-null-result,
1756896840590,NaN,-1,false,0,0,3,ERROR-null-result,
1756896845554,NaN,-1,false,0,0,1,ERROR-null-result,
1756896850554,NaN,-1,false,0,0,1,ERROR-null-result,
1756896855552,NaN,-1,false,0,0,1,ERROR-null-result,
1756896860553,NaN,-1,false,0,0,1,ERROR-null-result,
1756896865559,NaN,-1,false,0,0,2,ERROR-null-result,
1756896870543,NaN,-1,false,0,0,1,ERROR-null-result,
1756896875559,NaN,-1,false,0,0,1,ERROR-null-result,
1756896880542,NaN,-1,false,0,0,2,ERROR-null-result,
1756896885552,NaN,-1,false,0,0,1,ERROR-null-result,
1756896890558,NaN,-1,false,0,0,3,ERROR-null-result,
1756896895552,NaN,-1,false,0,0,2,ERROR-null-result,
1756896900545,NaN,-1,false,0,0,2,ERROR-null-result,
1756896905552,NaN,-1,false,0,0,5,ERROR-null-result,
1756896910552,NaN,-1,false,0,0,1,ERROR-null-result,
1756896915556,NaN,-1,false,0,0,3,ERROR-null-result,
1756896920555,NaN,-1,false,0,0,1,ERROR-null-result,
1756896925556,NaN,-1,false,0,0,1,ERROR-null-result,
1756896930552,NaN,-1,false,0,0,2,ERROR-null-result,
1756896935553,NaN,-1,false,0,0,2,ERROR-null-result,
1756896940553,NaN,-1,false,0,0,1,ERROR-null-result,
1756896945561,NaN,-1,false,0,0,2,ERROR-null-result,
1756896950547,NaN,-1,false,0,0,1,ERROR-null-result,
1756896955545,NaN,-1,false,0,0,1,ERROR-null-result,
1756896960555,NaN,-1,false,0,0,2,ERROR-null-result,
1756896965552,NaN,-1,false,0,0,2,ERROR-null-result,
1756896970558,NaN,-1,false,0,0,1,ERROR-null-result,
1756896975545,NaN,-1,false,0,0,1,ERROR-null-result,
1756896980553,NaN,-1,false,0,0,1,ERROR-null-result,
1756896985552,NaN,-1,false,0,0,2,ERROR-null-result,
1756896990561,NaN,-1,false,0,0,2,ERROR-null-result,
1756896995544,NaN,-1,false,0,0,1,ERROR-null-result,
1756897000552,NaN,-1,false,0,0,1,ERROR-null-result,
1756897005561,NaN,-1,false,0,0,2,ERROR-null-result,
1756897010544,NaN,-1,false,0,0,2,ERROR-null-result,
1756897015561,NaN,-1,false,0,0,2,ERROR-null-result,
1756897020546,NaN,-1,false,0,0,2,ERROR-null-result,
1756897025560,NaN,-1,false,0,0,1,ERROR-null-result,
1756897030544,NaN,-1,false,0,0,1,ERROR-null-result,
1756897035552,NaN,-1,false,0,0,1,ERROR-null-result,
1756897040557,NaN,-1,false,0,0,3,ERROR-null-result,
1756897045551,NaN,-1,false,0,0,2,ERROR-null-result,
1756897050544,NaN,-1,false,0,0,2,ERROR-null-result,
1756897055555,NaN,-1,false,0,0,2,ERROR-null-result,
1756897060563,NaN,-1,false,0,0,2,ERROR-null-result,
1756897065553,NaN,-1,false,0,0,3,ERROR-null-result,
1756897070576,NaN,-1,false,0,0,3,ERROR-null-result,
1756897075558,NaN,-1,false,0,0,2,ERROR-null-result,
1756897080545,NaN,-1,false,0,0,2,ERROR-null-result,
1756897085553,NaN,-1,false,0,0,2,ERROR-null-result,
1756897090556,NaN,-1,false,0,0,2,ERROR-null-result,
1756897095561,NaN,-1,false,0,0,2,ERROR-null-result,
1756897100541,NaN,-1,false,0,0,1,ERROR-null-result,
1756897105558,NaN,-1,false,0,0,1,ERROR-null-result,
1756897110542,NaN,-1,false,0,0,2,ERROR-null-result,
1756897115566,NaN,-1,false,0,0,1,ERROR-null-result,
1756897120557,NaN,-1,false,0,0,2,ERROR-null-result,
1756897125552,NaN,-1,false,0,0,2,ERROR-null-result,
1756897130556,NaN,-1,false,0,0,2,ERROR-null-result,
1756897135552,NaN,-1,false,0,0,1,ERROR-null-result,
1756897140563,NaN,-1,false,0,0,2,ERROR-null-result,
1756897145554,NaN,-1,false,0,0,2,ERROR-null-result,
1756897150558,NaN,-1,false,0,0,1,ERROR-null-result,
1756897155545,NaN,-1,false,0,0,2,ERROR-null-result,
1756897160560,NaN,-1,false,0,0,2,ERROR-null-result,
1756897165547,NaN,-1,false,0,0,1,ERROR-null-result,
1756897170544,NaN,-1,false,0,0,1,ERROR-null-result,
1756897175559,NaN,-1,false,0,0,1,ERROR-null-result,
1756897180542,NaN,-1,false,0,0,2,ERROR-null-result,
1756897185564,NaN,-1,false,0,0,1,ERROR-null-result,
1756897190560,NaN,-1,false,0,0,1,ERROR-null-result,
1756897195545,NaN,-1,false,0,0,1,ERROR-null-result,
1756897200559,NaN,-1,false,0,0,2,ERROR-null-result,
1756897205545,NaN,-1,false,0,0,1,ERROR-null-result,
1756897210560,NaN,-1,false,0,0,2,ERROR-null-result,
1756897215560,NaN,-1,false,0,0,2,ERROR-null-result,
1756897220545,NaN,-1,false,0,0,1,ERROR-null-result,
1756897225559,NaN,-1,false,0,0,1,ERROR-null-result,
1756897230543,NaN,-1,false,0,0,1,ERROR-null-result,
1756897235559,NaN,-1,false,0,0,2,ERROR-null-result,
1756897240541,NaN,-1,false,0,0,1,ERROR-null-result,
1756897245553,NaN,-1,false,0,0,1,ERROR-null-result,
1756897250559,NaN,-1,false,0,0,2,ERROR-null-result,
1756897255542,NaN,-1,false,0,0,1,ERROR-null-result,
1756897260558,NaN,-1,false,0,0,2,ERROR-null-result,
1756897265544,NaN,-1,false,0,0,2,ERROR-null-result,
1756897270548,NaN,-1,false,0,0,2,ERROR-null-result,
1756897275559,NaN,-1,false,0,0,2,ERROR-null-result,
1756897280543,NaN,-1,false,0,0,3,ERROR-null-result,
1756897285560,NaN,-1,false,0,0,3,ERROR-null-result,
1756897290559,NaN,-1,false,0,0,1595,ERROR-null-result,
1756897295548,NaN,-1,false,0,0,3,ERROR-null-result,
1756899350657,NaN,-1,false,0,0,343,ERROR-null-result,
1756899351000,NaN,-1,false,0,0,24,ERROR-null-result,
1756899351041,NaN,-1,false,0,0,1,ERROR-null-result,
1756899351046,NaN,-1,false,0,0,1,ERROR-null-result,
1756899351386,NaN,-1,false,0,0,219,ERROR-null-result,
1756899351778,NaN,-1,false,0,0,4,ERROR-null-result,
1756899351789,NaN,-1,false,0,0,153,ERROR-null-result,
1756899351944,NaN,-1,false,0,0,5,ERROR-null-result,
1756899351951,NaN,-1,false,0,0,13,ERROR-null-result,
1756899351975,NaN,-1,false,0,0,6,ERROR-null-result,
1756899351990,NaN,-1,false,0,0,7,ERROR-null-result,
1756899352004,NaN,-1,false,0,0,15,ERROR-null-result,
1756899352021,NaN,-1,false,0,0,13,ERROR-null-result,
1756899352037,NaN,-1,false,0,0,6,ERROR-null-result,
1756899352049,NaN,-1,false,0,0,5,ERROR-null-result,
1756899352056,NaN,-1,false,0,0,8,ERROR-null-result,
1756899352065,NaN,-1,false,0,0,5,ERROR-null-result,
1756899352072,NaN,-1,false,0,0,11,ERROR-null-result,
1756899352095,NaN,-1,false,0,0,4,ERROR-null-result,
1756899352102,NaN,-1,false,0,0,12,ERROR-null-result,
1756899352116,NaN,-1,false,0,0,11,ERROR-null-result,
1756899352129,NaN,-1,false,0,0,3,ERROR-null-result,
1756899352137,NaN,-1,false,0,0,6,ERROR-null-result,
1756899352148,NaN,-1,false,0,0,14,ERROR-null-result,
1756899352164,NaN,-1,false,0,0,7,ERROR-null-result,
1756899352173,NaN,-1,false,0,0,1,ERROR-null-result,
1756899352178,NaN,-1,false,0,0,13,ERROR-null-result,
1756899352193,NaN,-1,false,0,0,11,ERROR-null-result,
1756899352206,NaN,-1,false,0,0,10,ERROR-null-result,
1756899352220,NaN,-1,false,0,0,7,ERROR-null-result,
1756899352229,NaN,-1,false,0,0,4,ERROR-null-result,
1756899352235,NaN,-1,false,0,0,12,ERROR-null-result,
1756899352249,NaN,-1,false,0,0,3,ERROR-null-result,
1756899352257,NaN,-1,false,0,0,3,ERROR-null-result,
1756899352264,NaN,-1,false,0,0,4,ERROR-null-result,
1756899352270,NaN,-1,false,0,0,11,ERROR-null-result,
1756899352284,NaN,-1,false,0,0,10,ERROR-null-result,
1756899352297,NaN,-1,false,0,0,8,ERROR-null-result,
1756899352307,NaN,-1,false,0,0,2,ERROR-null-result,
1756899352312,NaN,-1,false,0,0,1,ERROR-null-result,
1756899352320,NaN,-1,false,0,0,4,ERROR-null-result,
1756899352326,NaN,-1,false,0,0,2,ERROR-null-result,
1756899352339,NaN,-1,false,0,0,2,ERROR-null-result,
1756899352344,NaN,-1,false,0,0,8,ERROR-null-result,
1756899352354,NaN,-1,false,0,0,3,ERROR-null-result,
1756899352359,NaN,-1,false,0,0,11,ERROR-null-result,
1756899352371,NaN,-1,false,0,0,2,ERROR-null-result,
1756899352382,NaN,-1,false,0,0,3,ERROR-null-result,
1756899352386,NaN,-1,false,0,0,11,ERROR-null-result,
1756899352400,NaN,-1,false,0,0,2,ERROR-null-result,
1756899352405,NaN,-1,false,0,0,9,ERROR-null-result,
1756899352416,NaN,-1,false,0,0,2,ERROR-null-result,
1756899352426,NaN,-1,false,0,0,2,ERROR-null-result,
1756899352432,NaN,-1,false,0,0,3,ERROR-null-result,
1756899352441,NaN,-1,false,0,0,3,ERROR-null-result,
1756899352445,NaN,-1,false,0,0,1,ERROR-null-result,
1756899352449,NaN,-1,false,0,0,7,ERROR-null-result,
1756899352460,NaN,-1,false,0,0,1,ERROR-null-result,
1756899352464,NaN,-1,false,0,0,6,ERROR-null-result,
1756899352473,NaN,-1,false,0,0,1,ERROR-null-result,
1756899352479,NaN,-1,false,0,0,7,ERROR-null-result,
1756899352489,NaN,-1,false,0,0,3,ERROR-null-result,
1756899352493,NaN,-1,false,0,0,7,ERROR-null-result,
1756899352503,NaN,-1,false,0,0,3,ERROR-null-result,
1756899352508,NaN,-1,false,0,0,1,ERROR-null-result,
1756899352519,NaN,-1,false,0,0,3,ERROR-null-result,
1756899352523,NaN,-1,false,0,0,1,ERROR-null-result,
1756899352533,NaN,-1,false,0,0,1,ERROR-null-result,
1756899352537,NaN,-1,false,0,0,8,ERROR-null-result,
1756899352547,NaN,-1,false,0,0,1,ERROR-null-result,
1756899352552,NaN,-1,false,0,0,3,ERROR-null-result,
1756899352558,NaN,-1,false,0,0,6,ERROR-null-result,
1756899352567,NaN,-1,false,0,0,3,ERROR-null-result,
1756899352573,NaN,-1,false,0,0,8,ERROR-null-result,
1756899352583,NaN,-1,false,0,0,1,ERROR-null-result,
1756899352593,NaN,-1,false,0,0,5,ERROR-null-result,
1756899352601,NaN,-1,false,0,0,26,ERROR-null-result,
1756899352630,NaN,-1,false,0,0,16,ERROR-null-result,
1756899352648,NaN,-1,false,0,0,24,ERROR-null-result,
1756899352674,NaN,-1,false,0,0,11,ERROR-null-result,
1756899352689,NaN,-1,false,0,0,17,ERROR-null-result,
1756899352713,NaN,-1,false,0,0,17,ERROR-null-result,
1756899352731,NaN,-1,false,0,0,4,ERROR-null-result,
1756899352739,NaN,-1,false,0,0,17,ERROR-null-result,
1756899352759,NaN,-1,false,0,0,6,ERROR-null-result,
1756899352767,NaN,-1,false,0,0,12,ERROR-null-result,
1756899352780,NaN,-1,false,0,0,13,ERROR-null-result,
1756899352797,NaN,-1,false,0,0,5,ERROR-null-result,
1756899352806,NaN,-1,false,0,0,5,ERROR-null-result,
1756899352812,NaN,-1,false,0,0,14,ERROR-null-result,
1756899352829,NaN,-1,false,0,0,4,ERROR-null-result,
1756899352835,NaN,-1,false,0,0,4,ERROR-null-result,
1756899352847,NaN,-1,false,0,0,12,ERROR-null-result,
1756899352864,NaN,-1,false,0,0,3,ERROR-null-result,
1756899352870,NaN,-1,false,0,0,2,ERROR-null-result,
1756899352884,NaN,-1,false,0,0,4,ERROR-null-result,
1756899352897,NaN,-1,false,0,0,4,ERROR-null-result,
1756899352903,NaN,-1,false,0,0,15,ERROR-null-result,
1756899352919,NaN,-1,false,0,0,4,ERROR-null-result,
1756899352924,NaN,-1,false,0,0,3,ERROR-null-result,
1756899352930,NaN,-1,false,0,0,4,ERROR-null-result,
1756899352935,NaN,-1,false,0,0,10,ERROR-null-result,
1756899352960,NaN,-1,false,0,0,4,ERROR-null-result,
1756899352983,NaN,-1,false,0,0,9,ERROR-null-result,
1756899352995,NaN,-1,false,0,0,11,ERROR-null-result,
1756899353007,NaN,-1,false,0,0,14,ERROR-null-result,
1756899353023,NaN,-1,false,0,0,12,ERROR-null-result,
1756899353037,NaN,-1,false,0,0,3,ERROR-null-result,
1756899353043,NaN,-1,false,0,0,27,ERROR-null-result,
1756899353076,NaN,-1,false,0,0,20,ERROR-null-result,
1756899353100,NaN,-1,false,0,0,12,ERROR-null-result,
1756899353115,NaN,-1,false,0,0,11,ERROR-null-result,
1756899353128,NaN,-1,false,0,0,2,ERROR-null-result,
1756899353134,NaN,-1,false,0,0,7,ERROR-null-result,
1756899353144,NaN,-1,false,0,0,14,ERROR-null-result,
1756899353161,NaN,-1,false,0,0,5,ERROR-null-result,
1756899353171,NaN,-1,false,0,0,6,ERROR-null-result,
1756899353179,NaN,-1,false,0,0,9,ERROR-null-result,
1756899353192,NaN,-1,false,0,0,15,ERROR-null-result,
1756899353212,NaN,-1,false,0,0,6,ERROR-null-result,
1756899353220,NaN,-1,false,0,0,4,ERROR-null-result,
1756899353226,NaN,-1,false,0,0,26,ERROR-null-result,
1756899353258,NaN,-1,false,0,0,9,ERROR-null-result,
1756899353275,NaN,-1,false,0,0,7,ERROR-null-result,
1756899353284,NaN,-1,false,0,0,14,ERROR-null-result,
1756899353302,NaN,-1,false,0,0,19,ERROR-null-result,
1756899353323,NaN,-1,false,0,0,4,ERROR-null-result,
1756899353329,NaN,-1,false,0,0,13,ERROR-null-result,
1756899353343,NaN,-1,false,0,0,7,ERROR-null-result,
1756899353352,NaN,-1,false,0,0,7,ERROR-null-result,
1756899353360,NaN,-1,false,0,0,14,ERROR-null-result,
1756899353378,NaN,-1,false,0,0,5,ERROR-null-result,
1756899353385,NaN,-1,false,0,0,2,ERROR-null-result,
1756899353390,NaN,-1,false,0,0,14,ERROR-null-result,
1756899353408,NaN,-1,false,0,0,6,ERROR-null-result,
1756899353416,NaN,-1,false,0,0,4,ERROR-null-result,
1756899353422,NaN,-1,false,0,0,10,ERROR-null-result,
1756899353433,NaN,-1,false,0,0,2,ERROR-null-result,
1756899353447,NaN,-1,false,0,0,2,ERROR-null-result,
1756899353459,NaN,-1,false,0,0,4,ERROR-null-result,
1756899353475,NaN,-1,false,0,0,2,ERROR-null-result,
1756899353481,NaN,-1,false,0,0,10,ERROR-null-result,
1756899353494,NaN,-1,false,0,0,24,ERROR-null-result,
1756899353540,NaN,-1,false,0,0,7,ERROR-null-result,
1756899353553,NaN,-1,false,0,0,5,ERROR-null-result,
1756899353566,NaN,-1,false,0,0,6,ERROR-null-result,
1756899353584,NaN,-1,false,0,0,12,ERROR-null-result,
1756899353601,NaN,-1,false,0,0,13,ERROR-null-result,
1756899353616,NaN,-1,false,0,0,7,ERROR-null-result,
1756899353625,NaN,-1,false,0,0,2,ERROR-null-result,
1756899353631,NaN,-1,false,0,0,2,ERROR-null-result,
1756899353645,NaN,-1,false,0,0,10,ERROR-null-result,
1756899353656,NaN,-1,false,0,0,3,ERROR-null-result,
1756899353660,NaN,-1,false,0,0,14,ERROR-null-result,
1756899353677,NaN,-1,false,0,0,11,ERROR-null-result,
1756899353689,NaN,-1,false,0,0,2,ERROR-null-result,
1756899353702,NaN,-1,false,0,0,17,ERROR-null-result,
1756899353741,NaN,-1,false,0,0,8,ERROR-null-result,
1756899353752,NaN,-1,false,0,0,15,ERROR-null-result,
1756899353770,NaN,-1,false,0,0,2,ERROR-null-result,
1756899353777,NaN,-1,false,0,0,5,ERROR-null-result,
1756899353783,NaN,-1,false,0,0,16,ERROR-null-result,
1756899353806,NaN,-1,false,0,0,6,ERROR-null-result,
1756899353814,NaN,-1,false,0,0,10,ERROR-null-result,
1756899353825,NaN,-1,false,0,0,11,ERROR-null-result,
1756899353838,NaN,-1,false,0,0,4,ERROR-null-result,
1756899353857,NaN,-1,false,0,0,2,ERROR-null-result,
1756899353866,NaN,-1,false,0,0,3,ERROR-null-result,
1756899353873,NaN,-1,false,0,0,8,ERROR-null-result,
1756899353887,NaN,-1,false,0,0,6,ERROR-null-result,
1756899353899,NaN,-1,false,0,0,2,ERROR-null-result,
1756899353909,NaN,-1,false,0,0,1,ERROR-null-result,
1756899353916,NaN,-1,false,0,0,2,ERROR-null-result,
1756899353928,NaN,-1,false,0,0,3,ERROR-null-result,
1756899353935,NaN,-1,false,0,0,7,ERROR-null-result,
1756899353945,NaN,-1,false,0,0,2,ERROR-null-result,
1756899353952,NaN,-1,false,0,0,5,ERROR-null-result,
1756899353960,NaN,-1,false,0,0,1,ERROR-null-result,
1756899353965,NaN,-1,false,0,0,5,ERROR-null-result,
1756899353974,NaN,-1,false,0,0,2,ERROR-null-result,
1756899353980,NaN,-1,false,0,0,23,ERROR-null-result,
1756899354005,NaN,-1,false,0,0,1,ERROR-null-result,
1756899354014,NaN,-1,false,0,0,8,ERROR-null-result,
1756899354027,NaN,-1,false,0,0,7,ERROR-null-result,
1756899354045,NaN,-1,false,0,0,13,ERROR-null-result,
1756899354084,NaN,-1,false,0,0,14,ERROR-null-result,
1756899354103,NaN,-1,false,0,0,5,ERROR-null-result,
1756899354113,NaN,-1,false,0,0,2,ERROR-null-result,
1756899354126,NaN,-1,false,0,0,2,ERROR-null-result,
1756899354132,NaN,-1,false,0,0,6,ERROR-null-result,
1756899354141,NaN,-1,false,0,0,2,ERROR-null-result,
1756899354148,NaN,-1,false,0,0,6,ERROR-null-result,
1756899354157,NaN,-1,false,0,0,2,ERROR-null-result,
1756899354163,NaN,-1,false,0,0,7,ERROR-null-result,
1756899354173,NaN,-1,false,0,0,2,ERROR-null-result,
1756899354189,NaN,-1,false,0,0,1,ERROR-null-result,
1756899354195,NaN,-1,false,0,0,2,ERROR-null-result,
1756899354200,NaN,-1,false,0,0,1,ERROR-null-result,
1756899354206,NaN,-1,false,0,0,9,ERROR-null-result,
1756899354219,NaN,-1,false,0,0,1,ERROR-null-result,
1756899354229,NaN,-1,false,0,0,2,ERROR-null-result,
1756899354234,NaN,-1,false,0,0,2,ERROR-null-result,
1756899354246,NaN,-1,false,0,0,2,ERROR-null-result,
1756899354253,NaN,-1,false,0,0,2,ERROR-null-result,
1756899354258,NaN,-1,false,0,0,1,ERROR-null-result,
1756899354261,NaN,-1,false,0,0,2,ERROR-null-result,
1756899354266,NaN,-1,false,0,0,1,ERROR-null-result,
1756899354277,NaN,-1,false,0,0,3,ERROR-null-result,
1756899354288,NaN,-1,false,0,0,1,ERROR-null-result,
1756899354292,NaN,-1,false,0,0,1,ERROR-null-result,
1756899354303,NaN,-1,false,0,0,14,ERROR-null-result,
1756899354324,NaN,-1,false,0,0,4,ERROR-null-result,
1756899354341,NaN,-1,false,0,0,2,ERROR-null-result,
1756899354378,NaN,-1,false,0,0,8,ERROR-null-result,
1756899354389,NaN,-1,false,0,0,9,ERROR-null-result,
1756899354404,NaN,-1,false,0,0,12,ERROR-null-result,
1756899354421,NaN,-1,false,0,0,2,ERROR-null-result,
1756899354429,NaN,-1,false,0,0,3,ERROR-null-result,
1756899354438,NaN,-1,false,0,0,10,ERROR-null-result,
1756899354452,NaN,-1,false,0,0,7,ERROR-null-result,
1756899354462,NaN,-1,false,0,0,4,ERROR-null-result,
1756899354493,NaN,-1,false,0,0,12,ERROR-null-result,
1756899354510,NaN,-1,false,0,0,3,ERROR-null-result,
1756899354515,NaN,-1,false,0,0,1,ERROR-null-result,
1756899354520,NaN,-1,false,0,0,2,ERROR-null-result,
1756899354525,NaN,-1,false,0,0,8,ERROR-null-result,
1756899354535,NaN,-1,false,0,0,1,ERROR-null-result,
1756899354539,NaN,-1,false,0,0,6,ERROR-null-result,
1756899354550,NaN,-1,false,0,0,2,ERROR-null-result,
1756899354555,NaN,-1,false,0,0,6,ERROR-null-result,
1756899354564,NaN,-1,false,0,0,1,ERROR-null-result,
1756899354569,NaN,-1,false,0,0,2,ERROR-null-result,
1756899354579,NaN,-1,false,0,0,2,ERROR-null-result,
1756899354584,NaN,-1,false,0,0,8,ERROR-null-result,
1756899354595,NaN,-1,false,0,0,2,ERROR-null-result,
1756899354601,NaN,-1,false,0,0,8,ERROR-null-result,
1756899354612,NaN,-1,false,0,0,2,ERROR-null-result,
1756899354621,NaN,-1,false,0,0,2,ERROR-null-result,
1756899354626,NaN,-1,false,0,0,2,ERROR-null-result,
1756899354632,NaN,-1,false,0,0,7,ERROR-null-result,
1756899354643,NaN,-1,false,0,0,2,ERROR-null-result,
1756899354654,NaN,-1,false,0,0,1,ERROR-null-result,
1756899354658,NaN,-1,false,0,0,1,ERROR-null-result,
1756899354661,NaN,-1,false,0,0,8,ERROR-null-result,
1756899354673,NaN,-1,false,0,0,2,ERROR-null-result,
1756899354681,NaN,-1,false,0,0,6,ERROR-null-result,
1756899354690,NaN,-1,false,0,0,2,ERROR-null-result,
1756899354701,NaN,-1,false,0,0,2,ERROR-null-result,
1756899354706,NaN,-1,false,0,0,4,ERROR-null-result,
1756899354719,NaN,-1,false,0,0,2,ERROR-null-result,
1756899354730,NaN,-1,false,0,0,2,ERROR-null-result,
1756899354736,NaN,-1,false,0,0,2,ERROR-null-result,
1756899354745,NaN,-1,false,0,0,2,ERROR-null-result,
1756899354749,NaN,-1,false,0,0,2,ERROR-null-result,
1756899354761,NaN,-1,false,0,0,2,ERROR-null-result,
1756899354767,NaN,-1,false,0,0,8,ERROR-null-result,
1756899354778,NaN,-1,false,0,0,3,ERROR-null-result,
1756899354791,NaN,-1,false,0,0,3,ERROR-null-result,
1756899354799,NaN,-1,false,0,0,8,ERROR-null-result,
1756899354812,NaN,-1,false,0,0,8,ERROR-null-result,
1756899354824,NaN,-1,false,0,0,2,ERROR-null-result,
1756899354839,NaN,-1,false,0,0,2,ERROR-null-result,
1756899354846,NaN,-1,false,0,0,7,ERROR-null-result,
1756899354856,NaN,-1,false,0,0,2,ERROR-null-result,
1756899354868,NaN,-1,false,0,0,2,ERROR-null-result,
1756899354875,NaN,-1,false,0,0,7,ERROR-null-result,
1756899354885,NaN,-1,false,0,0,2,ERROR-null-result,
1756899354891,NaN,-1,false,0,0,5,ERROR-null-result,
1756899354900,NaN,-1,false,0,0,1,ERROR-null-result,
1756899354904,NaN,-1,false,0,0,7,ERROR-null-result,
1756899354915,NaN,-1,false,0,0,2,ERROR-null-result,
1756899354927,NaN,-1,false,0,0,4,ERROR-null-result,
1756899354933,NaN,-1,false,0,0,2,ERROR-null-result,
1756899354944,NaN,-1,false,0,0,2,ERROR-null-result,
1756899354970,NaN,-1,false,0,0,5,ERROR-null-result,
1756899354978,NaN,-1,false,0,0,2,ERROR-null-result,
1756899354993,NaN,-1,false,0,0,6,ERROR-null-result,
1756899355009,NaN,-1,false,0,0,1,ERROR-null-result,
1756899355034,NaN,-1,false,0,0,18,ERROR-null-result,
1756899355070,NaN,-1,false,0,0,13,ERROR-null-result,
1756899355091,NaN,-1,false,0,0,2,ERROR-null-result,
1756899355097,NaN,-1,false,0,0,2,ERROR-null-result,
1756899355102,NaN,-1,false,0,0,7,ERROR-null-result,
1756899355113,NaN,-1,false,0,0,1,ERROR-null-result,
1756899355123,NaN,-1,false,0,0,1,ERROR-null-result,
1756899355129,NaN,-1,false,0,0,17,ERROR-null-result,
1756899355158,NaN,-1,false,0,0,2,ERROR-null-result,
1756899355173,NaN,-1,false,0,0,14,ERROR-null-result,
1756899355197,NaN,-1,false,0,0,8,ERROR-null-result,
1756899355212,NaN,-1,false,0,0,7,ERROR-null-result,
1756899355223,NaN,-1,false,0,0,7,ERROR-null-result,
1756899355233,NaN,-1,false,0,0,1,ERROR-null-result,
1756899355238,NaN,-1,false,0,0,12,ERROR-null-result,
1756899355255,NaN,-1,false,0,0,21,ERROR-null-result,
1756899355291,NaN,-1,false,0,0,1,ERROR-null-result,
1756899355297,NaN,-1,false,0,0,2,ERROR-null-result,
1756899355317,NaN,-1,false,0,0,8,ERROR-null-result,
1756899355329,NaN,-1,false,0,0,13,ERROR-null-result,
1756899355353,NaN,-1,false,0,0,2,ERROR-null-result,
1756899355358,NaN,-1,false,0,0,1,ERROR-null-result,
1756899355366,NaN,-1,false,0,0,1,ERROR-null-result,
1756899355371,NaN,-1,false,0,0,1,ERROR-null-result,
1756899355375,NaN,-1,false,0,0,2,ERROR-null-result,
1756899355386,NaN,-1,false,0,0,1,ERROR-null-result,
1756899355392,NaN,-1,false,0,0,7,ERROR-null-result,
1756899355403,NaN,-1,false,0,0,1,ERROR-null-result,
1756899355408,NaN,-1,false,0,0,6,ERROR-null-result,
1756899355417,NaN,-1,false,0,0,1,ERROR-null-result,
1756899355422,NaN,-1,false,0,0,1,ERROR-null-result,
1756899355435,NaN,-1,false,0,0,2,ERROR-null-result,
1756899355445,NaN,-1,false,0,0,2,ERROR-null-result,
1756899355450,NaN,-1,false,0,0,1,ERROR-null-result,
1756899355455,NaN,-1,false,0,0,4,ERROR-null-result,
1756899355463,NaN,-1,false,0,0,4,ERROR-null-result,
1756899355475,NaN,-1,false,0,0,2,ERROR-null-result,
1756899355481,NaN,-1,false,0,0,2,ERROR-null-result,
1756899355489,NaN,-1,false,0,0,2,ERROR-null-result,
1756899355494,NaN,-1,false,0,0,1,ERROR-null-result,
1756899355499,NaN,-1,false,0,0,8,ERROR-null-result,
1756899355510,NaN,-1,false,0,0,1,ERROR-null-result,
1756899355516,NaN,-1,false,0,0,4,ERROR-null-result,
1756899355523,NaN,-1,false,0,0,1,ERROR-null-result,
1756899355529,NaN,-1,false,0,0,22,ERROR-null-result,
1756899355556,NaN,-1,false,0,0,2,ERROR-null-result,
1756899355560,NaN,-1,false,0,0,27,ERROR-null-result,
1756899355595,NaN,-1,false,0,0,6,ERROR-null-result,
1756899355605,NaN,-1,false,0,0,1,ERROR-null-result,
1756899355617,NaN,-1,false,0,0,1,ERROR-null-result,
1756899355622,NaN,-1,false,0,0,9,ERROR-null-result,
1756899355635,NaN,-1,false,0,0,2,ERROR-null-result,
1756899355648,NaN,-1,false,0,0,3,ERROR-null-result,
1756899355661,NaN,-1,false,0,0,2,ERROR-null-result,
1756899355667,NaN,-1,false,0,0,2,ERROR-null-result,
1756899355678,NaN,-1,false,0,0,2,ERROR-null-result,
1756899355683,NaN,-1,false,0,0,7,ERROR-null-result,
1756899355694,NaN,-1,false,0,0,1,ERROR-null-result,
1756899355699,NaN,-1,false,0,0,8,ERROR-null-result,
1756899355710,NaN,-1,false,0,0,2,ERROR-null-result,
1756899355725,NaN,-1,false,0,0,2,ERROR-null-result,
1756899355730,NaN,-1,false,0,0,6,ERROR-null-result,
1756899355740,NaN,-1,false,0,0,1,ERROR-null-result,
1756899355755,NaN,-1,false,0,0,14,ERROR-null-result,
1756899355774,NaN,-1,false,0,0,11,ERROR-null-result,
1756899355790,NaN,-1,false,0,0,5,ERROR-null-result,
1756899355800,NaN,-1,false,0,0,2,ERROR-null-result,
1756899355809,NaN,-1,false,0,0,2,ERROR-null-result,
1756899355815,NaN,-1,false,0,0,2,ERROR-null-result,
1756899355828,NaN,-1,false,0,0,2,ERROR-null-result,
1756899355834,NaN,-1,false,0,0,6,ERROR-null-result,
1756899355844,NaN,-1,false,0,0,2,ERROR-null-result,
1756899355861,NaN,-1,false,0,0,7,ERROR-null-result,
1756899355874,NaN,-1,false,0,0,2,ERROR-null-result,
1756899355880,NaN,-1,false,0,0,7,ERROR-null-result,
1756899355891,NaN,-1,false,0,0,1,ERROR-null-result,
1756899355902,NaN,-1,false,0,0,2,ERROR-null-result,
1756899355908,NaN,-1,false,0,0,1,ERROR-null-result,
1756899355919,NaN,-1,false,0,0,1,ERROR-null-result,
1756899355924,NaN,-1,false,0,0,5,ERROR-null-result,
1756899355933,NaN,-1,false,0,0,2,ERROR-null-result,
1756899355938,NaN,-1,false,0,0,1,ERROR-null-result,
1756899355950,NaN,-1,false,0,0,2,ERROR-null-result,
1756899355956,NaN,-1,false,0,0,6,ERROR-null-result,
1756899355965,NaN,-1,false,0,0,2,ERROR-null-result,
1756899355969,NaN,-1,false,0,0,2,ERROR-null-result,
1756899355978,NaN,-1,false,0,0,1,ERROR-null-result,
1756899355984,NaN,-1,false,0,0,1,ERROR-null-result,
1756899355992,NaN,-1,false,0,0,1,ERROR-null-result,
1756899355996,NaN,-1,false,0,0,1,ERROR-null-result,
1756899356001,NaN,-1,false,0,0,5,ERROR-null-result,
1756899356011,NaN,-1,false,0,0,2,ERROR-null-result,
1756899356021,NaN,-1,false,0,0,1,ERROR-null-result,
1756899356024,NaN,-1,false,0,0,1,ERROR-null-result,
1756899356027,NaN,-1,false,0,0,1,ERROR-null-result,
1756899356029,NaN,-1,false,0,0,5,ERROR-null-result,
1756899356037,NaN,-1,false,0,0,1,ERROR-null-result,
1756899356039,NaN,-1,false,0,0,1,ERROR-null-result,
1756899356041,NaN,-1,false,0,0,1,ERROR-null-result,
1756899356043,NaN,-1,false,0,0,1,ERROR-null-result,
1756899356045,NaN,-1,false,0,0,6,ERROR-null-result,
1756899356054,NaN,-1,false,0,0,1,ERROR-null-result,
1756899356057,NaN,-1,false,0,0,1,ERROR-null-result,
1756899356060,NaN,-1,false,0,0,5,ERROR-null-result,
1756899356068,NaN,-1,false,0,0,1,ERROR-null-result,
1756899356071,NaN,-1,false,0,0,2,ERROR-null-result,
1756899356075,NaN,-1,false,0,0,1,ERROR-null-result,
1756899356086,NaN,-1,false,0,0,1,ERROR-null-result,
1756899356089,NaN,-1,false,0,0,1,ERROR-null-result,
1756899356095,NaN,-1,false,0,0,1,ERROR-null-result,
1756899356097,NaN,-1,false,0,0,1,ERROR-null-result,
1756899356100,NaN,-1,false,0,0,1,ERROR-null-result,
1756899356103,NaN,-1,false,0,0,1,ERROR-null-result,
1756899356105,NaN,-1,false,0,0,1,ERROR-null-result,
1756899356111,NaN,-1,false,0,0,1,ERROR-null-result,
1756899356114,NaN,-1,false,0,0,1,ERROR-null-result,
1756899356117,NaN,-1,false,0,0,1,ERROR-null-result,
1756899356119,NaN,-1,false,0,0,1,ERROR-null-result,
1756899356128,NaN,-1,false,0,0,1,ERROR-null-result,
1756899356132,NaN,-1,false,0,0,1,ERROR-null-result,
1756899356135,NaN,-1,false,0,0,5,ERROR-null-result,
1756899356144,NaN,-1,false,0,0,2,ERROR-null-result,
1756899356150,NaN,-1,false,0,0,1,ERROR-null-result,
1756899356156,NaN,-1,false,0,0,1,ERROR-null-result,
1756899356159,NaN,-1,false,0,0,1,ERROR-null-result,
1756899356161,NaN,-1,false,0,0,1,ERROR-null-result,
1756899356164,NaN,-1,false,0,0,1,ERROR-null-result,
1756899356167,NaN,-1,false,0,0,7,ERROR-null-result,
1756899356176,NaN,-1,false,0,0,1,ERROR-null-result,
1756899356179,NaN,-1,false,0,0,1,ERROR-null-result,
1756899356183,NaN,-1,false,0,0,5,ERROR-null-result,
1756899356191,NaN,-1,false,0,0,1,ERROR-null-result,
1756899356195,NaN,-1,false,0,0,1,ERROR-null-result,
1756899356199,NaN,-1,false,0,0,6,ERROR-null-result,
1756899360548,NaN,-1,false,0,0,1,ERROR-null-result,
1756899365549,NaN,-1,false,0,0,2,ERROR-null-result,
1756899370544,NaN,-1,false,0,0,1,ERROR-null-result,
1756899375553,NaN,-1,false,0,0,2,ERROR-null-result,
1756899380552,NaN,-1,false,0,0,1,ERROR-null-result,
1756899385559,NaN,-1,false,0,0,1,ERROR-null-result,
1756899390551,NaN,-1,false,0,0,3,ERROR-null-result,
1756899395543,NaN,-1,false,0,0,2,ERROR-null-result,
1756899400562,NaN,-1,false,0,0,2,ERROR-null-result,
1756899405548,NaN,-1,false,0,0,2,ERROR-null-result,
1756899410548,NaN,-1,false,0,0,2,ERROR-null-result,
1756899415543,NaN,-1,false,0,0,2,ERROR-null-result,
1756899420550,NaN,-1,false,0,0,1,ERROR-null-result,
1756899425549,NaN,-1,false,0,0,1,ERROR-null-result,
1756899430555,NaN,-1,false,0,0,3,ERROR-null-result,
1756899435553,NaN,-1,false,0,0,2,ERROR-null-result,
1756899440555,NaN,-1,false,0,0,2,ERROR-null-result,
1756899445552,NaN,-1,false,0,0,2,ERROR-null-result,
1756899450563,NaN,-1,false,0,0,2,ERROR-null-result,
1756899455551,NaN,-1,false,0,0,3,ERROR-null-result,
1756899460549,NaN,-1,false,0,0,1,ERROR-null-result,
1756899465548,NaN,-1,false,0,0,1,ERROR-null-result,
1756899470551,NaN,-1,false,0,0,1,ERROR-null-result,
1756899475553,NaN,-1,false,0,0,2,ERROR-null-result,
1756899480556,NaN,-1,false,0,0,1,ERROR-null-result,
1756899485561,NaN,-1,false,0,0,2,ERROR-null-result,
1756899490551,NaN,-1,false,0,0,3,ERROR-null-result,
1756899495543,NaN,-1,false,0,0,2,ERROR-null-result,
1756899500551,NaN,-1,false,0,0,2,ERROR-null-result,
1756899505558,NaN,-1,false,0,0,2,ERROR-null-result,
1756899510543,NaN,-1,false,0,0,1,ERROR-null-result,
1756899515560,NaN,-1,false,0,0,2,ERROR-null-result,
1756899520553,NaN,-1,false,0,0,1,ERROR-null-result,
1756899525547,NaN,-1,false,0,0,1,ERROR-null-result,
1756899530554,NaN,-1,false,0,0,3,ERROR-null-result,
1756899535549,NaN,-1,false,0,0,1,ERROR-null-result,
1756899540550,NaN,-1,false,0,0,1,ERROR-null-result,
1756899545559,NaN,-1,false,0,0,2,ERROR-null-result,
1756899550539,NaN,-1,false,0,0,1,ERROR-null-result,
1756899555562,NaN,-1,false,0,0,3,ERROR-null-result,
1756899560547,NaN,-1,false,0,0,3,ERROR-null-result,
1756899565554,NaN,-1,false,0,0,6,ERROR-null-result,
1756899570556,NaN,-1,false,0,0,1,ERROR-null-result,
1756899575550,NaN,-1,false,0,0,1,ERROR-null-result,
1756899580552,NaN,-1,false,0,0,1,ERROR-null-result,
1756899585557,NaN,-1,false,0,0,2,ERROR-null-result,
1756899590543,NaN,-1,false,0,0,1,ERROR-null-result,
1756899595557,NaN,-1,false,0,0,1,ERROR-null-result,
1756899600560,NaN,-1,false,0,0,2,ERROR-null-result,
1756899605546,NaN,-1,false,0,0,3,ERROR-null-result,
1756899610557,NaN,-1,false,0,0,2,ERROR-null-result,
1756899615543,NaN,-1,false,0,0,1,ERROR-null-result,
1756899620557,NaN,-1,false,0,0,1,ERROR-null-result,
1756899625553,NaN,-1,false,0,0,1,ERROR-null-result,
1756899630563,NaN,-1,false,0,0,2,ERROR-null-result,
1756899635558,NaN,-1,false,0,0,2,ERROR-null-result,
1756899640549,NaN,-1,false,0,0,2,ERROR-null-result,
1756899645542,NaN,-1,false,0,0,1,ERROR-null-result,
1756899650553,NaN,-1,false,0,0,2,ERROR-null-result,
1756899655563,NaN,-1,false,0,0,2,ERROR-null-result,
1756899660554,NaN,-1,false,0,0,1,ERROR-null-result,
1756899665551,NaN,-1,false,0,0,1,ERROR-null-result,
1756899670561,NaN,-1,false,0,0,1,ERROR-null-result,
1756899675540,NaN,-1,false,0,0,1,ERROR-null-result,
1756899680554,NaN,-1,false,0,0,2,ERROR-null-result,
1756899685556,NaN,-1,false,0,0,1,ERROR-null-result,
1756899690562,NaN,-1,false,0,0,2,ERROR-null-result,
1756899695540,NaN,-1,false,0,0,1,ERROR-null-result,
1756899700560,NaN,-1,false,0,0,3,ERROR-null-result,
1756899705552,NaN,-1,false,0,0,2,ERROR-null-result,
1756899710541,NaN,-1,false,0,0,1,ERROR-null-result,
1756899715562,NaN,-1,false,0,0,3,ERROR-null-result,
1756899720547,NaN,-1,false,0,0,2,ERROR-null-result,
1756899725544,NaN,-1,false,0,0,1,ERROR-null-result,
1756899730550,NaN,-1,false,0,0,1,ERROR-null-result,
1756899735550,NaN,-1,false,0,0,1,ERROR-null-result,
1756899740563,NaN,-1,false,0,0,2,ERROR-null-result,
1756899745563,NaN,-1,false,0,0,1,ERROR-null-result,
1756899750552,NaN,-1,false,0,0,1,ERROR-null-result,
1756899755563,NaN,-1,false,0,0,1,ERROR-null-result,
1756899760562,NaN,-1,false,0,0,1,ERROR-null-result,
1756899765555,NaN,-1,false,0,0,2,ERROR-null-result,
1756899770551,NaN,-1,false,0,0,1,ERROR-null-result,
1756899775553,NaN,-1,false,0,0,1,ERROR-null-result,
1756899780561,NaN,-1,false,0,0,1,ERROR-null-result,
1756899785544,NaN,-1,false,0,0,2,ERROR-null-result,
1756899790561,NaN,-1,false,0,0,2,ERROR-null-result,
1756899795556,NaN,-1,false,0,0,1,ERROR-null-result,
1756899800552,NaN,-1,false,0,0,1,ERROR-null-result,
1756899805553,NaN,-1,false,0,0,1,ERROR-null-result,
1756899810552,NaN,-1,false,0,0,1,ERROR-null-result,
1756899815560,NaN,-1,false,0,0,2,ERROR-null-result,
1756899820549,NaN,-1,false,0,0,1,ERROR-null-result,
1756899825542,NaN,-1,false,0,0,1,ERROR-null-result,
1756899830556,NaN,-1,false,0,0,2,ERROR-null-result,
1756899835565,NaN,-1,false,0,0,2,ERROR-null-result,
1756899840555,NaN,-1,false,0,0,2,ERROR-null-result,
1756899845568,NaN,-1,false,0,0,2,ERROR-null-result,
1756899850549,NaN,-1,false,0,0,1,ERROR-null-result,
1756899855550,NaN,-1,false,0,0,1,ERROR-null-result,
1756899860542,NaN,-1,false,0,0,1,ERROR-null-result,
1756899865555,NaN,-1,false,0,0,1,ERROR-null-result,
1756899870561,NaN,-1,false,0,0,3,ERROR-null-result,
1756899875543,NaN,-1,false,0,0,2,ERROR-null-result,
1756899880565,NaN,-1,false,0,0,2,ERROR-null-result,
1756899885557,NaN,-1,false,0,0,2,ERROR-null-result,
1756899890553,NaN,-1,false,0,0,2,ERROR-null-result,
1756899895559,NaN,-1,false,0,0,3,ERROR-null-result,
1756899900542,NaN,-1,false,0,0,1,ERROR-null-result,
1756899905560,NaN,-1,false,0,0,3,ERROR-null-result,
1756899910543,NaN,-1,false,0,0,2,ERROR-null-result,
1756899915549,NaN,-1,false,0,0,1,ERROR-null-result,
1756899920557,NaN,-1,false,0,0,3,ERROR-null-result,
1756899925549,NaN,-1,false,0,0,3,ERROR-null-result,
1756899930548,NaN,-1,false,0,0,2,ERROR-null-result,
1756899935545,NaN,-1,false,0,0,2,ERROR-null-result,
1756899940560,NaN,-1,false,0,0,2,ERROR-null-result,
1756899945546,NaN,-1,false,0,0,3,ERROR-null-result,
1756899950555,NaN,-1,false,0,0,2,ERROR-null-result,
1756899955557,NaN,-1,false,0,0,1,ERROR-null-result,
1756899960542,NaN,-1,false,0,0,2,ERROR-null-result,
1756899965550,NaN,-1,false,0,0,1,ERROR-null-result,
1756899970563,NaN,-1,false,0,0,3,ERROR-null-result,
1756899975552,NaN,-1,false,0,0,1,ERROR-null-result,
1756899980560,NaN,-1,false,0,0,1,ERROR-null-result,
1756899985541,NaN,-1,false,0,0,1,ERROR-null-result,
1756899990560,NaN,-1,false,0,0,2,ERROR-null-result,
1756899995550,NaN,-1,false,0,0,2,ERROR-null-result,
1756902967408,NaN,-1,false,0,23,2,ERROR-null-result,
1756902972388,NaN,-1,false,0,2565,1,ERROR-null-result,
1756902977379,NaN,-1,false,0,5065,1,ERROR-null-result,
1756902982377,NaN,-1,false,0,7558,4,ERROR-null-result,
1756902987377,NaN,-1,false,0,10062,1,ERROR-null-result,
1756902992385,NaN,-1,false,0,12568,5,ERROR-null-result,
1756902997378,NaN,-1,false,0,15058,4,ERROR-null-result,
1756903002387,NaN,-1,false,0,17570,4,ERROR-null-result,
1756903007377,NaN,-1,false,0,20063,2,ERROR-null-result,
1756903012386,NaN,-1,false,0,22567,3,ERROR-null-result,
1756903017377,NaN,-1,false,0,25063,2,ERROR-null-result,
1756903022376,NaN,-1,false,0,27563,2,ERROR-null-result,
1756903027384,NaN,-1,false,0,30063,3,ERROR-null-result,
1756903032377,NaN,-1,false,0,32547,2,ERROR-null-result,
1756903037386,NaN,-1,false,0,35053,3,ERROR-null-result,
1756903042382,NaN,-1,false,0,37558,3,ERROR-null-result,
1756903047388,NaN,-1,false,0,40068,3,ERROR-null-result,
1756903052380,NaN,-1,false,0,42567,4,ERROR-null-result,
1756903057377,NaN,-1,false,0,45062,2,ERROR-null-result,
1756903062385,NaN,-1,false,0,47558,3,ERROR-null-result,
1756903067377,NaN,-1,false,0,50063,3,ERROR-null-result,
1756903072384,NaN,-1,false,0,52562,4,ERROR-null-result,
1756903077378,NaN,-1,false,0,55054,2,ERROR-null-result,
1756903082387,NaN,-1,false,0,57553,4,ERROR-null-result,
1756903087380,NaN,-1,false,0,60057,4,ERROR-null-result,
1756903092374,NaN,-1,false,0,62560,1,ERROR-null-result,
1756903097383,NaN,-1,false,0,65065,3,ERROR-null-result,
1756903102387,NaN,-1,false,0,67570,4,ERROR-null-result,
1756903107384,NaN,-1,false,0,70058,3,ERROR-null-result,
1756903112380,NaN,-1,false,0,72558,2,ERROR-null-result,
1756903117384,NaN,-1,false,0,75057,4,ERROR-null-result,
1756903122383,NaN,-1,false,0,77558,3,ERROR-null-result,
1756903127377,NaN,-1,false,0,80065,1,ERROR-null-result,
1756903132380,NaN,-1,false,0,82568,4,ERROR-null-result,
1756903137392,NaN,-1,false,0,85061,9,ERROR-null-result,
1756903142383,NaN,-1,false,0,87568,5,ERROR-null-result,
1756903147376,NaN,-1,false,0,90060,2,ERROR-null-result,
1756903152386,NaN,-1,false,0,92552,17,ERROR-null-result,
1756903157378,NaN,-1,false,0,95063,5,ERROR-null-result,
1756903162388,NaN,-1,false,0,97567,3,ERROR-null-result,
1756903167381,NaN,-1,false,0,100052,1,ERROR-null-result,
1756903172389,NaN,-1,false,0,102565,3,ERROR-null-result,
1756903177378,NaN,-1,false,0,105065,1,ERROR-null-result,
1756903182376,NaN,-1,false,0,107570,4,ERROR-null-result,
1756903187377,NaN,-1,false,0,110060,1,ERROR-null-result,
1756903192387,NaN,-1,false,0,112568,4,ERROR-null-result,
1756903197382,NaN,-1,false,0,115075,2,ERROR-null-result,
1756903202392,NaN,-1,false,0,117562,3,ERROR-null-result,
1756903207388,NaN,-1,false,0,120068,2,ERROR-null-result,
1756903212383,NaN,-1,false,0,122571,4,ERROR-null-result,
1756903217388,NaN,-1,false,0,125058,4,ERROR-null-result,
1756903222376,NaN,-1,false,0,127559,1,ERROR-null-result,
1756903227386,NaN,-1,false,0,130070,3,ERROR-null-result,
1756903232388,NaN,-1,false,0,132567,5,ERROR-null-result,
1756903237386,NaN,-1,false,0,135067,2,ERROR-null-result,
1756903242386,NaN,-1,false,0,137568,3,ERROR-null-result,
1756903247377,NaN,-1,false,0,140061,1,ERROR-null-result,
1756903252386,NaN,-1,false,0,142130,5,ERROR-null-result,
1756903257387,NaN,-1,false,0,145070,3,ERROR-null-result,
1756903262372,NaN,-1,false,0,147556,1,ERROR-null-result,
1756903267388,NaN,-1,false,0,150057,4,ERROR-null-result,
1756903272376,NaN,-1,false,0,152490,8,ERROR-null-result,
1756903277385,NaN,-1,false,0,155068,4,ERROR-null-result,
1756903282377,NaN,-1,false,0,157562,2,ERROR-null-result,
1756903287377,NaN,-1,false,0,160063,1,ERROR-null-result,
1756903292382,NaN,-1,false,0,162568,6,ERROR-null-result,
1756903297390,NaN,-1,false,0,165068,4,ERROR-null-result,
1756903302383,NaN,-1,false,0,167565,3,ERROR-null-result,
1756903307377,NaN,-1,false,0,170060,1,ERROR-null-result,
1756903312377,NaN,-1,false,0,172560,1,ERROR-null-result,
1756903317381,NaN,-1,false,0,175068,5,ERROR-null-result,
1756903322376,NaN,-1,false,0,177556,1,ERROR-null-result,
1756903327382,NaN,-1,false,0,180057,2,ERROR-null-result,
1756903332381,NaN,-1,false,0,182555,1,ERROR-null-result,
1756903337377,NaN,-1,false,0,185060,1,ERROR-null-result,
1756903342377,NaN,-1,false,0,187558,3,ERROR-null-result,
1756903347380,NaN,-1,false,0,190068,4,ERROR-null-result,
1756903352374,NaN,-1,false,0,192563,1,ERROR-null-result,
1756903357386,NaN,-1,false,0,195069,3,ERROR-null-result,
1756903362379,NaN,-1,false,0,197558,3,ERROR-null-result,
1756903367376,NaN,-1,false,0,200062,1,ERROR-null-result,
1756903372388,NaN,-1,false,0,202569,4,ERROR-null-result,
1756903377374,NaN,-1,false,0,205063,4,ERROR-null-result,
1756903382386,NaN,-1,false,0,207568,4,ERROR-null-result,
1756903387377,NaN,-1,false,0,210064,1,ERROR-null-result,
1756903392377,NaN,-1,false,0,212559,1,ERROR-null-result,
1756903397380,NaN,-1,false,0,215063,3,ERROR-null-result,
1756903402388,NaN,-1,false,0,217570,5,ERROR-null-result,
1756903407381,NaN,-1,false,0,220064,6,ERROR-null-result,
1756903412378,NaN,-1,false,0,222567,4,ERROR-null-result,
1756903417386,NaN,-1,false,0,225063,3,ERROR-null-result,
1756903422388,NaN,-1,false,0,227569,3,ERROR-null-result,
1756903427383,NaN,-1,false,0,230067,4,ERROR-null-result,
1756903432378,NaN,-1,false,0,232563,3,ERROR-null-result,
1756903437388,NaN,-1,false,0,235070,4,ERROR-null-result,
1756903442388,NaN,-1,false,0,237568,3,ERROR-null-result,
1756903447388,NaN,-1,false,0,240068,3,ERROR-null-result,
1756903452387,NaN,-1,false,0,242569,3,ERROR-null-result,
1756903457377,NaN,-1,false,0,245063,1,ERROR-null-result,
1756903462385,NaN,-1,false,0,247558,3,ERROR-null-result,
1756903467376,NaN,-1,false,0,250065,2,ERROR-null-result,
1756903472385,NaN,-1,false,0,252557,5,ERROR-null-result,
1756903477388,NaN,-1,false,0,255053,4,ERROR-null-result,
1756903482389,NaN,-1,false,0,257568,2,ERROR-null-result,
1756903487377,NaN,-1,false,0,260063,8,ERROR-null-result,
1756903492387,NaN,-1,false,0,262557,2,ERROR-null-result,
1756903497387,NaN,-1,false,0,265060,3,ERROR-null-result,
1756903502377,NaN,-1,false,0,267569,4,ERROR-null-result,
1756903507381,NaN,-1,false,0,270060,1,ERROR-null-result,
1756903512374,NaN,-1,false,0,272558,1,ERROR-null-result,
1756903517386,NaN,-1,false,0,275068,3,ERROR-null-result,
1756903522387,NaN,-1,false,0,277558,3,ERROR-null-result,
1756903527378,NaN,-1,false,0,280060,1,ERROR-null-result,
1756903532400,NaN,-1,false,0,282345,4,ERROR-null-result,
1756903537372,NaN,-1,false,0,285064,1,ERROR-null-result,
1756903542387,NaN,-1,false,0,287558,3,ERROR-null-result,
1756903547373,NaN,-1,false,0,290060,1,ERROR-null-result,
1756903552387,NaN,-1,false,0,292563,6,ERROR-null-result,
1756903557377,NaN,-1,false,0,295060,1,ERROR-null-result,
1756903562380,NaN,-1,false,0,297570,1,ERROR-null-result,
1756903567380,NaN,-1,false,0,300068,5,ERROR-null-result,
1756903572376,NaN,-1,false,0,302565,1,ERROR-null-result,
1756903577373,NaN,-1,false,0,305039,1,ERROR-null-result,
1756903582387,NaN,-1,false,0,307533,4,ERROR-null-result,
1756903587387,NaN,-1,false,0,310058,3,ERROR-null-result,
1756903592377,NaN,-1,false,0,312565,1,ERROR-null-result,
1756903597373,NaN,-1,false,0,315053,1,ERROR-null-result,
1756903602377,NaN,-1,false,0,317402,1,ERROR-null-result,
1756903607377,NaN,-1,false,0,320045,4,ERROR-null-result,
1756903612376,NaN,-1,false,0,322557,2,ERROR-null-result,
1756903617387,NaN,-1,false,0,325064,4,ERROR-null-result,
1756903622381,NaN,-1,false,0,327556,1,ERROR-null-result,
1756903627379,NaN,-1,false,0,330060,2,ERROR-null-result,
1756903632377,NaN,-1,false,0,332556,1,ERROR-null-result,
1756903637397,NaN,-1,false,0,335068,4,ERROR-null-result,
1756903642377,NaN,-1,false,0,337382,2,ERROR-null-result,
1756903647387,NaN,-1,false,0,339169,5,ERROR-null-result,
1756903652387,NaN,-1,false,0,342490,3,ERROR-null-result,
1756903657382,NaN,-1,false,0,344976,2,ERROR-null-result,
1756903662375,NaN,-1,false,0,347482,1,ERROR-null-result,
1756903667388,NaN,-1,false,0,349990,4,ERROR-null-result,
1756903672378,NaN,-1,false,0,352490,4,ERROR-null-result,
1756903677373,NaN,-1,false,0,354980,1,ERROR-null-result,
1756903682380,NaN,-1,false,0,357479,1,ERROR-null-result,
1756903687377,NaN,-1,false,0,359981,1,ERROR-null-result,
1756903692372,NaN,-1,false,0,362486,1,ERROR-null-result,
1756903697380,NaN,-1,false,0,364989,4,ERROR-null-result,
1756903702376,NaN,-1,false,0,367481,1,ERROR-null-result,
1756903707384,NaN,-1,false,0,369992,4,ERROR-null-result,
1756903712377,NaN,-1,false,0,372482,1,ERROR-null-result,
1756903717380,NaN,-1,false,0,374992,5,ERROR-null-result,
1756903722376,NaN,-1,false,0,377328,3,ERROR-null-result,
1756903727381,NaN,-1,false,0,379975,1,ERROR-null-result,
1756903732376,NaN,-1,false,0,382482,1,ERROR-null-result,
1756903737381,NaN,-1,false,0,384989,4,ERROR-null-result,
1756903742377,NaN,-1,false,0,387474,2,ERROR-null-result,
1756903747378,NaN,-1,false,0,389990,4,ERROR-null-result,
1756903752381,NaN,-1,false,0,392489,4,ERROR-null-result,
1756903757380,NaN,-1,false,0,394987,1,ERROR-null-result,
1756903762382,NaN,-1,false,0,397484,3,ERROR-null-result,
1756903767391,NaN,-1,false,0,399499,7,ERROR-null-result,
1756903772378,NaN,-1,false,0,402487,1,ERROR-null-result,
1756903777377,NaN,-1,false,0,404985,1,ERROR-null-result,
1756903782383,NaN,-1,false,0,407487,3,ERROR-null-result,
1756903787379,NaN,-1,false,0,409974,4,ERROR-null-result,
1756903792388,NaN,-1,false,0,412492,3,ERROR-null-result,
1756903797379,NaN,-1,false,0,414991,4,ERROR-null-result,
1756903802377,NaN,-1,false,0,417485,1,ERROR-null-result,
1756903807381,NaN,-1,false,0,419988,3,ERROR-null-result,
1756903812377,NaN,-1,false,0,422482,2,ERROR-null-result,
1756903817383,NaN,-1,false,0,424986,3,ERROR-null-result,
1756903822387,NaN,-1,false,0,427492,3,ERROR-null-result,
1756903827403,NaN,-1,false,0,429992,4,ERROR-null-result,
1756903832386,NaN,-1,false,0,432490,3,ERROR-null-result,
1756903837388,NaN,-1,false,0,434990,5,ERROR-null-result,
1756903842388,NaN,-1,false,0,437490,3,ERROR-null-result,
1756903847372,NaN,-1,false,0,439985,1,ERROR-null-result,
1756903852387,NaN,-1,false,0,442485,6,ERROR-null-result,
1756903857388,NaN,-1,false,0,444985,5,ERROR-null-result,
1756903862388,NaN,-1,false,0,447490,4,ERROR-null-result,
1756903867387,NaN,-1,false,0,449849,7,ERROR-null-result,
1756903872387,NaN,-1,false,0,452490,3,ERROR-null-result,
1756903877384,NaN,-1,false,0,454990,5,ERROR-null-result,
1756903882378,NaN,-1,false,0,457476,2,ERROR-null-result,
1756903887387,NaN,-1,false,0,459997,5,ERROR-null-result,
1756903892376,NaN,-1,false,0,462439,8,ERROR-null-result,
1756903897388,NaN,-1,false,0,464990,3,ERROR-null-result,
1756903902377,NaN,-1,false,0,467396,8,ERROR-null-result,
1756903907387,NaN,-1,false,0,469980,5,ERROR-null-result,
1756903912372,NaN,-1,false,0,472475,1,ERROR-null-result,
1756903917388,NaN,-1,false,0,474990,5,ERROR-null-result,
1756903922382,NaN,-1,false,0,477490,5,ERROR-null-result,
1756903927376,NaN,-1,false,0,479981,3,ERROR-null-result,
1756903932385,NaN,-1,false,0,482487,4,ERROR-null-result,
1756903937378,NaN,-1,false,0,484985,5,ERROR-null-result,
1756903942388,NaN,-1,false,0,487492,3,ERROR-null-result,
1756903947388,NaN,-1,false,0,489990,4,ERROR-null-result,
1756903952389,NaN,-1,false,0,492480,3,ERROR-null-result,
1756903957380,NaN,-1,false,0,494982,5,ERROR-null-result,
1756903962387,NaN,-1,false,0,497490,3,ERROR-null-result,
1756903967379,NaN,-1,false,0,499990,3,ERROR-null-result,
1756903972387,NaN,-1,false,0,502174,7,ERROR-null-result,
1756903977386,NaN,-1,false,0,504988,3,ERROR-null-result,
1756903982389,NaN,-1,false,0,507492,4,ERROR-null-result,
1756903987387,NaN,-1,false,0,509985,5,ERROR-null-result,
1756903992379,NaN,-1,false,0,512490,4,ERROR-null-result,
1756903997389,NaN,-1,false,0,514971,4,ERROR-null-result,
1756904002379,NaN,-1,false,0,517478,1,ERROR-null-result,
1756904007377,NaN,-1,false,0,519977,2,ERROR-null-result,
1756904012387,NaN,-1,false,0,522487,2,ERROR-null-result,
1756904017387,NaN,-1,false,0,524988,2,ERROR-null-result,
1756904022384,NaN,-1,false,0,527485,3,ERROR-null-result,
1756904027386,NaN,-1,false,0,529988,5,ERROR-null-result,
1756904032387,NaN,-1,false,0,532218,4,ERROR-null-result,
1756904037377,NaN,-1,false,0,534985,3,ERROR-null-result,
1756904042374,NaN,-1,false,0,537479,1,ERROR-null-result,
1756904047380,NaN,-1,false,0,539697,1,ERROR-null-result,
1756904052385,NaN,-1,false,0,542490,3,ERROR-null-result,
1756904057387,NaN,-1,false,0,544990,3,ERROR-null-result,
1756904062387,NaN,-1,false,0,547494,3,ERROR-null-result,
1756904067384,NaN,-1,false,0,549997,4,ERROR-null-result,
1756904072381,NaN,-1,false,0,552490,6,ERROR-null-result,
1756904077387,NaN,-1,false,0,554985,4,ERROR-null-result,
1756904082377,NaN,-1,false,0,557483,1,ERROR-null-result,
1756904087390,NaN,-1,false,0,559985,2,ERROR-null-result,
1756904092387,NaN,-1,false,0,562492,3,ERROR-null-result,
1756904097388,NaN,-1,false,0,564990,3,ERROR-null-result,
1756904102388,NaN,-1,false,0,567489,3,ERROR-null-result,
1756904107379,NaN,-1,false,0,569990,4,ERROR-null-result,
1756904112387,NaN,-1,false,0,572490,4,ERROR-null-result,
1756904117386,NaN,-1,false,0,574990,2,ERROR-null-result,
1756904122377,NaN,-1,false,0,577486,1,ERROR-null-result,
1756904127386,NaN,-1,false,0,579989,3,ERROR-null-result,
1756904132403,NaN,-1,false,0,582495,5,ERROR-null-result,
1756904137377,NaN,-1,false,0,584986,1,ERROR-null-result,
1756904142383,NaN,-1,false,0,587497,1,ERROR-null-result,
1756904147393,NaN,-1,false,0,589995,5,ERROR-null-result,
1756904152377,NaN,-1,false,0,592437,1,ERROR-null-result,
1756904157389,NaN,-1,false,0,594987,3,ERROR-null-result,
1756904162387,NaN,-1,false,0,597489,3,ERROR-null-result,
1756904167376,NaN,-1,false,0,599986,1,ERROR-null-result,
1756904172387,NaN,-1,false,0,602489,2,ERROR-null-result,
1756904177396,NaN,-1,false,0,604994,4,ERROR-null-result,
1756904182374,NaN,-1,false,0,607486,2,ERROR-null-result,
1756904187402,NaN,-1,false,0,609995,5,ERROR-null-result,
1756904192377,NaN,-1,false,0,612479,1,ERROR-null-result,
1756904197388,NaN,-1,false,0,614995,4,ERROR-null-result,
1756904202387,NaN,-1,false,0,617479,3,ERROR-null-result,
1756904207387,NaN,-1,false,0,619982,3,ERROR-null-result,
1756904212376,NaN,-1,false,0,622486,1,ERROR-null-result,
1756904217389,NaN,-1,false,0,624990,3,ERROR-null-result,
1756904222378,NaN,-1,false,0,627489,4,ERROR-null-result,
1756904227376,NaN,-1,false,0,629985,1,ERROR-null-result,
1756904232387,NaN,-1,false,0,632496,3,ERROR-null-result,
1756904237392,NaN,-1,false,0,634994,4,ERROR-null-result,
1756904242385,NaN,-1,false,0,637485,4,ERROR-null-result,
1756904247385,NaN,-1,false,0,639990,3,ERROR-null-result,
1756904252383,NaN,-1,false,0,642491,3,ERROR-null-result,
1756904257379,NaN,-1,false,0,644983,3,ERROR-null-result,
1756904262385,NaN,-1,false,0,647478,2,ERROR-null-result,
1756904267381,NaN,-1,false,0,649988,3,ERROR-null-result,
1756904272377,NaN,-1,false,0,652473,1,ERROR-null-result,
1756904277387,NaN,-1,false,0,654987,1,ERROR-null-result,
1756904282391,NaN,-1,false,0,657483,1,ERROR-null-result,
1756904287384,NaN,-1,false,0,659973,2,ERROR-null-result,
1756904292377,NaN,-1,false,0,662305,10,ERROR-null-result,
1756904297386,NaN,-1,false,0,662449,184,ERROR-null-result,
1756904302380,NaN,-1,false,0,662569,34,ERROR-null-result,
1756904307380,NaN,-1,false,0,662789,14,ERROR-null-result,
1756904312381,NaN,-1,false,0,664930,10,ERROR-null-result,
1756904317377,NaN,-1,false,0,667576,4,ERROR-null-result,
1756904322378,NaN,-1,false,0,670082,5,ERROR-null-result,
1756904327376,NaN,-1,false,0,672559,1,ERROR-null-result,
1756904332387,NaN,-1,false,0,674597,13,ERROR-null-result,
1756904337377,NaN,-1,false,0,675768,6,ERROR-null-result,
1756904342394,NaN,-1,false,0,678220,10,ERROR-null-result,
1756904347382,NaN,-1,false,0,680738,2,ERROR-null-result,
1756904352391,NaN,-1,false,0,682509,23,ERROR-null-result,
1756904357376,NaN,-1,false,0,682600,1414,ERROR-null-result,
1756904362379,NaN,-1,false,0,682629,358,ERROR-null-result,
1756906493845,NaN,-1,false,0,682658,83,ERROR-null-result,
1756906495354,NaN,-1,false,0,682660,85,ERROR-null-result,
1756906495758,NaN,-1,false,0,682661,174,ERROR-null-result,
1756906496203,NaN,-1,false,0,682662,722,ERROR-null-result,
1756906498061,NaN,-1,false,0,682664,46,ERROR-null-result,
1756906498800,NaN,-1,false,0,682665,95,ERROR-null-result,
1756906499452,NaN,-1,false,0,682666,402,ERROR-null-result,
1756906500055,NaN,-1,false,0,682668,105,ERROR-null-result,
1756906500423,NaN,-1,false,0,682669,164,ERROR-null-result,
1756906500700,NaN,-1,false,0,682670,118,ERROR-null-result,
1756906500947,NaN,-1,false,0,682672,78,ERROR-null-result,
1756906501200,NaN,-1,false,0,682673,108,ERROR-null-result,
1756906501477,NaN,-1,false,0,682675,130,ERROR-null-result,
1756906501804,NaN,-1,false,0,682676,117,ERROR-null-result,
1756906502049,NaN,-1,false,0,682678,88,ERROR-null-result,
1756906502287,NaN,-1,false,0,682680,68,ERROR-null-result,
1756906502492,NaN,-1,false,0,682681,128,ERROR-null-result,
1756906502751,NaN,-1,false,0,682683,84,ERROR-null-result,
1756906502918,NaN,-1,false,0,682684,57,ERROR-null-result,
1756906503070,NaN,-1,false,0,682686,62,ERROR-null-result,
1756906503270,NaN,-1,false,0,682687,96,ERROR-null-result,
1756906503491,NaN,-1,false,0,682689,56,ERROR-null-result,
1756906503678,NaN,-1,false,0,682690,94,ERROR-null-result,
1756906503907,NaN,-1,false,0,682692,62,ERROR-null-result,
1756906504090,NaN,-1,false,0,682694,32,ERROR-null-result,
1756906504236,NaN,-1,false,0,682695,770,ERROR-null-result,
1756906505127,NaN,-1,false,0,682697,73,ERROR-null-result,
1756906505364,NaN,-1,false,0,682698,104,ERROR-null-result,
1756906505597,NaN,-1,false,0,682700,65,ERROR-null-result,
1756906505758,NaN,-1,false,0,682701,67,ERROR-null-result,
1756906505921,NaN,-1,false,0,682703,39,ERROR-null-result,
1756906506135,NaN,-1,false,0,682704,22,ERROR-null-result,
1756906506273,NaN,-1,false,0,682706,69,ERROR-null-result,
1756906506438,NaN,-1,false,0,682707,31,ERROR-null-result,
1756906506556,NaN,-1,false,0,682709,38,ERROR-null-result,
1756906506627,NaN,-1,false,0,682710,14,ERROR-null-result,
1756906506687,NaN,-1,false,0,682712,16,ERROR-null-result,
1756906506753,NaN,-1,false,0,682713,13,ERROR-null-result,
1756906506819,NaN,-1,false,0,682715,34,ERROR-null-result,
1756906506930,NaN,-1,false,0,682716,57,ERROR-null-result,
1756906507170,NaN,-1,false,0,682718,55,ERROR-null-result,
1756906507404,NaN,-1,false,0,682719,110,ERROR-null-result,
1756906507679,NaN,-1,false,0,682721,71,ERROR-null-result,
1756906507908,NaN,-1,false,0,682722,103,ERROR-null-result,
1756906508096,NaN,-1,false,0,682724,31,ERROR-null-result,
1756906508241,NaN,-1,false,0,682725,83,ERROR-null-result,
1756906508469,NaN,-1,false,0,682727,55,ERROR-null-result,
1756906508675,NaN,-1,false,0,682728,93,ERROR-null-result,
1756906508845,NaN,-1,false,0,682730,64,ERROR-null-result,
1756906509029,NaN,-1,false,0,682731,71,ERROR-null-result,
1756906509217,NaN,-1,false,0,682733,63,ERROR-null-result,
1756906509366,NaN,-1,false,0,682735,61,ERROR-null-result,
1756906509523,NaN,-1,false,0,682736,77,ERROR-null-result,
1756906509760,NaN,-1,false,0,682738,84,ERROR-null-result,
1756906509982,NaN,-1,false,0,682739,85,ERROR-null-result,
1756906510197,NaN,-1,false,0,682741,60,ERROR-null-result,
1756906510375,NaN,-1,false,0,682742,125,ERROR-null-result,
1756906510651,NaN,-1,false,0,682744,54,ERROR-null-result,
1756906510836,NaN,-1,false,0,682745,60,ERROR-null-result,
1756906510957,NaN,-1,false,0,682747,30,ERROR-null-result,
1756906511068,NaN,-1,false,0,682748,58,ERROR-null-result,
1756906511184,NaN,-1,false,0,682750,39,ERROR-null-result,
1756906511269,NaN,-1,false,0,682751,38,ERROR-null-result,
1756906511373,NaN,-1,false,0,682753,22,ERROR-null-result,
1756906511517,NaN,-1,false,0,682754,91,ERROR-null-result,
1756906511719,NaN,-1,false,0,682756,60,ERROR-null-result,
1756906511845,NaN,-1,false,0,682757,77,ERROR-null-result,
1756906512042,NaN,-1,false,0,682759,61,ERROR-null-result,
1756906512290,NaN,-1,false,0,682760,76,ERROR-null-result,
1756906512451,NaN,-1,false,0,682763,55,ERROR-null-result,
1756906512587,NaN,-1,false,0,682765,53,ERROR-null-result,
1756906512777,NaN,-1,false,0,682766,50,ERROR-null-result,
1756906512929,NaN,-1,false,0,682767,72,ERROR-null-result,
1756906513104,NaN,-1,false,0,682769,40,ERROR-null-result,
1756906513253,NaN,-1,false,0,682770,39,ERROR-null-result,
1756906513367,NaN,-1,false,0,682772,51,ERROR-null-result,
1756906513533,NaN,-1,false,0,682773,42,ERROR-null-result,
1756906513605,NaN,-1,false,0,682775,15,ERROR-null-result,
1756906513661,NaN,-1,false,0,682776,30,ERROR-null-result,
1756906513746,NaN,-1,false,0,682778,22,ERROR-null-result,
1756906513798,NaN,-1,false,0,682779,117,ERROR-null-result,
1756906513962,NaN,-1,false,0,682781,37,ERROR-null-result,
1756906514041,NaN,-1,false,0,682782,25,ERROR-null-result,
1756906514105,NaN,-1,false,0,682784,25,ERROR-null-result,
1756906514160,NaN,-1,false,0,682785,45,ERROR-null-result,
1756906514238,NaN,-1,false,0,682787,8,ERROR-null-result,
1756906514277,NaN,-1,false,0,682789,35,ERROR-null-result,
1756906514329,NaN,-1,false,0,682790,15,ERROR-null-result,
1756906514373,NaN,-1,false,0,682792,14,ERROR-null-result,
1756906514410,NaN,-1,false,0,682794,25,ERROR-null-result,
1756906514456,NaN,-1,false,0,682796,21,ERROR-null-result,
1756906514512,NaN,-1,false,0,682798,16,ERROR-null-result,
1756906514563,NaN,-1,false,0,682799,16,ERROR-null-result,
1756906514614,NaN,-1,false,0,682801,19,ERROR-null-result,
1756906514668,NaN,-1,false,0,682803,27,ERROR-null-result,
1756906514706,NaN,-1,false,0,682805,24,ERROR-null-result,
1756906514758,NaN,-1,false,0,682806,9,ERROR-null-result,
1756906514823,NaN,-1,false,0,682808,21,ERROR-null-result,
1756906514892,NaN,-1,false,0,682809,72,ERROR-null-result,
1756906515011,NaN,-1,false,0,682811,22,ERROR-null-result,
1756906515073,NaN,-1,false,0,682812,25,ERROR-null-result,
1756906515143,NaN,-1,false,0,682814,19,ERROR-null-result,
1756906515201,NaN,-1,false,0,682815,30,ERROR-null-result,
1756906515290,NaN,-1,false,0,682817,20,ERROR-null-result,
1756906515345,NaN,-1,false,0,682818,28,ERROR-null-result,
1756906515422,NaN,-1,false,0,682820,40,ERROR-null-result,
1756906515575,NaN,-1,false,0,682821,42,ERROR-null-result,
1756906515651,NaN,-1,false,0,682823,49,ERROR-null-result,
1756906515744,NaN,-1,false,0,682825,22,ERROR-null-result,
1756906515827,NaN,-1,false,0,682826,33,ERROR-null-result,
1756906515924,NaN,-1,false,0,682828,43,ERROR-null-result,
1756906516034,NaN,-1,false,0,682829,47,ERROR-null-result,
1756906516161,NaN,-1,false,0,682831,58,ERROR-null-result,
1756906516293,NaN,-1,false,0,682833,63,ERROR-null-result,
1756906516442,NaN,-1,false,0,682834,33,ERROR-null-result,
1756906516508,NaN,-1,false,0,682836,18,ERROR-null-result,
1756906516576,NaN,-1,false,0,682837,12,ERROR-null-result,
1756906516645,NaN,-1,false,0,682839,49,ERROR-null-result,
1756906516710,NaN,-1,false,0,682841,18,ERROR-null-result,
1756906516758,NaN,-1,false,0,682842,13,ERROR-null-result,
1756906516799,NaN,-1,false,0,682844,15,ERROR-null-result,
1756906516846,NaN,-1,false,0,682845,17,ERROR-null-result,
1756906516892,NaN,-1,false,0,682847,18,ERROR-null-result,
1756906516935,NaN,-1,false,0,682849,8,ERROR-null-result,
1756906516974,NaN,-1,false,0,682850,31,ERROR-null-result,
1756906517029,NaN,-1,false,0,682852,8,ERROR-null-result,
1756906517083,NaN,-1,false,0,682853,19,ERROR-null-result,
1756906517131,NaN,-1,false,0,682855,16,ERROR-null-result,
1756906517192,NaN,-1,false,0,682856,14,ERROR-null-result,
1756906517234,NaN,-1,false,0,682858,11,ERROR-null-result,
1756906517267,NaN,-1,false,0,682860,19,ERROR-null-result,
1756906517317,NaN,-1,false,0,682861,25,ERROR-null-result,
1756906517379,NaN,-1,false,0,682863,39,ERROR-null-result,
1756906517477,NaN,-1,false,0,682864,25,ERROR-null-result,
1756906517576,NaN,-1,false,0,682865,42,ERROR-null-result,
1756906517665,NaN,-1,false,0,682867,46,ERROR-null-result,
1756906517756,NaN,-1,false,0,682868,31,ERROR-null-result,
1756906517842,NaN,-1,false,0,682870,29,ERROR-null-result,
1756906517916,NaN,-1,false,0,682871,26,ERROR-null-result,
1756906517982,NaN,-1,false,0,682873,120,ERROR-null-result,
1756906518203,NaN,-1,false,0,682874,60,ERROR-null-result,
1756906518325,NaN,-1,false,0,682876,20,ERROR-null-result,
1756906518399,NaN,-1,false,0,682877,31,ERROR-null-result,
1756906518455,NaN,-1,false,0,682879,19,ERROR-null-result,
1756906518509,NaN,-1,false,0,682880,28,ERROR-null-result,
1756906518568,NaN,-1,false,0,682882,31,ERROR-null-result,
1756906518629,NaN,-1,false,0,682883,28,ERROR-null-result,
1756906518692,NaN,-1,false,0,682885,36,ERROR-null-result,
1756906518810,NaN,-1,false,0,682886,54,ERROR-null-result,
1756906518911,NaN,-1,false,0,682888,14,ERROR-null-result,
1756906518977,NaN,-1,false,0,682889,21,ERROR-null-result,
1756906519030,NaN,-1,false,0,682891,24,ERROR-null-result,
1756906519083,NaN,-1,false,0,682892,28,ERROR-null-result,
1756906519148,NaN,-1,false,0,682894,20,ERROR-null-result,
1756906519203,NaN,-1,false,0,682895,19,ERROR-null-result,
1756906519251,NaN,-1,false,0,682897,12,ERROR-null-result,
1756906519285,NaN,-1,false,0,682898,17,ERROR-null-result,
1756906519330,NaN,-1,false,0,682900,12,ERROR-null-result,
1756906519371,NaN,-1,false,0,682901,19,ERROR-null-result,
1756906519415,NaN,-1,false,0,682903,14,ERROR-null-result,
1756906519458,NaN,-1,false,0,682904,14,ERROR-null-result,
1756906519517,NaN,-1,false,0,682906,11,ERROR-null-result,
1756906519557,NaN,-1,false,0,682907,20,ERROR-null-result,
1756906519603,NaN,-1,false,0,682909,7,ERROR-null-result,
1756906519637,NaN,-1,false,0,682910,26,ERROR-null-result,
1756906519694,NaN,-1,false,0,682911,21,ERROR-null-result,
1756906519761,NaN,-1,false,0,682913,23,ERROR-null-result,
1756906519820,NaN,-1,false,0,682914,26,ERROR-null-result,
1756906519888,NaN,-1,false,0,682916,24,ERROR-null-result,
1756906519956,NaN,-1,false,0,682917,36,ERROR-null-result,
1756906520038,NaN,-1,false,0,682919,36,ERROR-null-result,
1756906520127,NaN,-1,false,0,682920,17,ERROR-null-result,
1756906520188,NaN,-1,false,0,682922,15,ERROR-null-result,
1756906520265,NaN,-1,false,0,682923,55,ERROR-null-result,
1756906520481,NaN,-1,false,0,682925,42,ERROR-null-result,
1756906520588,NaN,-1,false,0,682926,50,ERROR-null-result,
1756906520690,NaN,-1,false,0,682928,42,ERROR-null-result,
1756906520783,NaN,-1,false,0,682929,49,ERROR-null-result,
1756906520907,NaN,-1,false,0,682931,10,ERROR-null-result,
1756906520957,NaN,-1,false,0,682932,38,ERROR-null-result,
1756906521033,NaN,-1,false,0,682934,13,ERROR-null-result,
1756906521069,NaN,-1,false,0,682935,17,ERROR-null-result,
1756906521114,NaN,-1,false,0,682937,12,ERROR-null-result,
1756906521150,NaN,-1,false,0,682938,10,ERROR-null-result,
1756906521190,NaN,-1,false,0,682940,22,ERROR-null-result,
1756906521258,NaN,-1,false,0,682942,18,ERROR-null-result,
1756906521321,NaN,-1,false,0,682943,35,ERROR-null-result,
1756906521416,NaN,-1,false,0,682945,11,ERROR-null-result,
1756906521462,NaN,-1,false,0,682946,31,ERROR-null-result,
1756906521522,NaN,-1,false,0,682948,21,ERROR-null-result,
1756906521563,NaN,-1,false,0,682949,15,ERROR-null-result,
1756906521596,NaN,-1,false,0,682950,12,ERROR-null-result,
1756906521628,NaN,-1,false,0,682952,7,ERROR-null-result,
1756906521661,NaN,-1,false,0,682953,13,ERROR-null-result,
1756906521693,NaN,-1,false,0,682955,12,ERROR-null-result,
1756906521726,NaN,-1,false,0,682956,10,ERROR-null-result,
1756906521756,NaN,-1,false,0,682958,17,ERROR-null-result,
1756906521792,NaN,-1,false,0,682960,12,ERROR-null-result,
1756906521824,NaN,-1,false,0,682962,13,ERROR-null-result,
1756906521855,NaN,-1,false,0,682964,9,ERROR-null-result,
1756906521881,NaN,-1,false,0,682965,11,ERROR-null-result,
1756906521909,NaN,-1,false,0,682967,5,ERROR-null-result,
1756906521929,NaN,-1,false,0,682969,10,ERROR-null-result,
1756906521956,NaN,-1,false,0,682970,8,ERROR-null-result,
1756906521985,NaN,-1,false,0,682972,5,ERROR-null-result,
1756906522005,NaN,-1,false,0,682974,11,ERROR-null-result,
1756906522031,NaN,-1,false,0,682975,13,ERROR-null-result,
1756906522056,NaN,-1,false,0,682977,8,ERROR-null-result,
1756906522078,NaN,-1,false,0,682978,6,ERROR-null-result,
1756906522101,NaN,-1,false,0,682980,9,ERROR-null-result,
1756906522126,NaN,-1,false,0,682982,11,ERROR-null-result,
1756906522151,NaN,-1,false,0,682984,5,ERROR-null-result,
1756906522170,NaN,-1,false,0,682985,7,ERROR-null-result,
1756906522190,NaN,-1,false,0,682987,9,ERROR-null-result,
1756906522213,NaN,-1,false,0,682988,6,ERROR-null-result,
1756906522233,NaN,-1,false,0,682990,5,ERROR-null-result,
1756906522253,NaN,-1,false,0,682991,10,ERROR-null-result,
1756906522275,NaN,-1,false,0,682995,5,ERROR-null-result,
1756906522304,NaN,-1,false,0,682996,6,ERROR-null-result,
1756906522323,NaN,-1,false,0,682997,10,ERROR-null-result,
1756906522356,NaN,-1,false,0,682999,19,ERROR-null-result,
1756906522396,NaN,-1,false,0,683001,18,ERROR-null-result,
1756906522441,NaN,-1,false,0,683002,18,ERROR-null-result,
1756906522488,NaN,-1,false,0,683004,18,ERROR-null-result,
1756906522543,NaN,-1,false,0,683005,21,ERROR-null-result,
1756906522597,NaN,-1,false,0,683007,14,ERROR-null-result,
1756906522648,NaN,-1,false,0,683009,10,ERROR-null-result,
1756906522689,NaN,-1,false,0,683010,22,ERROR-null-result,
1756906522752,NaN,-1,false,0,683012,23,ERROR-null-result,
1756906522813,NaN,-1,false,0,683013,23,ERROR-null-result,
1756906522868,NaN,-1,false,0,683015,11,ERROR-null-result,
1756906523023,NaN,-1,false,0,683017,16,ERROR-null-result,
1756906523072,NaN,-1,false,0,683018,12,ERROR-null-result,
1756906523120,NaN,-1,false,0,683020,14,ERROR-null-result,
1756906523165,NaN,-1,false,0,683021,13,ERROR-null-result,
1756906523211,NaN,-1,false,0,683023,14,ERROR-null-result,
1756906523259,NaN,-1,false,0,683024,18,ERROR-null-result,
1756906523292,NaN,-1,false,0,683026,6,ERROR-null-result,
1756906523307,NaN,-1,false,0,683027,8,ERROR-null-result,
1756906523328,NaN,-1,false,0,683029,4,ERROR-null-result,
1756906523344,NaN,-1,false,0,683030,5,ERROR-null-result,
1756906523360,NaN,-1,false,0,683032,4,ERROR-null-result,
1756906523376,NaN,-1,false,0,683033,4,ERROR-null-result,
1756906523394,NaN,-1,false,0,683034,9,ERROR-null-result,
1756906523412,NaN,-1,false,0,683036,10,ERROR-null-result,
1756906523430,NaN,-1,false,0,683038,3,ERROR-null-result,
1756906523451,NaN,-1,false,0,683040,10,ERROR-null-result,
1756906523472,NaN,-1,false,0,683042,5,ERROR-null-result,
1756906523490,NaN,-1,false,0,683044,3,ERROR-null-result,
1756906523507,NaN,-1,false,0,683046,7,ERROR-null-result,
1756906523528,NaN,-1,false,0,683047,9,ERROR-null-result,
1756906523555,NaN,-1,false,0,683049,14,ERROR-null-result,
1756906523587,NaN,-1,false,0,683053,51,ERROR-null-result,
1756906523651,NaN,-1,false,0,683055,14,ERROR-null-result,
1756906523694,NaN,-1,false,0,683057,14,ERROR-null-result,
1756906523729,NaN,-1,false,0,683059,22,ERROR-null-result,
1756906523815,NaN,-1,false,0,683060,20,ERROR-null-result,
1756906523852,NaN,-1,false,0,683062,23,ERROR-null-result,
1756906523907,NaN,-1,false,0,683064,21,ERROR-null-result,
1756906523956,NaN,-1,false,0,683065,22,ERROR-null-result,
1756906524011,NaN,-1,false,0,683066,25,ERROR-null-result,
1756906524047,NaN,-1,false,0,683067,16,ERROR-null-result,
1756906524080,NaN,-1,false,0,683068,12,ERROR-null-result,
1756906524109,NaN,-1,false,0,683070,13,ERROR-null-result,
1756906524144,NaN,-1,false,0,683071,9,ERROR-null-result,
1756906524179,NaN,-1,false,0,683073,9,ERROR-null-result,
1756906524207,NaN,-1,false,0,683074,9,ERROR-null-result,
1756906524236,NaN,-1,false,0,683076,14,ERROR-null-result,
1756906524268,NaN,-1,false,0,683077,14,ERROR-null-result,
1756906524306,NaN,-1,false,0,683079,6,ERROR-null-result,
1756906524347,NaN,-1,false,0,683081,68,ERROR-null-result,
1756906524437,NaN,-1,false,0,683082,46,ERROR-null-result,
1756906524486,NaN,-1,false,0,683083,11,ERROR-null-result,
1756906524517,NaN,-1,false,0,683085,9,ERROR-null-result,
1756906524546,NaN,-1,false,0,683086,14,ERROR-null-result,
1756906524578,NaN,-1,false,0,683088,41,ERROR-null-result,
1756906524624,NaN,-1,false,0,683090,6,ERROR-null-result,
1756906524643,NaN,-1,false,0,683091,12,ERROR-null-result,
1756906524725,NaN,-1,false,0,683093,20,ERROR-null-result,
1756906524772,NaN,-1,false,0,683095,17,ERROR-null-result,
1756906524804,NaN,-1,false,0,683096,6,ERROR-null-result,
1756906524823,NaN,-1,false,0,683098,12,ERROR-null-result,
1756906524847,NaN,-1,false,0,683100,5,ERROR-null-result,
1756906524869,NaN,-1,false,0,683101,9,ERROR-null-result,
1756906524886,NaN,-1,false,0,683103,8,ERROR-null-result,
1756906524909,NaN,-1,false,0,683104,4,ERROR-null-result,
1756906524925,NaN,-1,false,0,683106,4,ERROR-null-result,
1756906524934,NaN,-1,false,0,683107,11,ERROR-null-result,
1756906524956,NaN,-1,false,0,683109,2,ERROR-null-result,
1756906524965,NaN,-1,false,0,683110,6,ERROR-null-result,
1756906524978,NaN,-1,false,0,683112,3,ERROR-null-result,
1756906524991,NaN,-1,false,0,683114,2,ERROR-null-result,
1756906525003,NaN,-1,false,0,683115,4,ERROR-null-result,
1756906525017,NaN,-1,false,0,683117,2,ERROR-null-result,
1756906525028,NaN,-1,false,0,683119,4,ERROR-null-result,
1756906525038,NaN,-1,false,0,683120,5,ERROR-null-result,
1756906525051,NaN,-1,false,0,683121,11,ERROR-null-result,
1756906525070,NaN,-1,false,0,683123,2,ERROR-null-result,
1756906525081,NaN,-1,false,0,683124,6,ERROR-null-result,
1756906525091,NaN,-1,false,0,683125,6,ERROR-null-result,
1756906525103,NaN,-1,false,0,683126,4,ERROR-null-result,
1756906525115,NaN,-1,false,0,683127,4,ERROR-null-result,
1756906525125,NaN,-1,false,0,683128,6,ERROR-null-result,
1756906525136,NaN,-1,false,0,683130,2,ERROR-null-result,
1756906525150,NaN,-1,false,0,683131,2,ERROR-null-result,
1756906525161,NaN,-1,false,0,683133,3,ERROR-null-result,
1756906525170,NaN,-1,false,0,683134,7,ERROR-null-result,
1756906525183,NaN,-1,false,0,683138,8,ERROR-null-result,
1756906525197,NaN,-1,false,0,683139,3,ERROR-null-result,
1756906525210,NaN,-1,false,0,683141,3,ERROR-null-result,
1756906525226,NaN,-1,false,0,683143,5,ERROR-null-result,
1756906525240,NaN,-1,false,0,683144,4,ERROR-null-result,
1756906525255,NaN,-1,false,0,683146,4,ERROR-null-result,
1756906525270,NaN,-1,false,0,683148,2,ERROR-null-result,
1756906525284,NaN,-1,false,0,683150,3,ERROR-null-result,
1756906525299,NaN,-1,false,0,683152,3,ERROR-null-result,
1756906525308,NaN,-1,false,0,683153,6,ERROR-null-result,
1756906525321,NaN,-1,false,0,683155,7,ERROR-null-result,
1756906525335,NaN,-1,false,0,683156,4,ERROR-null-result,
1756906525351,NaN,-1,false,0,683158,8,ERROR-null-result,
1756906525363,NaN,-1,false,0,683160,3,ERROR-null-result,
1756906525377,NaN,-1,false,0,683162,3,ERROR-null-result,
1756906525386,NaN,-1,false,0,683163,6,ERROR-null-result,
1756906525397,NaN,-1,false,0,683164,3,ERROR-null-result,
1756906525411,NaN,-1,false,0,683165,4,ERROR-null-result,
1756906525425,NaN,-1,false,0,683167,2,ERROR-null-result,
1756906525437,NaN,-1,false,0,683168,5,ERROR-null-result,
1756906525448,NaN,-1,false,0,683170,5,ERROR-null-result,
1756906525463,NaN,-1,false,0,683172,2,ERROR-null-result,
1756906525476,NaN,-1,false,0,683173,5,ERROR-null-result,
1756906525488,NaN,-1,false,0,683175,3,ERROR-null-result,
1756906525502,NaN,-1,false,0,683176,5,ERROR-null-result,
1756906525511,NaN,-1,false,0,683178,5,ERROR-null-result,
1756906525521,NaN,-1,false,0,683180,7,ERROR-null-result,
1756906525537,NaN,-1,false,0,683181,4,ERROR-null-result,
1756906525550,NaN,-1,false,0,683183,2,ERROR-null-result,
1756906525564,NaN,-1,false,0,683185,2,ERROR-null-result,
1756906525573,NaN,-1,false,0,683186,7,ERROR-null-result,
1756906525585,NaN,-1,false,0,683188,2,ERROR-null-result,
1756906525602,NaN,-1,false,0,683190,8,ERROR-null-result,
1756906525630,NaN,-1,false,0,683192,2,ERROR-null-result,
1756906525642,NaN,-1,false,0,683193,4,ERROR-null-result,
1756906525653,NaN,-1,false,0,683195,7,ERROR-null-result,
1756906525666,NaN,-1,false,0,683196,6,ERROR-null-result,
1756906525680,NaN,-1,false,0,683197,4,ERROR-null-result,
1756906525693,NaN,-1,false,0,683198,5,ERROR-null-result,
1756906525705,NaN,-1,false,0,683199,7,ERROR-null-result,
1756906525718,NaN,-1,false,0,683201,6,ERROR-null-result,
1756906525732,NaN,-1,false,0,683202,7,ERROR-null-result,
1756906525746,NaN,-1,false,0,683204,7,ERROR-null-result,
1756906525804,NaN,-1,false,0,683206,6,ERROR-null-result,
1756906525820,NaN,-1,false,0,683207,103,ERROR-null-result,
1756906525932,NaN,-1,false,0,683208,10,ERROR-null-result,
1756906525950,NaN,-1,false,0,683209,11,ERROR-null-result,
1756906525970,NaN,-1,false,0,683211,5,ERROR-null-result,
1756906525989,NaN,-1,false,0,683212,6,ERROR-null-result,
1756906526009,NaN,-1,false,0,683214,9,ERROR-null-result,
1756906526025,NaN,-1,false,0,683215,10,ERROR-null-result,
1756906526041,NaN,-1,false,0,683217,9,ERROR-null-result,
1756906526058,NaN,-1,false,0,683219,7,ERROR-null-result,
1756906526073,NaN,-1,false,0,683220,10,ERROR-null-result,
1756906526095,NaN,-1,false,0,683222,3,ERROR-null-result,
1756906526104,NaN,-1,false,0,683223,2,ERROR-null-result,
1756906526122,NaN,-1,false,0,683224,9,ERROR-null-result,
1756906526143,NaN,-1,false,0,683227,4,ERROR-null-result,
1756906526161,NaN,-1,false,0,683228,6,ERROR-null-result,
1756906526189,NaN,-1,false,0,683230,4,ERROR-null-result,
1756906526202,NaN,-1,false,0,683231,4,ERROR-null-result,
1756906526218,NaN,-1,false,0,683233,2,ERROR-null-result,
1756906526227,NaN,-1,false,0,683234,8,ERROR-null-result,
1756906526241,NaN,-1,false,0,683236,3,ERROR-null-result,
1756906526255,NaN,-1,false,0,683237,6,ERROR-null-result,
1756906526269,NaN,-1,false,0,683238,4,ERROR-null-result,
1756906526290,NaN,-1,false,0,683242,6,ERROR-null-result,
1756906526303,NaN,-1,false,0,683244,4,ERROR-null-result,
1756906526318,NaN,-1,false,0,683246,3,ERROR-null-result,
1756906526333,NaN,-1,false,0,683247,3,ERROR-null-result,
1756906526345,NaN,-1,false,0,683249,3,ERROR-null-result,
1756906526361,NaN,-1,false,0,683251,8,ERROR-null-result,
1756906526380,NaN,-1,false,0,683255,6,ERROR-null-result,
1756906526401,NaN,-1,false,0,683257,10,ERROR-null-result,
1756906526427,NaN,-1,false,0,683258,6,ERROR-null-result,
1756906526446,NaN,-1,false,0,683260,3,ERROR-null-result,
1756906526463,NaN,-1,false,0,683261,9,ERROR-null-result,
1756906526482,NaN,-1,false,0,683263,7,ERROR-null-result,
1756906526503,NaN,-1,false,0,683264,9,ERROR-null-result,
1756906526526,NaN,-1,false,0,683266,11,ERROR-null-result,
1756906526549,NaN,-1,false,0,683267,6,ERROR-null-result,
1756906526570,NaN,-1,false,0,683268,8,ERROR-null-result,
1756906526586,NaN,-1,false,0,683269,8,ERROR-null-result,
1756906526600,NaN,-1,false,0,683271,9,ERROR-null-result,
1756906526617,NaN,-1,false,0,683273,6,ERROR-null-result,
1756906526630,NaN,-1,false,0,683274,7,ERROR-null-result,
1756906526643,NaN,-1,false,0,683275,5,ERROR-null-result,
1756906526655,NaN,-1,false,0,683276,4,ERROR-null-result,
1756906526664,NaN,-1,false,0,683278,6,ERROR-null-result,
1756906526677,NaN,-1,false,0,683279,10,ERROR-null-result,
1756906526702,NaN,-1,false,0,683281,5,ERROR-null-result,
1756906526721,NaN,-1,false,0,683283,3,ERROR-null-result,
1756906526736,NaN,-1,false,0,683285,12,ERROR-null-result,
1756906526753,NaN,-1,false,0,683287,10,ERROR-null-result,
1756906526771,NaN,-1,false,0,683289,2,ERROR-null-result,
1756906526784,NaN,-1,false,0,683291,7,ERROR-null-result,
1756906526799,NaN,-1,false,0,683293,5,ERROR-null-result,
1756906526818,NaN,-1,false,0,683295,8,ERROR-null-result,
1756906526835,NaN,-1,false,0,683297,5,ERROR-null-result,
1756906526848,NaN,-1,false,0,683299,5,ERROR-null-result,
1756906526863,NaN,-1,false,0,683300,6,ERROR-null-result,
1756906526876,NaN,-1,false,0,683302,3,ERROR-null-result,
1756906526890,NaN,-1,false,0,683303,4,ERROR-null-result,
1756906526902,NaN,-1,false,0,683306,3,ERROR-null-result,
1756906526911,NaN,-1,false,0,683308,7,ERROR-null-result,
1756906526931,NaN,-1,false,0,683310,3,ERROR-null-result,
1756906526941,NaN,-1,false,0,683311,5,ERROR-null-result,
1756906526964,NaN,-1,false,0,683313,9,ERROR-null-result,
1756906526982,NaN,-1,false,0,683314,8,ERROR-null-result,
1756906527002,NaN,-1,false,0,683315,10,ERROR-null-result,
1756906527018,NaN,-1,false,0,683316,14,ERROR-null-result,
1756906527042,NaN,-1,false,0,683318,4,ERROR-null-result,
1756906527058,NaN,-1,false,0,683319,5,ERROR-null-result,
1756906527081,NaN,-1,false,0,683321,8,ERROR-null-result,
1756906527098,NaN,-1,false,0,683322,10,ERROR-null-result,
1756906527125,NaN,-1,false,0,683324,8,ERROR-null-result,
1756906527141,NaN,-1,false,0,683326,13,ERROR-null-result,
1756906527165,NaN,-1,false,0,683327,5,ERROR-null-result,
1756906527183,NaN,-1,false,0,683328,4,ERROR-null-result,
1756906527197,NaN,-1,false,0,683329,4,ERROR-null-result,
1756906527204,NaN,-1,false,0,683331,5,ERROR-null-result,
1756906527216,NaN,-1,false,0,683333,9,ERROR-null-result,
1756906527234,NaN,-1,false,0,683334,6,ERROR-null-result,
1756906527246,NaN,-1,false,0,683336,3,ERROR-null-result,
1756906527258,NaN,-1,false,0,683337,5,ERROR-null-result,
1756906527404,NaN,-1,false,0,683360,35,ERROR-null-result,
1756906532379,NaN,-1,false,0,686456,1,ERROR-null-result,
1756906537381,NaN,-1,false,0,688961,8,ERROR-null-result,
1756906542382,NaN,-1,false,0,691457,4,ERROR-null-result,
1756906547383,NaN,-1,false,0,693947,3,ERROR-null-result,
1756906552386,NaN,-1,false,0,696011,8,ERROR-null-result,
1756906557385,NaN,-1,false,0,698940,4,ERROR-null-result,
1756906562378,NaN,-1,false,0,701145,3,ERROR-null-result,
1756906567386,NaN,-1,false,0,702311,11,ERROR-null-result,
1756906572382,NaN,-1,false,0,705465,3,ERROR-null-result,
1756906577379,NaN,-1,false,0,707956,1,ERROR-null-result,
1756906582386,NaN,-1,false,0,710456,4,ERROR-null-result,
1756906587385,NaN,-1,false,0,712950,9,ERROR-null-result,
1756906592377,NaN,-1,false,0,715467,1,ERROR-null-result,
1756906597380,NaN,-1,false,0,717962,1,ERROR-null-result,
1756906602383,NaN,-1,false,0,720452,2,ERROR-null-result,
1756906607382,NaN,-1,false,0,722956,2,ERROR-null-result,
1756906612377,NaN,-1,false,0,725453,1,ERROR-null-result,
1756906617387,NaN,-1,false,0,727962,1,ERROR-null-result,
1756906622377,NaN,-1,false,0,729931,14,ERROR-null-result,
1756906627379,NaN,-1,false,0,731367,28,ERROR-null-result,
1756906632377,NaN,-1,false,0,732938,6,ERROR-null-result,
1756906637377,NaN,-1,false,0,736145,1,ERROR-null-result,
1756906642381,NaN,-1,false,0,738640,1,ERROR-null-result,
1756906647382,NaN,-1,false,0,741132,4,ERROR-null-result,
1756906652376,NaN,-1,false,0,743636,1,ERROR-null-result,
1756906657393,NaN,-1,false,0,746141,1,ERROR-null-result,
1756906662379,NaN,-1,false,0,748640,3,ERROR-null-result,
1756906667378,NaN,-1,false,0,751130,1,ERROR-null-result,
1756906672387,NaN,-1,false,0,753645,8,ERROR-null-result,
1756906677388,NaN,-1,false,0,756142,6,ERROR-null-result,
1756906682376,NaN,-1,false,0,758633,3,ERROR-null-result,
1756906687387,NaN,-1,false,0,761140,1,ERROR-null-result,
1756906692381,NaN,-1,false,0,763636,1,ERROR-null-result,
1756906697381,NaN,-1,false,0,766136,8,ERROR-null-result,
1756906702379,NaN,-1,false,0,768635,1,ERROR-null-result,
1756906707381,NaN,-1,false,0,771138,1,ERROR-null-result,
1756906712379,NaN,-1,false,0,773619,3,ERROR-null-result,
1756906717378,NaN,-1,false,0,776128,1,ERROR-null-result,
1756906722378,NaN,-1,false,0,778638,8,ERROR-null-result,
1756906727377,NaN,-1,false,0,781138,1,ERROR-null-result,
1756906732378,NaN,-1,false,0,783624,1,ERROR-null-result,
1756906737393,NaN,-1,false,0,786130,2,ERROR-null-result,
1756906742387,NaN,-1,false,0,788630,9,ERROR-null-result,
1756906747393,NaN,-1,false,0,791143,10,ERROR-null-result,
1756906752381,NaN,-1,false,0,793627,1,ERROR-null-result,
1756906757382,NaN,-1,false,0,796132,1,ERROR-null-result,
1756906762377,NaN,-1,false,0,798616,11,ERROR-null-result,
1756906767378,NaN,-1,false,0,801140,8,ERROR-null-result,
1756906772385,NaN,-1,false,0,803644,7,ERROR-null-result,
1756906777384,NaN,-1,false,0,806118,7,ERROR-null-result,
1756906782379,NaN,-1,false,0,808621,1,ERROR-null-result,
1756906787378,NaN,-1,false,0,811137,1,ERROR-null-result,
1756906792377,NaN,-1,false,0,813638,6,ERROR-null-result,
1756906797377,NaN,-1,false,0,816133,1,ERROR-null-result,
1756906802386,NaN,-1,false,0,818623,1,ERROR-null-result,
1756906807389,NaN,-1,false,0,821131,6,ERROR-null-result,
1756906812379,NaN,-1,false,0,823619,4,ERROR-null-result,
1756906817377,NaN,-1,false,0,826135,5,ERROR-null-result,
1756906822377,NaN,-1,false,0,828633,1,ERROR-null-result,
1756906827394,NaN,-1,false,0,831141,6,ERROR-null-result,
1756906832385,NaN,-1,false,0,833645,5,ERROR-null-result,
1756906837380,NaN,-1,false,0,836147,3,ERROR-null-result,
1756906842383,NaN,-1,false,0,838636,3,ERROR-null-result,
1756906847379,NaN,-1,false,0,841124,1,ERROR-null-result,
1756906852379,NaN,-1,false,0,843636,1,ERROR-null-result,
1756906857376,NaN,-1,false,0,846113,1,ERROR-null-result,
1756906862395,NaN,-1,false,0,848646,3,ERROR-null-result,
1756906867377,NaN,-1,false,0,851145,1,ERROR-null-result,
1756906872391,NaN,-1,false,0,853641,7,ERROR-null-result,
1756906877377,NaN,-1,false,0,856130,1,ERROR-null-result,
1756906882377,NaN,-1,false,0,858632,1,ERROR-null-result,
1756906887399,NaN,-1,false,0,861150,4,ERROR-null-result,
1756906892386,NaN,-1,false,0,863639,1,ERROR-null-result,
1756906897377,NaN,-1,false,0,866131,8,ERROR-null-result,
1756906902380,NaN,-1,false,0,868637,1,ERROR-null-result,
1756906907386,NaN,-1,false,0,871136,3,ERROR-null-result,
1756906912378,NaN,-1,false,0,873645,1,ERROR-null-result,
1756906917389,NaN,-1,false,0,876136,8,ERROR-null-result,
1756906922378,NaN,-1,false,0,878645,3,ERROR-null-result,
1756906927383,NaN,-1,false,0,881145,3,ERROR-null-result,
1756906932377,NaN,-1,false,0,883633,1,ERROR-null-result,
1756906937381,NaN,-1,false,0,886136,8,ERROR-null-result,
1756906942382,NaN,-1,false,0,888646,1,ERROR-null-result,
1756906947377,NaN,-1,false,0,891137,6,ERROR-null-result,
1756906952388,NaN,-1,false,0,893642,1,ERROR-null-result,
1756906957378,NaN,-1,false,0,896136,1,ERROR-null-result,
1756906962379,NaN,-1,false,0,898635,1,ERROR-null-result,
1756906967377,NaN,-1,false,0,901127,4,ERROR-null-result,
1756906972376,NaN,-1,false,0,903627,4,ERROR-null-result,
1756906977392,NaN,-1,false,0,906140,1,ERROR-null-result,
1756906982394,NaN,-1,false,0,908631,1,ERROR-null-result,
1756906987382,NaN,-1,false,0,911137,1,ERROR-null-result,
1756906992387,NaN,-1,false,0,913637,1,ERROR-null-result,
1756906997377,NaN,-1,false,0,916119,1,ERROR-null-result,
1756907002400,NaN,-1,false,0,918641,3,ERROR-null-result,
1756907007377,NaN,-1,false,0,921122,6,ERROR-null-result,
1756907012378,NaN,-1,false,0,923636,6,ERROR-null-result,
1756907017379,NaN,-1,false,0,926141,5,ERROR-null-result,
1756907022381,NaN,-1,false,0,928637,2,ERROR-null-result,
1756907027379,NaN,-1,false,0,931131,1,ERROR-null-result,
1756907032379,NaN,-1,false,0,933630,1,ERROR-null-result,
1756907037378,NaN,-1,false,0,936132,1,ERROR-null-result,
1756907042379,NaN,-1,false,0,938640,1,ERROR-null-result,
1756907047387,NaN,-1,false,0,941145,2,ERROR-null-result,
1756907052381,NaN,-1,false,0,943645,7,ERROR-null-result,
1756907057377,NaN,-1,false,0,946140,1,ERROR-null-result,
1756907062391,NaN,-1,false,0,948641,1,ERROR-null-result,
1756907067383,NaN,-1,false,0,951131,4,ERROR-null-result,
1756907072379,NaN,-1,false,0,953631,2,ERROR-null-result,
1756907077385,NaN,-1,false,0,956127,2,ERROR-null-result,
1756907082381,NaN,-1,false,0,958631,4,ERROR-null-result,
1756907087380,NaN,-1,false,0,961140,1,ERROR-null-result,
1756907092378,NaN,-1,false,0,963636,4,ERROR-null-result,
1756907097386,NaN,-1,false,0,966141,9,ERROR-null-result,
1756907102379,NaN,-1,false,0,968631,1,ERROR-null-result,
1756907107379,NaN,-1,false,0,971136,9,ERROR-null-result,
1756907112377,NaN,-1,false,0,973640,1,ERROR-null-result,
1756907117379,NaN,-1,false,0,976141,3,ERROR-null-result,
1756907122378,NaN,-1,false,0,978637,1,ERROR-null-result,
1756907127392,NaN,-1,false,0,981136,5,ERROR-null-result,
1756907132382,NaN,-1,false,0,983636,4,ERROR-null-result,
1756907137384,NaN,-1,false,0,986136,3,ERROR-null-result,
1756907142377,NaN,-1,false,0,988632,5,ERROR-null-result,
1756907147378,NaN,-1,false,0,991131,7,ERROR-null-result,
1756907152377,NaN,-1,false,0,993632,4,ERROR-null-result,
1756907157378,NaN,-1,false,0,996141,1,ERROR-null-result,
1756907162380,NaN,-1,false,0,998636,1,ERROR-null-result,
1756907167377,NaN,-1,false,0,1001136,9,ERROR-null-result,
1756907172392,NaN,-1,false,0,1003630,18,ERROR-null-result,
1756907177384,NaN,-1,false,0,1006135,2,ERROR-null-result,
1756907182384,NaN,-1,false,0,1008626,3,ERROR-null-result,
1756907187375,NaN,-1,false,0,1011141,2,ERROR-null-result,
1756907192375,NaN,-1,false,0,1013638,7,ERROR-null-result,
1756907197391,NaN,-1,false,0,1015725,9,ERROR-null-result,
1756907202378,NaN,-1,false,0,1018636,1,ERROR-null-result,
1756907207382,NaN,-1,false,0,1021137,5,ERROR-null-result,
1756907212389,NaN,-1,false,0,1023173,7,ERROR-null-result,
1756907217390,NaN,-1,false,0,1025353,7,ERROR-null-result,
1756907222377,NaN,-1,false,0,1028356,1,ERROR-null-result,
1756907227394,NaN,-1,false,0,1030863,10,ERROR-null-result,
1756907232389,NaN,-1,false,0,1033348,1,ERROR-null-result,
1756907237381,NaN,-1,false,0,1035856,8,ERROR-null-result,
1756907242381,NaN,-1,false,0,1038353,1,ERROR-null-result,
1756907247382,NaN,-1,false,0,1040853,5,ERROR-null-result,
1756907252395,NaN,-1,false,0,1043358,3,ERROR-null-result,
1756907257384,NaN,-1,false,0,1045862,8,ERROR-null-result,
1756907262380,NaN,-1,false,0,1048353,5,ERROR-null-result,
1756907267377,NaN,-1,false,0,1050857,5,ERROR-null-result,
1756907272378,NaN,-1,false,0,1053362,2,ERROR-null-result,
1756907277392,NaN,-1,false,0,1055860,3,ERROR-null-result,
1756907282379,NaN,-1,false,0,1058353,5,ERROR-null-result,
1756907287382,NaN,-1,false,0,1060859,8,ERROR-null-result,
1756907292377,NaN,-1,false,0,1063354,6,ERROR-null-result,
1756907297395,NaN,-1,false,0,1065853,3,ERROR-null-result,
1756907302387,NaN,-1,false,0,1068363,7,ERROR-null-result,
1756907307377,NaN,-1,false,0,1070847,1,ERROR-null-result,
1756907312377,NaN,-1,false,0,1073350,5,ERROR-null-result,
1756907317381,NaN,-1,false,0,1075857,5,ERROR-null-result,
1756907322379,NaN,-1,false,0,1078353,7,ERROR-null-result,
1756907327382,NaN,-1,false,0,1080848,1,ERROR-null-result,
1756907332393,NaN,-1,false,0,1083353,8,ERROR-null-result,
1756907337386,NaN,-1,false,0,1085434,4,ERROR-null-result,
1756907342376,NaN,-1,false,0,1088333,1,ERROR-null-result,
1756907347391,NaN,-1,false,0,1090829,1,ERROR-null-result,
1756907352391,NaN,-1,false,0,1093324,3,ERROR-null-result,
1756907357383,NaN,-1,false,0,1095834,1,ERROR-null-result,
1756907362379,NaN,-1,false,0,1098318,1,ERROR-null-result,
1756907367383,NaN,-1,false,0,1100839,7,ERROR-null-result,
1756907372386,NaN,-1,false,0,1103329,5,ERROR-null-result,
1756907377378,NaN,-1,false,0,1105826,1,ERROR-null-result,
1756907382380,NaN,-1,false,0,1108324,1,ERROR-null-result,
1756907387378,NaN,-1,false,0,1110825,1,ERROR-null-result,
1756907392378,NaN,-1,false,0,1113324,2,ERROR-null-result,
1756907397377,NaN,-1,false,0,1115829,1,ERROR-null-result,
1756907402381,NaN,-1,false,0,1118329,2,ERROR-null-result,
1756907407377,NaN,-1,false,0,1120843,1,ERROR-null-result,
1756907412380,NaN,-1,false,0,1123329,1,ERROR-null-result,
1756907417386,NaN,-1,false,0,1125778,6,ERROR-null-result,
1756907422379,NaN,-1,false,0,1128324,4,ERROR-null-result,
1756907427389,NaN,-1,false,0,1130829,5,ERROR-null-result,
1756907432378,NaN,-1,false,0,1133338,3,ERROR-null-result,
1756907437378,NaN,-1,false,0,1135838,1,ERROR-null-result,
1756907442379,NaN,-1,false,0,1138329,2,ERROR-null-result,
1756907447391,NaN,-1,false,0,1140638,9,ERROR-null-result,
1756907452378,NaN,-1,false,0,1143322,1,ERROR-null-result,
1756907457380,NaN,-1,false,0,1145558,3,ERROR-null-result,
1756907462379,NaN,-1,false,0,1148319,1,ERROR-null-result,
1756907467383,NaN,-1,false,0,1150806,5,ERROR-null-result,
1756907472379,NaN,-1,false,0,1153252,4,ERROR-null-result,
1756907477377,NaN,-1,false,0,1155712,10,ERROR-null-result,
1756907482385,NaN,-1,false,0,1157461,10,ERROR-null-result,
1756907487386,NaN,-1,false,0,1160691,2,ERROR-null-result,
1756907492377,NaN,-1,false,0,1163182,4,ERROR-null-result,
1756907497382,NaN,-1,false,0,1165696,1,ERROR-null-result,
1756907502381,NaN,-1,false,0,1168191,1,ERROR-null-result,
1756907507380,NaN,-1,false,0,1170658,7,ERROR-null-result,
1756907512378,NaN,-1,false,0,1173192,1,ERROR-null-result,
1756907517377,NaN,-1,false,0,1175689,3,ERROR-null-result,
1756907522377,NaN,-1,false,0,1178195,5,ERROR-null-result,
1756907527377,NaN,-1,false,0,1180612,1,ERROR-null-result,
1756907532376,NaN,-1,false,0,1181793,6,ERROR-null-result,
1756907537391,NaN,-1,false,0,1184924,1,ERROR-null-result,
1756907542378,NaN,-1,false,0,1187397,1,ERROR-null-result,
1756907547377,NaN,-1,false,0,1189906,10,ERROR-null-result,
1756907552389,NaN,-1,false,0,1192428,8,ERROR-null-result,
1756907557378,NaN,-1,false,0,1194918,1,ERROR-null-result,
1756907562377,NaN,-1,false,0,1197423,8,ERROR-null-result,
1756907567377,NaN,-1,false,0,1199918,1,ERROR-null-result,
1756907572377,NaN,-1,false,0,1202414,6,ERROR-null-result,
1756907577388,NaN,-1,false,0,1204806,5,ERROR-null-result,
1756907582381,NaN,-1,false,0,1207416,8,ERROR-null-result,
1756907587378,NaN,-1,false,0,1209869,3,ERROR-null-result,
1756907592382,NaN,-1,false,0,1212419,5,ERROR-null-result,
1756907597376,NaN,-1,false,0,1214925,5,ERROR-null-result,
1756907602386,NaN,-1,false,0,1217420,6,ERROR-null-result,
1756907607392,NaN,-1,false,0,1219843,3,ERROR-null-result,
1756907612377,NaN,-1,false,0,1222420,1,ERROR-null-result,
1756907617383,NaN,-1,false,0,1224923,1,ERROR-null-result,
1756907622383,NaN,-1,false,0,1227404,8,ERROR-null-result,
1756907627377,NaN,-1,false,0,1229910,10,ERROR-null-result,
1756907632378,NaN,-1,false,0,1232417,1,ERROR-null-result,
1756907637378,NaN,-1,false,0,1234674,6,ERROR-null-result,
1756907642378,NaN,-1,false,0,1236863,3,ERROR-null-result,
1756907647377,NaN,-1,false,0,1239538,1,ERROR-null-result,
1756907652380,NaN,-1,false,0,1242168,1,ERROR-null-result,
1756907657379,NaN,-1,false,0,1244687,1,ERROR-null-result,
1756907662380,NaN,-1,false,0,1247159,2,ERROR-null-result,
1756907667385,NaN,-1,false,0,1249654,1,ERROR-null-result,
1756907672377,NaN,-1,false,0,1252161,1,ERROR-null-result,
1756907677381,NaN,-1,false,0,1254615,27,ERROR-null-result,
1756907682379,NaN,-1,false,0,1256474,3,ERROR-null-result,
1756907687377,NaN,-1,false,0,1259683,2,ERROR-null-result,
1756907692377,NaN,-1,false,0,1262197,1,ERROR-null-result,
1756907697386,NaN,-1,false,0,1264631,2,ERROR-null-result,
1756907702386,NaN,-1,false,0,1267185,1,ERROR-null-result,
1756907707387,NaN,-1,false,0,1269690,1,ERROR-null-result,
1756907712381,NaN,-1,false,0,1272182,1,ERROR-null-result,
1756907717379,NaN,-1,false,0,1274688,1,ERROR-null-result,
1756907722384,NaN,-1,false,0,1277166,6,ERROR-null-result,
1756907727379,NaN,-1,false,0,1279646,6,ERROR-null-result,
1756907732379,NaN,-1,false,0,1282196,1,ERROR-null-result,
1756907737380,NaN,-1,false,0,1284684,1,ERROR-null-result,
1756907742376,NaN,-1,false,0,1287184,1,ERROR-null-result,
1756907747387,NaN,-1,false,0,1289687,2,ERROR-null-result,
1756907752378,NaN,-1,false,0,1292182,2,ERROR-null-result,
1756907757377,NaN,-1,false,0,1293768,638,ERROR-null-result,
1756907762384,NaN,-1,false,0,1296766,8,ERROR-null-result,
1756907767385,NaN,-1,false,0,1299405,8,ERROR-null-result,
1756907772378,NaN,-1,false,0,1301771,50,ERROR-null-result,
1756907777377,NaN,-1,false,0,1304404,1,ERROR-null-result,
1756907782390,NaN,-1,false,0,1306905,9,ERROR-null-result,
1756907787376,NaN,-1,false,0,1309373,5,ERROR-null-result,
1756907792380,NaN,-1,false,0,1311890,1,ERROR-null-result,
1756907797394,NaN,-1,false,0,1314395,6,ERROR-null-result,
1756907802377,NaN,-1,false,0,1316851,4,ERROR-null-result,
1756907807387,NaN,-1,false,0,1318975,8,ERROR-null-result,
1756907812377,NaN,-1,false,0,1321890,9,ERROR-null-result,
1756907817379,NaN,-1,false,0,1324365,1,ERROR-null-result,
1756907822379,NaN,-1,false,0,1326890,1,ERROR-null-result,
1756907827380,NaN,-1,false,0,1329405,2,ERROR-null-result,
1756907832385,NaN,-1,false,0,1331834,9,ERROR-null-result,
1756907837392,NaN,-1,false,0,1334408,1,ERROR-null-result,
1756907842382,NaN,-1,false,0,1336910,1,ERROR-null-result,
1756907847376,NaN,-1,false,0,1339329,5,ERROR-null-result,
1756907852389,NaN,-1,false,0,1341900,2,ERROR-null-result,
1756907857389,NaN,-1,false,0,1344405,1,ERROR-null-result,
1756907862380,NaN,-1,false,0,1346837,11,ERROR-null-result,
1756907867379,NaN,-1,false,0,1349405,3,ERROR-null-result,
1756907872382,NaN,-1,false,0,1351910,5,ERROR-null-result,
1756907877379,NaN,-1,false,0,1354330,12,ERROR-null-result,
1756907882379,NaN,-1,false,0,1356905,3,ERROR-null-result,
1756907887387,NaN,-1,false,0,1359410,5,ERROR-null-result,
1756907892410,NaN,-1,false,0,1361811,12,ERROR-null-result,
1756907897380,NaN,-1,false,0,1364408,1,ERROR-null-result,
1756907902379,NaN,-1,false,0,1366914,1,ERROR-null-result,
1756907907387,NaN,-1,false,0,1369316,5,ERROR-null-result,
1756907912380,NaN,-1,false,0,1371909,1,ERROR-null-result,
1756907917377,NaN,-1,false,0,1374401,5,ERROR-null-result,
1756907922376,NaN,-1,false,0,1376844,2,ERROR-null-result,
1756907927383,NaN,-1,false,0,1379415,7,ERROR-null-result,
1756907932379,NaN,-1,false,0,1381905,3,ERROR-null-result,
1756907937389,NaN,-1,false,0,1384263,14,ERROR-null-result,
1756907942383,NaN,-1,false,0,1386903,9,ERROR-null-result,
1756907947378,NaN,-1,false,0,1389414,1,ERROR-null-result,
1756907952389,NaN,-1,false,0,1391774,23,ERROR-null-result,
1756907957381,NaN,-1,false,0,1394405,3,ERROR-null-result,
1756907962378,NaN,-1,false,0,1396908,1,ERROR-null-result,
1756907967380,NaN,-1,false,0,1399397,8,ERROR-null-result,
1756907972380,NaN,-1,false,0,1401906,3,ERROR-null-result,
1756907977379,NaN,-1,false,0,1404409,6,ERROR-null-result,
1756907982377,NaN,-1,false,0,1406895,9,ERROR-null-result,
1756907987380,NaN,-1,false,0,1409401,3,ERROR-null-result,
1756907992376,NaN,-1,false,0,1411901,5,ERROR-null-result,
1756907997390,NaN,-1,false,0,1414408,2,ERROR-null-result,
1756908002383,NaN,-1,false,0,1416905,4,ERROR-null-result,
1756908007383,NaN,-1,false,0,1419405,6,ERROR-null-result,
1756908012394,NaN,-1,false,0,1421577,15,ERROR-null-result,
1756908017379,NaN,-1,false,0,1424404,9,ERROR-null-result,
1756908022377,NaN,-1,false,0,1426905,8,ERROR-null-result,
1756908027387,NaN,-1,false,0,1429405,6,ERROR-null-result,
1756908032377,NaN,-1,false,0,1431911,1,ERROR-null-result,
1756908037396,NaN,-1,false,0,1434391,7,ERROR-null-result,
1756908042382,NaN,-1,false,0,1436883,12,ERROR-null-result,
1756908047379,NaN,-1,false,0,1439409,1,ERROR-null-result,
1756908052377,NaN,-1,false,0,1441198,7,ERROR-null-result,
1756908057387,NaN,-1,false,0,1443395,1,ERROR-null-result,
1756908062377,NaN,-1,false,0,1446637,1,ERROR-null-result,
1756908067383,NaN,-1,false,0,1448511,994,ERROR-null-result,
1756908072383,NaN,-1,false,0,1450894,7,ERROR-null-result,
1756908077380,NaN,-1,false,0,1453516,1,ERROR-null-result,
1756908082378,NaN,-1,false,0,1456014,1,ERROR-null-result,
1756908087383,NaN,-1,false,0,1458513,1,ERROR-null-result,
1756908092377,NaN,-1,false,0,1461008,5,ERROR-null-result,
1756908097387,NaN,-1,false,0,1463505,1,ERROR-null-result,
1756908102377,NaN,-1,false,0,1466014,1,ERROR-null-result,
1756908107383,NaN,-1,false,0,1468496,1,ERROR-null-result,
1756908112382,NaN,-1,false,0,1471009,2,ERROR-null-result,
1756908117377,NaN,-1,false,0,1473510,1,ERROR-null-result,
1756908122381,NaN,-1,false,0,1476014,7,ERROR-null-result,
1756908127378,NaN,-1,false,0,1478495,2,ERROR-null-result,
1756908132383,NaN,-1,false,0,1481014,4,ERROR-null-result,
1756908137379,NaN,-1,false,0,1483518,1,ERROR-null-result,
1756908142378,NaN,-1,false,0,1486019,1,ERROR-null-result,
1756908147378,NaN,-1,false,0,1488518,4,ERROR-null-result,
1756908152383,NaN,-1,false,0,1491018,8,ERROR-null-result,
1756908157379,NaN,-1,false,0,1493509,3,ERROR-null-result,
1756908162378,NaN,-1,false,0,1496005,4,ERROR-null-result,
1756908167379,NaN,-1,false,0,1498514,1,ERROR-null-result,
1756908172381,NaN,-1,false,0,1501015,1,ERROR-null-result,
1756908177378,NaN,-1,false,0,1503521,1,ERROR-null-result,
1756908182382,NaN,-1,false,0,1506014,1,ERROR-null-result,
1756908187377,NaN,-1,false,0,1508525,2,ERROR-null-result,
1756908192382,NaN,-1,false,0,1511015,4,ERROR-null-result,
1756908197389,NaN,-1,false,0,1513523,7,ERROR-null-result,
1756908202378,NaN,-1,false,0,1516009,2,ERROR-null-result,
1756908207381,NaN,-1,false,0,1518509,3,ERROR-null-result,
1756908212381,NaN,-1,false,0,1521014,3,ERROR-null-result,
1756908217379,NaN,-1,false,0,1523516,5,ERROR-null-result,
1756908222377,NaN,-1,false,0,1526001,1,ERROR-null-result,
1756908227396,NaN,-1,false,0,1528509,7,ERROR-null-result,
1756908232377,NaN,-1,false,0,1531017,1,ERROR-null-result,
1756908237392,NaN,-1,false,0,1533187,6,ERROR-null-result,
1756908242376,NaN,-1,false,0,1536006,6,ERROR-null-result,
1756908247377,NaN,-1,false,0,1538505,1,ERROR-null-result,
1756908252387,NaN,-1,false,0,1540653,3,ERROR-null-result,
1756908257393,NaN,-1,false,0,1543528,1,ERROR-null-result,
1756908262383,NaN,-1,false,0,1546014,6,ERROR-null-result,
1756908267379,NaN,-1,false,0,1548520,10,ERROR-null-result,
1756908272381,NaN,-1,false,0,1551003,1,ERROR-null-result,
1756908277378,NaN,-1,false,0,1553514,6,ERROR-null-result,
1756908282379,NaN,-1,false,0,1556009,6,ERROR-null-result,
1756908287378,NaN,-1,false,0,1558522,1,ERROR-null-result,
1756908292379,NaN,-1,false,0,1561003,2,ERROR-null-result,
1756908297383,NaN,-1,false,0,1563463,1,ERROR-null-result,
1756908302381,NaN,-1,false,0,1566019,1,ERROR-null-result,
1756908307378,NaN,-1,false,0,1568506,1,ERROR-null-result,
1756908312377,NaN,-1,false,0,1571012,7,ERROR-null-result,
1756908317377,NaN,-1,false,0,1573340,9,ERROR-null-result,
1756908322386,NaN,-1,false,0,1576023,1,ERROR-null-result,
1756908327401,NaN,-1,false,0,1578519,4,ERROR-null-result,
1756908332378,NaN,-1,false,0,1581018,1,ERROR-null-result,
1756908337385,NaN,-1,false,0,1583413,5,ERROR-null-result,
1756908342380,NaN,-1,false,0,1586014,3,ERROR-null-result,
1756908347376,NaN,-1,false,0,1588496,1,ERROR-null-result,
1756908352380,NaN,-1,false,0,1591007,1,ERROR-null-result,
1756908357383,NaN,-1,false,0,1593523,8,ERROR-null-result,
1756908362378,NaN,-1,false,0,1596009,5,ERROR-null-result,
1756908367382,NaN,-1,false,0,1598514,1,ERROR-null-result,
1756908372380,NaN,-1,false,0,1601015,1,ERROR-null-result,
1756908377377,NaN,-1,false,0,1603515,1,ERROR-null-result,
1756908382380,NaN,-1,false,0,1606014,2,ERROR-null-result,
1756908387383,NaN,-1,false,0,1608514,2,ERROR-null-result,
1756908392378,NaN,-1,false,0,1611014,1,ERROR-null-result,
1756908397386,NaN,-1,false,0,1613515,2,ERROR-null-result,
1756908402379,NaN,-1,false,0,1616015,1,ERROR-null-result,
1756908407376,NaN,-1,false,0,1618521,4,ERROR-null-result,
1756908412388,NaN,-1,false,0,1620936,1,ERROR-null-result,
1756908417376,NaN,-1,false,0,1623450,9,ERROR-null-result,
1756908422381,NaN,-1,false,0,1626017,2,ERROR-null-result,
1756908427378,NaN,-1,false,0,1628256,9,ERROR-null-result,
1756908432377,NaN,-1,false,0,1630972,3,ERROR-null-result,
1756908437376,NaN,-1,false,0,1633516,2,ERROR-null-result,
1756908442391,NaN,-1,false,0,1636014,2,ERROR-null-result,
1756908447381,NaN,-1,false,0,1638417,9,ERROR-null-result,
1756908452377,NaN,-1,false,0,1641007,1,ERROR-null-result,
1756908457391,NaN,-1,false,0,1643514,3,ERROR-null-result,
1756908462380,NaN,-1,false,0,1646020,1,ERROR-null-result,
1756908467378,NaN,-1,false,0,1648492,1,ERROR-null-result,
1756908472377,NaN,-1,false,0,1651009,1,ERROR-null-result,
1756908477377,NaN,-1,false,0,1653499,1,ERROR-null-result,
1756908482388,NaN,-1,false,0,1656014,1,ERROR-null-result,
1756908487378,NaN,-1,false,0,1658403,1,ERROR-null-result,
1756908492380,NaN,-1,false,0,1661019,3,ERROR-null-result,
1756908497385,NaN,-1,false,0,1663509,2,ERROR-null-result,
1756908502377,NaN,-1,false,0,1666018,1,ERROR-null-result,
1756908507392,NaN,-1,false,0,1668223,9,ERROR-null-result,
1756908512379,NaN,-1,false,0,1670980,1,ERROR-null-result,
1756908517377,NaN,-1,false,0,1673528,1,ERROR-null-result,
1756908522377,NaN,-1,false,0,1676004,1,ERROR-null-result,
1756908527379,NaN,-1,false,0,1678514,1,ERROR-null-result,
1756908532377,NaN,-1,false,0,1681021,2,ERROR-null-result,
1756908537377,NaN,-1,false,0,1683499,1,ERROR-null-result,
1756908542383,NaN,-1,false,0,1686019,9,ERROR-null-result,
1756908547377,NaN,-1,false,0,1688509,3,ERROR-null-result,
1756908552378,NaN,-1,false,0,1690676,6,ERROR-null-result,
1756908557394,NaN,-1,false,0,1693509,3,ERROR-null-result,
1756908562397,NaN,-1,false,0,1696024,2,ERROR-null-result,
1756908567377,NaN,-1,false,0,1698509,3,ERROR-null-result,
1756908572377,NaN,-1,false,0,1700881,1,ERROR-null-result,
1756908577391,NaN,-1,false,0,1703514,1,ERROR-null-result,
1756908582383,NaN,-1,false,0,1706009,1,ERROR-null-result,
1756908587377,NaN,-1,false,0,1708519,1,ERROR-null-result,
1756908592382,NaN,-1,false,0,1711018,1,ERROR-null-result,
1756908597377,NaN,-1,false,0,1713513,1,ERROR-null-result,
1756908602383,NaN,-1,false,0,1716018,1,ERROR-null-result,
1756908607390,NaN,-1,false,0,1718463,2,ERROR-null-result,
1756908612393,NaN,-1,false,0,1720995,1,ERROR-null-result,
1756908617387,NaN,-1,false,0,1723523,4,ERROR-null-result,
1756908622376,NaN,-1,false,0,1724792,14,ERROR-null-result,
1756908627381,NaN,-1,false,0,1727408,1,ERROR-null-result,
1756908632377,NaN,-1,false,0,1729918,3,ERROR-null-result,
1756908637377,NaN,-1,false,0,1732418,1,ERROR-null-result,
1756908642377,NaN,-1,false,0,1734924,1,ERROR-null-result,
1756908647377,NaN,-1,false,0,1737403,10,ERROR-null-result,
1756908652387,NaN,-1,false,0,1739932,1,ERROR-null-result,
1756908657389,NaN,-1,false,0,1742437,1,ERROR-null-result,
1756908662378,NaN,-1,false,0,1744923,1,ERROR-null-result,
1756908667378,NaN,-1,false,0,1747423,7,ERROR-null-result,
1756908672377,NaN,-1,false,0,1749930,5,ERROR-null-result,
1756908677381,NaN,-1,false,0,1752086,3,ERROR-null-result,
1756908682383,NaN,-1,false,0,1754918,1,ERROR-null-result,
1756908687379,NaN,-1,false,0,1757423,4,ERROR-null-result,
1756908692380,NaN,-1,false,0,1759928,1,ERROR-null-result,
1756908697381,NaN,-1,false,0,1762415,1,ERROR-null-result,
1756908702376,NaN,-1,false,0,1764923,1,ERROR-null-result,
1756908707386,NaN,-1,false,0,1767423,9,ERROR-null-result,
1756908712376,NaN,-1,false,0,1769919,6,ERROR-null-result,
1756908717378,NaN,-1,false,0,1772430,1,ERROR-null-result,
1756908722382,NaN,-1,false,0,1774923,1,ERROR-null-result,
1756908727379,NaN,-1,false,0,1777421,1,ERROR-null-result,
1756908732392,NaN,-1,false,0,1779923,2,ERROR-null-result,
1756908737382,NaN,-1,false,0,1782412,1,ERROR-null-result,
1756908742377,NaN,-1,false,0,1784914,1,ERROR-null-result,
1756908747384,NaN,-1,false,0,1787422,2,ERROR-null-result,
1756908752392,NaN,-1,false,0,1789928,3,ERROR-null-result,
1756908757377,NaN,-1,false,0,1792415,1,ERROR-null-result,
1756908762395,NaN,-1,false,0,1794928,10,ERROR-null-result,
1756908767388,NaN,-1,false,0,1797428,1,ERROR-null-result,
1756908772381,NaN,-1,false,0,1799923,2,ERROR-null-result,
1756908777388,NaN,-1,false,0,1802422,8,ERROR-null-result,
1756908782387,NaN,-1,false,0,1804923,1,ERROR-null-result,
1756908787377,NaN,-1,false,0,1807409,4,ERROR-null-result,
1756908792382,NaN,-1,false,0,1809914,1,ERROR-null-result,
1756908797390,NaN,-1,false,0,1812423,8,ERROR-null-result,
1756908802376,NaN,-1,false,0,1814922,1,ERROR-null-result,
1756908807386,NaN,-1,false,0,1817429,5,ERROR-null-result,
1756908812390,NaN,-1,false,0,1819906,9,ERROR-null-result,
1756908817381,NaN,-1,false,0,1822423,1,ERROR-null-result,
1756908822393,NaN,-1,false,0,1824826,10,ERROR-null-result,
1756908827378,NaN,-1,false,0,1827427,5,ERROR-null-result,
1756908832385,NaN,-1,false,0,1829914,7,ERROR-null-result,
1756908837378,NaN,-1,false,0,1832196,1,ERROR-null-result,
1756908842378,NaN,-1,false,0,1834932,4,ERROR-null-result,
1756908847392,NaN,-1,false,0,1837428,8,ERROR-null-result,
1756908852386,NaN,-1,false,0,1839923,1,ERROR-null-result,
1756908857393,NaN,-1,false,0,1842426,10,ERROR-null-result,
1756908862383,NaN,-1,false,0,1844923,5,ERROR-null-result,
1756908867390,NaN,-1,false,0,1847424,5,ERROR-null-result,
1756908872379,NaN,-1,false,0,1849923,2,ERROR-null-result,
1756908877385,NaN,-1,false,0,1852432,1,ERROR-null-result,
1756908882381,NaN,-1,false,0,1854924,8,ERROR-null-result,
1756908887387,NaN,-1,false,0,1857423,5,ERROR-null-result,
1756908892386,NaN,-1,false,0,1859923,2,ERROR-null-result,
1756908897379,NaN,-1,false,0,1862433,1,ERROR-null-result,
1756908902377,NaN,-1,false,0,1864907,1,ERROR-null-result,
1756908907378,NaN,-1,false,0,1867423,1,ERROR-null-result,
1756908912376,NaN,-1,false,0,1869920,3,ERROR-null-result,
1756908917388,NaN,-1,false,0,1872428,1,ERROR-null-result,
1756908922379,NaN,-1,false,0,1874918,1,ERROR-null-result,
1756908927378,NaN,-1,false,0,1877430,1,ERROR-null-result,
1756908932377,NaN,-1,false,0,1879603,5,ERROR-null-result,
1756908937392,NaN,-1,false,0,1882428,1,ERROR-null-result,
1756908942381,NaN,-1,false,0,1884928,7,ERROR-null-result,
1756908947377,NaN,-1,false,0,1887414,1,ERROR-null-result,
1756908952379,NaN,-1,false,0,1889912,3,ERROR-null-result,
1756908957378,NaN,-1,false,0,1892423,1,ERROR-null-result,
1756908962377,NaN,-1,false,0,1894918,4,ERROR-null-result,
1756908967377,NaN,-1,false,0,1897418,1,ERROR-null-result,
1756908972389,NaN,-1,false,0,1899928,6,ERROR-null-result,
1756908977379,NaN,-1,false,0,1902420,7,ERROR-null-result,
1756908982377,NaN,-1,false,0,1904812,6,ERROR-null-result,
1756908987377,NaN,-1,false,0,1907418,1,ERROR-null-result,
1756908992379,NaN,-1,false,0,1909928,1,ERROR-null-result,
1756908997377,NaN,-1,false,0,1912425,1,ERROR-null-result,
1756909002378,NaN,-1,false,0,1914920,1,ERROR-null-result,
1756909007381,NaN,-1,false,0,1917418,1,ERROR-null-result,
1756909012378,NaN,-1,false,0,1919918,3,ERROR-null-result,
1756909017378,NaN,-1,false,0,1922407,4,ERROR-null-result,
1756909022389,NaN,-1,false,0,1924901,18,ERROR-null-result,
1756909027378,NaN,-1,false,0,1927428,1,ERROR-null-result,
1756909032376,NaN,-1,false,0,1929906,5,ERROR-null-result,
1756909037387,NaN,-1,false,0,1932428,4,ERROR-null-result,
1756909042386,NaN,-1,false,0,1934920,7,ERROR-null-result,
1756909047382,NaN,-1,false,0,1937423,1,ERROR-null-result,
1756909052377,NaN,-1,false,0,1939932,1,ERROR-null-result,
1756909057378,NaN,-1,false,0,1942423,8,ERROR-null-result,
1756909062378,NaN,-1,false,0,1944923,1,ERROR-null-result,
1756909067378,NaN,-1,false,0,1947431,1,ERROR-null-result,
1756909072383,NaN,-1,false,0,1949918,5,ERROR-null-result,
1756909077384,NaN,-1,false,0,1952418,1,ERROR-null-result,
1756909082378,NaN,-1,false,0,1954927,4,ERROR-null-result,
1756909087381,NaN,-1,false,0,1957423,4,ERROR-null-result,
1756909092377,NaN,-1,false,0,1959924,1,ERROR-null-result,
1756909097377,NaN,-1,false,0,1962428,1,ERROR-null-result,
1756909102376,NaN,-1,false,0,1964909,4,ERROR-null-result,
1756909107381,NaN,-1,false,0,1967424,1,ERROR-null-result,
1756909112376,NaN,-1,false,0,1969917,1,ERROR-null-result,
1756909117376,NaN,-1,false,0,1972169,6,ERROR-null-result,
1756909122395,NaN,-1,false,0,1974554,4,ERROR-null-result,
1756909127377,NaN,-1,false,0,1977162,1,ERROR-null-result,
1756909132391,NaN,-1,false,0,1979179,7,ERROR-null-result,
1756909137382,NaN,-1,false,0,1982051,3,ERROR-null-result,
1756909142378,NaN,-1,false,0,1984628,1,ERROR-null-result,
1756909147380,NaN,-1,false,0,1987156,2,ERROR-null-result,
1756909152393,NaN,-1,false,0,1989671,2,ERROR-null-result,
1756909157382,NaN,-1,false,0,1992165,2,ERROR-null-result,
1756909162378,NaN,-1,false,0,1994661,2,ERROR-null-result,
1756909167385,NaN,-1,false,0,1997128,6,ERROR-null-result,
1756909172378,NaN,-1,false,0,1999666,3,ERROR-null-result,
1756909177377,NaN,-1,false,0,2001400,1,ERROR-null-result,
1756909182376,NaN,-1,false,0,2004645,8,ERROR-null-result,
1756909187389,NaN,-1,false,0,2007161,2,ERROR-null-result,
1756909192377,NaN,-1,false,0,2009668,7,ERROR-null-result,
1756909197380,NaN,-1,false,0,2012035,1,ERROR-null-result,
1756909202382,NaN,-1,false,0,2014666,6,ERROR-null-result,
1756909207378,NaN,-1,false,0,2017166,1,ERROR-null-result,
1756909212376,NaN,-1,false,0,2019657,1,ERROR-null-result,
1756909217376,NaN,-1,false,0,2022162,4,ERROR-null-result,
1756909222380,NaN,-1,false,0,2024515,1,ERROR-null-result,
1756909227381,NaN,-1,false,0,2027170,8,ERROR-null-result,
1756909232380,NaN,-1,false,0,2029666,1,ERROR-null-result,
1756909237382,NaN,-1,false,0,2032175,8,ERROR-null-result,
1756909242377,NaN,-1,false,0,2034672,1,ERROR-null-result,
1756909247382,NaN,-1,false,0,2037169,2,ERROR-null-result,
1756909252376,NaN,-1,false,0,2039639,12,ERROR-null-result,
1756909257380,NaN,-1,false,0,2040963,10,ERROR-null-result,
1756909262378,NaN,-1,false,0,2043636,2,ERROR-null-result,
1756909267388,NaN,-1,false,0,2046131,4,ERROR-null-result,
1756909272386,NaN,-1,false,0,2048631,1,ERROR-null-result,
1756909277379,NaN,-1,false,0,2051131,1,ERROR-null-result,
1756909282383,NaN,-1,false,0,2053626,7,ERROR-null-result,
1756909287380,NaN,-1,false,0,2056135,1,ERROR-null-result,
1756909292376,NaN,-1,false,0,2058620,9,ERROR-null-result,
1756909297378,NaN,-1,false,0,2061126,4,ERROR-null-result,
1756909302386,NaN,-1,false,0,2063635,1,ERROR-null-result,
1756909307388,NaN,-1,false,0,2066109,1,ERROR-null-result,
1756909312387,NaN,-1,false,0,2068640,8,ERROR-null-result,
1756909317380,NaN,-1,false,0,2070990,7,ERROR-null-result,
1756909322378,NaN,-1,false,0,2073627,1,ERROR-null-result,
1756909327377,NaN,-1,false,0,2076114,8,ERROR-null-result,
1756909332380,NaN,-1,false,0,2078625,1,ERROR-null-result,
1756909337382,NaN,-1,false,0,2081131,3,ERROR-null-result,
1756909342381,NaN,-1,false,0,2083626,1,ERROR-null-result,
1756909347376,NaN,-1,false,0,2086131,1,ERROR-null-result,
1756909352386,NaN,-1,false,0,2088632,1,ERROR-null-result,
1756909357386,NaN,-1,false,0,2091130,1,ERROR-null-result,
1756909362389,NaN,-1,false,0,2093645,1,ERROR-null-result,
1756909367381,NaN,-1,false,0,2096135,1,ERROR-null-result,
1756909372382,NaN,-1,false,0,2098631,2,ERROR-null-result,
1756909377377,NaN,-1,false,0,2101130,1,ERROR-null-result,
1756909382386,NaN,-1,false,0,2103631,7,ERROR-null-result,
1756909387376,NaN,-1,false,0,2106130,4,ERROR-null-result,
1756909392386,NaN,-1,false,0,2108632,3,ERROR-null-result,
1756909397389,NaN,-1,false,0,2111131,2,ERROR-null-result,
1756909402389,NaN,-1,false,0,2113561,3,ERROR-null-result,
1756909407384,NaN,-1,false,0,2116126,8,ERROR-null-result,
1756909412376,NaN,-1,false,0,2118587,4,ERROR-null-result,
1756909417377,NaN,-1,false,0,2121119,2,ERROR-null-result,
1756909422390,NaN,-1,false,0,2123631,2,ERROR-null-result,
1756909427387,NaN,-1,false,0,2126126,1,ERROR-null-result,
1756909432379,NaN,-1,false,0,2128631,4,ERROR-null-result,
1756909437384,NaN,-1,false,0,2131141,4,ERROR-null-result,
1756909442378,NaN,-1,false,0,2133640,6,ERROR-null-result,
1756909447378,NaN,-1,false,0,2136127,1,ERROR-null-result,
1756909452382,NaN,-1,false,0,2138626,3,ERROR-null-result,
1756909457377,NaN,-1,false,0,2141141,2,ERROR-null-result,
1756909462377,NaN,-1,false,0,2143635,1,ERROR-null-result,
1756909467386,NaN,-1,false,0,2146132,1,ERROR-null-result,
1756909472380,NaN,-1,false,0,2148626,7,ERROR-null-result,
1756909477379,NaN,-1,false,0,2151126,1,ERROR-null-result,
1756909482376,NaN,-1,false,0,2153626,1,ERROR-null-result,
1756909487386,NaN,-1,false,0,2156126,6,ERROR-null-result,
1756909492382,NaN,-1,false,0,2158631,3,ERROR-null-result,
1756909497388,NaN,-1,false,0,2161131,6,ERROR-null-result,
1756909502384,NaN,-1,false,0,2163626,3,ERROR-null-result,
1756909507378,NaN,-1,false,0,2166131,1,ERROR-null-result,
1756909512382,NaN,-1,false,0,2168626,1,ERROR-null-result,
1756909517377,NaN,-1,false,0,2171128,1,ERROR-null-result,
1756909522380,NaN,-1,false,0,2173631,1,ERROR-null-result,
1756909527377,NaN,-1,false,0,2176136,1,ERROR-null-result,
1756909532381,NaN,-1,false,0,2178627,1,ERROR-null-result,
1756909537378,NaN,-1,false,0,2181121,1,ERROR-null-result,
1756909542375,NaN,-1,false,0,2183635,1,ERROR-null-result,
1756909547385,NaN,-1,false,0,2186127,1,ERROR-null-result,
1756909552377,NaN,-1,false,0,2188619,2,ERROR-null-result,
1756909557378,NaN,-1,false,0,2191136,1,ERROR-null-result,
1756909562396,NaN,-1,false,0,2193622,17,ERROR-null-result,
1756909567383,NaN,-1,false,0,2196121,8,ERROR-null-result,
1756909572377,NaN,-1,false,0,2198640,1,ERROR-null-result,
1756909577380,NaN,-1,false,0,2201145,1,ERROR-null-result,
1756909582387,NaN,-1,false,0,2203626,8,ERROR-null-result,
1756909587386,NaN,-1,false,0,2206131,3,ERROR-null-result,
1756909592381,NaN,-1,false,0,2208631,11,ERROR-null-result,
1756909597376,NaN,-1,false,0,2211115,1,ERROR-null-result,
1756909602386,NaN,-1,false,0,2213637,6,ERROR-null-result,
1756909607388,NaN,-1,false,0,2216126,1,ERROR-null-result,
1756909612378,NaN,-1,false,0,2218640,1,ERROR-null-result,
1756909617394,NaN,-1,false,0,2221126,8,ERROR-null-result,
1756909622384,NaN,-1,false,0,2223623,7,ERROR-null-result,
1756909627379,NaN,-1,false,0,2226135,1,ERROR-null-result,
1756909632382,NaN,-1,false,0,2228636,5,ERROR-null-result,
1756909637378,NaN,-1,false,0,2231131,7,ERROR-null-result,
1756909642380,NaN,-1,false,0,2233626,3,ERROR-null-result,
1756909647386,NaN,-1,false,0,2236111,1,ERROR-null-result,
1756909652377,NaN,-1,false,0,2238632,1,ERROR-null-result,
1756909657376,NaN,-1,false,0,2241131,5,ERROR-null-result,
1756909662386,NaN,-1,false,0,2243624,1,ERROR-null-result,
1756909667383,NaN,-1,false,0,2246131,5,ERROR-null-result,
1756909672377,NaN,-1,false,0,2248607,1,ERROR-null-result,
1756909677376,NaN,-1,false,0,2251118,4,ERROR-null-result,
1756909682388,NaN,-1,false,0,2253623,1,ERROR-null-result,
1756909687376,NaN,-1,false,0,2256127,2,ERROR-null-result,
1756909692389,NaN,-1,false,0,2258636,9,ERROR-null-result,
1756909697378,NaN,-1,false,0,2261126,4,ERROR-null-result,
1756909702379,NaN,-1,false,0,2263621,1,ERROR-null-result,
1756909707386,NaN,-1,false,0,2266131,1,ERROR-null-result,
1756909712389,NaN,-1,false,0,2268631,1,ERROR-null-result,
1756909717377,NaN,-1,false,0,2271132,1,ERROR-null-result,
1756909722376,NaN,-1,false,0,2273634,5,ERROR-null-result,
1756909727387,NaN,-1,false,0,2276134,2,ERROR-null-result,
1756909732383,NaN,-1,false,0,2278631,3,ERROR-null-result,
1756909737379,NaN,-1,false,0,2281121,1,ERROR-null-result,
1756909742380,NaN,-1,false,0,2283632,7,ERROR-null-result,
1756909747381,NaN,-1,false,0,2286117,1,ERROR-null-result,
1756909752392,NaN,-1,false,0,2288639,13,ERROR-null-result,
1756909757380,NaN,-1,false,0,2291126,1,ERROR-null-result,
1756909762376,NaN,-1,false,0,2293626,8,ERROR-null-result,
1756909767385,NaN,-1,false,0,2296116,7,ERROR-null-result,
1756909772377,NaN,-1,false,0,2298626,1,ERROR-null-result,
1756909777376,NaN,-1,false,0,2301107,5,ERROR-null-result,
1756909782382,NaN,-1,false,0,2303632,1,ERROR-null-result,
1756909787376,NaN,-1,false,0,2306131,1,ERROR-null-result,
1756909792376,NaN,-1,false,0,2308354,9,ERROR-null-result,
1756909797375,NaN,-1,false,0,2311128,1,ERROR-null-result,
1756909802394,NaN,-1,false,0,2313645,1,ERROR-null-result,
1756909807378,NaN,-1,false,0,2316140,1,ERROR-null-result,
1756909812380,NaN,-1,false,0,2318617,1,ERROR-null-result,
1756909817380,NaN,-1,false,0,2321131,1,ERROR-null-result,
1756909822377,NaN,-1,false,0,2323631,1,ERROR-null-result,
1756909827391,NaN,-1,false,0,2326131,8,ERROR-null-result,
1756909832376,NaN,-1,false,0,2328635,8,ERROR-null-result,
1756909837387,NaN,-1,false,0,2330981,1,ERROR-null-result,
1756909842385,NaN,-1,false,0,2333640,8,ERROR-null-result,
1756909847392,NaN,-1,false,0,2336140,8,ERROR-null-result,
1756909852378,NaN,-1,false,0,2338630,1,ERROR-null-result,
1756909857388,NaN,-1,false,0,2341126,1,ERROR-null-result,
1756909862376,NaN,-1,false,0,2343601,1,ERROR-null-result,
1756909867376,NaN,-1,false,0,2346128,1,ERROR-null-result,
1756909872378,NaN,-1,false,0,2348623,1,ERROR-null-result,
1756909877380,NaN,-1,false,0,2351112,10,ERROR-null-result,
1756909882377,NaN,-1,false,0,2352982,6,ERROR-null-result,
1756909887376,NaN,-1,false,0,2356131,1,ERROR-null-result,
1756909892388,NaN,-1,false,0,2358249,4,ERROR-null-result,
1756909897377,NaN,-1,false,0,2361131,1,ERROR-null-result,
1756909902375,NaN,-1,false,0,2363628,6,ERROR-null-result,
1756909907377,NaN,-1,false,0,2366058,7,ERROR-null-result,
1756909912383,NaN,-1,false,0,2368449,1,ERROR-null-result,
1756909917379,NaN,-1,false,0,2371132,1,ERROR-null-result,
1756909922376,NaN,-1,false,0,2373628,1,ERROR-null-result,
1756909927386,NaN,-1,false,0,2376131,1,ERROR-null-result,
1756909932389,NaN,-1,false,0,2378631,5,ERROR-null-result,
1756909937376,NaN,-1,false,0,2381127,8,ERROR-null-result,
1756909942387,NaN,-1,false,0,2383646,8,ERROR-null-result,
1756909947376,NaN,-1,false,0,2386131,1,ERROR-null-result,
1756909952377,NaN,-1,false,0,2388631,4,ERROR-null-result,
1756909957376,NaN,-1,false,0,2391122,6,ERROR-null-result,
1756909962380,NaN,-1,false,0,2393626,3,ERROR-null-result,
1756909967387,NaN,-1,false,0,2396116,2,ERROR-null-result,
1756909972382,NaN,-1,false,0,2398630,3,ERROR-null-result,
1756909977388,NaN,-1,false,0,2401131,2,ERROR-null-result,
1756909982379,NaN,-1,false,0,2403602,22,ERROR-null-result,
1756909987375,NaN,-1,false,0,2406125,6,ERROR-null-result,
1756909992385,NaN,-1,false,0,2408632,5,ERROR-null-result,
1756909997380,NaN,-1,false,0,2411126,7,ERROR-null-result,
1756910002377,NaN,-1,false,0,2413618,1,ERROR-null-result,
1756910007379,NaN,-1,false,0,2416131,4,ERROR-null-result,
1756910012383,NaN,-1,false,0,2418626,6,ERROR-null-result,
1756910017381,NaN,-1,false,0,2421123,1,ERROR-null-result,
1756910022376,NaN,-1,false,0,2423629,1,ERROR-null-result,
1756910027384,NaN,-1,false,0,2426057,9,ERROR-null-result,
1756910032375,NaN,-1,false,0,2428635,2,ERROR-null-result,
1756910037386,NaN,-1,false,0,2431132,5,ERROR-null-result,
1756910042378,NaN,-1,false,0,2433203,1,ERROR-null-result,
1756910047377,NaN,-1,false,0,2436130,1,ERROR-null-result,
1756910052383,NaN,-1,false,0,2438626,3,ERROR-null-result,
1756910057378,NaN,-1,false,0,2441126,2,ERROR-null-result,
1756910062390,NaN,-1,false,0,2443636,2,ERROR-null-result,
1756910067391,NaN,-1,false,0,2446136,5,ERROR-null-result,
1756910072387,NaN,-1,false,0,2448637,1,ERROR-null-result,
1756910077378,NaN,-1,false,0,2451135,1,ERROR-null-result,
1756910082378,NaN,-1,false,0,2453621,1,ERROR-null-result,
1756910087376,NaN,-1,false,0,2456109,1,ERROR-null-result,
1756910092387,NaN,-1,false,0,2458638,7,ERROR-null-result,
1756910097387,NaN,-1,false,0,2461136,7,ERROR-null-result,
1756910102385,NaN,-1,false,0,2463631,3,ERROR-null-result,
1756910107378,NaN,-1,false,0,2466127,1,ERROR-null-result,
1756910112381,NaN,-1,false,0,2468631,1,ERROR-null-result,
1756910117379,NaN,-1,false,0,2471089,1,ERROR-null-result,
1756910122378,NaN,-1,false,0,2473627,1,ERROR-null-result,
1756910127377,NaN,-1,false,0,2476140,7,ERROR-null-result,
1756910132377,NaN,-1,false,0,2478631,1,ERROR-null-result,
1756910137384,NaN,-1,false,0,2481140,1,ERROR-null-result,
1756910142388,NaN,-1,false,0,2483626,3,ERROR-null-result,
1756910147379,NaN,-1,false,0,2486076,5,ERROR-null-result,
1756910152378,NaN,-1,false,0,2488621,1,ERROR-null-result,
1756910157378,NaN,-1,false,0,2491135,1,ERROR-null-result,
1756910162385,NaN,-1,false,0,2493544,9,ERROR-null-result,
1756910167376,NaN,-1,false,0,2496140,1,ERROR-null-result,
1756910172379,NaN,-1,false,0,2498631,1,ERROR-null-result,
1756910177379,NaN,-1,false,0,2500977,24,ERROR-null-result,
1756910182377,NaN,-1,false,0,2503635,1,ERROR-null-result,
1756910187376,NaN,-1,false,0,2506131,1,ERROR-null-result,
1756910192379,NaN,-1,false,0,2508577,5,ERROR-null-result,
1756910197376,NaN,-1,false,0,2511120,5,ERROR-null-result,
1756910202390,NaN,-1,false,0,2513640,1,ERROR-null-result,
1756910207377,NaN,-1,false,0,2516040,1,ERROR-null-result,
1756910212378,NaN,-1,false,0,2518110,1,ERROR-null-result,
1756910217376,NaN,-1,false,0,2521132,3,ERROR-null-result,
1756910222392,NaN,-1,false,0,2523567,1,ERROR-null-result,
1756910227380,NaN,-1,false,0,2526135,7,ERROR-null-result,
1756910232377,NaN,-1,false,0,2528621,5,ERROR-null-result,
1756910237377,NaN,-1,false,0,2531066,5,ERROR-null-result,
1756910242377,NaN,-1,false,0,2533641,2,ERROR-null-result,
1756910247381,NaN,-1,false,0,2535986,6,ERROR-null-result,
1756910252375,NaN,-1,false,0,2538502,9,ERROR-null-result,
1756910257391,NaN,-1,false,0,2541136,1,ERROR-null-result,
1756910262382,NaN,-1,false,0,2543631,3,ERROR-null-result,
1756910267379,NaN,-1,false,0,2546086,9,ERROR-null-result,
1756910272389,NaN,-1,false,0,2548281,6,ERROR-null-result,
1756910277379,NaN,-1,false,0,2551084,2,ERROR-null-result,
1756910282397,NaN,-1,false,0,2553554,1,ERROR-null-result,
1756910287381,NaN,-1,false,0,2556119,3,ERROR-null-result,
1756910292376,NaN,-1,false,0,2558618,1,ERROR-null-result,
1756910297401,NaN,-1,false,0,2560986,4,ERROR-null-result,
1756910302378,NaN,-1,false,0,2563635,1,ERROR-null-result,
1756910307376,NaN,-1,false,0,2566137,4,ERROR-null-result,
1756910312391,NaN,-1,false,0,2568626,3,ERROR-null-result,
1756910317377,NaN,-1,false,0,2571125,3,ERROR-null-result,
1756910322376,NaN,-1,false,0,2573628,1,ERROR-null-result,
1756910327376,NaN,-1,false,0,2576130,1,ERROR-null-result,
1756910332391,NaN,-1,false,0,2577802,10,ERROR-null-result,
1756910337381,NaN,-1,false,0,2580627,1,ERROR-null-result,
1756910342376,NaN,-1,false,0,2583123,2,ERROR-null-result,
1756910347380,NaN,-1,false,0,2585628,9,ERROR-null-result,
1756910352378,NaN,-1,false,0,2588132,1,ERROR-null-result,
1756910357376,NaN,-1,false,0,2590620,6,ERROR-null-result,
1756910362380,NaN,-1,false,0,2593135,2,ERROR-null-result,
1756910367394,NaN,-1,false,0,2595632,2,ERROR-null-result,
1756910372376,NaN,-1,false,0,2598124,1,ERROR-null-result,
1756910377387,NaN,-1,false,0,2600637,1,ERROR-null-result,
1756910382388,NaN,-1,false,0,2602936,3,ERROR-null-result,
1756910387377,NaN,-1,false,0,2603756,6,ERROR-null-result,
1756910392376,NaN,-1,false,0,2606198,2,ERROR-null-result,
1756910397390,NaN,-1,false,0,2608716,8,ERROR-null-result,
1756910402382,NaN,-1,false,0,2611204,1,ERROR-null-result,
1756910407382,NaN,-1,false,0,2613721,8,ERROR-null-result,
1756910412380,NaN,-1,false,0,2616221,3,ERROR-null-result,
1756910417376,NaN,-1,false,0,2618702,1,ERROR-null-result,
1756910422387,NaN,-1,false,0,2621230,1,ERROR-null-result,
1756910427386,NaN,-1,false,0,2623710,4,ERROR-null-result,
1756910432388,NaN,-1,false,0,2626217,9,ERROR-null-result,
1756910437375,NaN,-1,false,0,2628716,1,ERROR-null-result,
1756910442387,NaN,-1,false,0,2631215,1,ERROR-null-result,
1756910447377,NaN,-1,false,0,2633710,1,ERROR-null-result,
1756910452381,NaN,-1,false,0,2636216,5,ERROR-null-result,
1756910457376,NaN,-1,false,0,2638712,4,ERROR-null-result,
1756910462388,NaN,-1,false,0,2641226,1,ERROR-null-result,
1756910467380,NaN,-1,false,0,2643720,1,ERROR-null-result,
1756910472388,NaN,-1,false,0,2646221,1,ERROR-null-result,
1756910477377,NaN,-1,false,0,2648718,3,ERROR-null-result,
1756910482383,NaN,-1,false,0,2651024,9,ERROR-null-result,
1756910487377,NaN,-1,false,0,2653711,3,ERROR-null-result,
1756910492377,NaN,-1,false,0,2656208,1,ERROR-null-result,
1756910497382,NaN,-1,false,0,2658715,2,ERROR-null-result,
1756910502376,NaN,-1,false,0,2661058,5,ERROR-null-result,
1756910507391,NaN,-1,false,0,2663530,4,ERROR-null-result,
1756910512376,NaN,-1,false,0,2665534,7,ERROR-null-result,
1756910517386,NaN,-1,false,0,2668706,7,ERROR-null-result,
1756910522375,NaN,-1,false,0,2671212,2,ERROR-null-result,
1756910527387,NaN,-1,false,0,2673712,8,ERROR-null-result,
1756910532378,NaN,-1,false,0,2676221,1,ERROR-null-result,
1756910537377,NaN,-1,false,0,2678711,2,ERROR-null-result,
1756910542387,NaN,-1,false,0,2680699,8,ERROR-null-result,
1756910547392,NaN,-1,false,0,2683712,4,ERROR-null-result,
1756910552384,NaN,-1,false,0,2686194,14,ERROR-null-result,
1756910557384,NaN,-1,false,0,2688700,2,ERROR-null-result,
1756910562378,NaN,-1,false,0,2691207,1,ERROR-null-result,
1756910567376,NaN,-1,false,0,2693708,6,ERROR-null-result,
1756910572378,NaN,-1,false,0,2696212,3,ERROR-null-result,
1756910577383,NaN,-1,false,0,2698410,8,ERROR-null-result,
1756910582378,NaN,-1,false,0,2701221,1,ERROR-null-result,
1756910587376,NaN,-1,false,0,2703710,1,ERROR-null-result,
1756910592380,NaN,-1,false,0,2706140,3,ERROR-null-result,
1756910597378,NaN,-1,false,0,2708716,1,ERROR-null-result,
1756910602379,NaN,-1,false,0,2711221,1,ERROR-null-result,
1756910607379,NaN,-1,false,0,2713716,1,ERROR-null-result,
1756910612384,NaN,-1,false,0,2716207,1,ERROR-null-result,
1756910617376,NaN,-1,false,0,2718716,5,ERROR-null-result,
1756910622388,NaN,-1,false,0,2721212,5,ERROR-null-result,
1756910627376,NaN,-1,false,0,2723532,2,ERROR-null-result,
1756910632393,NaN,-1,false,0,2726207,4,ERROR-null-result,
1756910637377,NaN,-1,false,0,2728723,1,ERROR-null-result,
1756910642381,NaN,-1,false,0,2731212,3,ERROR-null-result,
1756910647377,NaN,-1,false,0,2733710,1,ERROR-null-result,
1756910652377,NaN,-1,false,0,2736203,4,ERROR-null-result,
1756910657387,NaN,-1,false,0,2738707,1,ERROR-null-result,
1756910662378,NaN,-1,false,0,2741207,2,ERROR-null-result,
1756910667377,NaN,-1,false,0,2743702,1,ERROR-null-result,
1756910672383,NaN,-1,false,0,2745579,5,ERROR-null-result,
1756910677376,NaN,-1,false,0,2748716,5,ERROR-null-result,
1756910682377,NaN,-1,false,0,2751183,2,ERROR-null-result,
1756910687375,NaN,-1,false,0,2753708,4,ERROR-null-result,
1756910692375,NaN,-1,false,0,2756133,3,ERROR-null-result,
1756910697386,NaN,-1,false,0,2758721,3,ERROR-null-result,
1756910702377,NaN,-1,false,0,2761212,1,ERROR-null-result,
1756910707376,NaN,-1,false,0,2763708,4,ERROR-null-result,
1756910712378,NaN,-1,false,0,2766216,6,ERROR-null-result,
1756910717376,NaN,-1,false,0,2768718,1,ERROR-null-result,
1756910722376,NaN,-1,false,0,2771216,1,ERROR-null-result,
1756910727391,NaN,-1,false,0,2773716,1,ERROR-null-result,
1756910732378,NaN,-1,false,0,2776202,1,ERROR-null-result,
1756910737376,NaN,-1,false,0,2778712,3,ERROR-null-result,
1756910742378,NaN,-1,false,0,2781221,1,ERROR-null-result,
1756910747381,NaN,-1,false,0,2783712,9,ERROR-null-result,
1756910752381,NaN,-1,false,0,2786206,2,ERROR-null-result,
1756910757377,NaN,-1,false,0,2788719,7,ERROR-null-result,
1756910762383,NaN,-1,false,0,2791221,4,ERROR-null-result,
1756910767376,NaN,-1,false,0,2793712,1,ERROR-null-result,
1756910772377,NaN,-1,false,0,2796177,2,ERROR-null-result,
1756910777376,NaN,-1,false,0,2798700,1,ERROR-null-result,
1756910782381,NaN,-1,false,0,2801216,1,ERROR-null-result,
1756910787379,NaN,-1,false,0,2803716,1,ERROR-null-result,
1756910792376,NaN,-1,false,0,2806202,6,ERROR-null-result,
1756910797382,NaN,-1,false,0,2808708,3,ERROR-null-result,
1756910802379,NaN,-1,false,0,2811212,8,ERROR-null-result,
1756910807394,NaN,-1,false,0,2813712,1,ERROR-null-result,
1756910812379,NaN,-1,false,0,2816212,1,ERROR-null-result,
1756910817385,NaN,-1,false,0,2818721,7,ERROR-null-result,
1756910822375,NaN,-1,false,0,2821204,1,ERROR-null-result,
1756910827389,NaN,-1,false,0,2823717,1,ERROR-null-result,
1756910832378,NaN,-1,false,0,2826209,1,ERROR-null-result,
1756910837378,NaN,-1,false,0,2828489,1974,ERROR-null-result,
1756910842384,NaN,-1,false,0,2830444,26,ERROR-null-result,
1756910847377,NaN,-1,false,0,2833436,2,ERROR-null-result,
1756910852377,NaN,-1,false,0,2835572,3,ERROR-null-result,
1756910857377,NaN,-1,false,0,2838438,1,ERROR-null-result,
1756910862390,NaN,-1,false,0,2840899,8,ERROR-null-result,
1756910867379,NaN,-1,false,0,2843438,3,ERROR-null-result,
1756910872376,NaN,-1,false,0,2845942,1,ERROR-null-result,
1756910877389,NaN,-1,false,0,2848438,1,ERROR-null-result,
1756910882379,NaN,-1,false,0,2850939,2,ERROR-null-result,
1756910887381,NaN,-1,false,0,2853437,1,ERROR-null-result,
1756910892382,NaN,-1,false,0,2855935,1,ERROR-null-result,
1756910897379,NaN,-1,false,0,2858440,1,ERROR-null-result,
1756910902376,NaN,-1,false,0,2860938,1,ERROR-null-result,
1756910907378,NaN,-1,false,0,2863436,7,ERROR-null-result,
1756910912376,NaN,-1,false,0,2865922,1,ERROR-null-result,
1756910917378,NaN,-1,false,0,2868438,1,ERROR-null-result,
1756910922377,NaN,-1,false,0,2870938,1,ERROR-null-result,
1756910927389,NaN,-1,false,0,2873438,1,ERROR-null-result,
1756910932378,NaN,-1,false,0,2875937,1,ERROR-null-result,
1756910937378,NaN,-1,false,0,2878442,2,ERROR-null-result,
1756910942379,NaN,-1,false,0,2880933,6,ERROR-null-result,
1756910947387,NaN,-1,false,0,2883446,17,ERROR-null-result,
1756910952379,NaN,-1,false,0,2885934,1,ERROR-null-result,
1756910957377,NaN,-1,false,0,2888446,1,ERROR-null-result,
1756910962379,NaN,-1,false,0,2890943,8,ERROR-null-result,
1756910967378,NaN,-1,false,0,2893445,2,ERROR-null-result,
1756910972377,NaN,-1,false,0,2895947,1,ERROR-null-result,
1756910977381,NaN,-1,false,0,2898438,4,ERROR-null-result,
1756910982390,NaN,-1,false,0,2900943,2,ERROR-null-result,
1756910987379,NaN,-1,false,0,2903438,5,ERROR-null-result,
1756910992376,NaN,-1,false,0,2905934,2,ERROR-null-result,
1756910997387,NaN,-1,false,0,2908448,1,ERROR-null-result,
1756911002378,NaN,-1,false,0,2910938,1,ERROR-null-result,
1756911007378,NaN,-1,false,0,2913438,4,ERROR-null-result,
1756911012390,NaN,-1,false,0,2915787,51,ERROR-null-result,
1756911017376,NaN,-1,false,0,2916826,3,ERROR-null-result,
1756911022390,NaN,-1,false,0,2920296,6,ERROR-null-result,
1756911027376,NaN,-1,false,0,2922802,1,ERROR-null-result,
1756911032396,NaN,-1,false,0,2925308,7,ERROR-null-result,
1756911037379,NaN,-1,false,0,2927795,1,ERROR-null-result,
1756911042379,NaN,-1,false,0,2930296,2,ERROR-null-result,
1756911047377,NaN,-1,false,0,2932801,4,ERROR-null-result,
1756911052380,NaN,-1,false,0,2935291,2,ERROR-null-result,
1756911057375,NaN,-1,false,0,2937790,1,ERROR-null-result,
1756911062396,NaN,-1,false,0,2940112,8,ERROR-null-result,
1756911067377,NaN,-1,false,0,2942790,1,ERROR-null-result,
1756911072376,NaN,-1,false,0,2945291,1,ERROR-null-result,
1756911077379,NaN,-1,false,0,2947792,3,ERROR-null-result,
1756911082384,NaN,-1,false,0,2949960,10,ERROR-null-result,
1756911087382,NaN,-1,false,0,2952801,1,ERROR-null-result,
1756911092379,NaN,-1,false,0,2955297,1,ERROR-null-result,
1756911097378,NaN,-1,false,0,2957793,1,ERROR-null-result,
1756911102377,NaN,-1,false,0,2960286,6,ERROR-null-result,
1756911107380,NaN,-1,false,0,2962796,1,ERROR-null-result,
1756911112377,NaN,-1,false,0,2965302,6,ERROR-null-result,
1756911117376,NaN,-1,false,0,2967799,1,ERROR-null-result,
1756911122382,NaN,-1,false,0,2970301,5,ERROR-null-result,
1756911127382,NaN,-1,false,0,2972791,7,ERROR-null-result,
1756911132376,NaN,-1,false,0,2975301,5,ERROR-null-result,
1756911137375,NaN,-1,false,0,2977798,1,ERROR-null-result,
1756911142383,NaN,-1,false,0,2980292,2,ERROR-null-result,
1756911147394,NaN,-1,false,0,2982796,3,ERROR-null-result,
1756911152381,NaN,-1,false,0,2985296,1,ERROR-null-result,
1756911157381,NaN,-1,false,0,2987789,1,ERROR-null-result,
1756911162377,NaN,-1,false,0,2990305,1,ERROR-null-result,
1756911167376,NaN,-1,false,0,2992794,1,ERROR-null-result,
1756911172401,NaN,-1,false,0,2995297,8,ERROR-null-result,
1756911177377,NaN,-1,false,0,2997789,1,ERROR-null-result,
1756911182377,NaN,-1,false,0,3000300,1,ERROR-null-result,
1756911187376,NaN,-1,false,0,3002791,8,ERROR-null-result,
1756911192395,NaN,-1,false,0,3005291,7,ERROR-null-result,
1756911197378,NaN,-1,false,0,3007802,1,ERROR-null-result,
1756911202379,NaN,-1,false,0,3010299,3,ERROR-null-result,
1756911207388,NaN,-1,false,0,3012805,8,ERROR-null-result,
1756911212383,NaN,-1,false,0,3015296,9,ERROR-null-result,
1756911217376,NaN,-1,false,0,3017373,1758,ERROR-null-result,
1756911222385,NaN,-1,false,0,3019868,4,ERROR-null-result,
1756911227376,NaN,-1,false,0,3022367,1,ERROR-null-result,
1756911232387,NaN,-1,false,0,3024873,1,ERROR-null-result,
1756911237390,NaN,-1,false,0,3027373,7,ERROR-null-result,
1756911242375,NaN,-1,false,0,3029871,8,ERROR-null-result,
1756911247386,NaN,-1,false,0,3032377,5,ERROR-null-result,
1756911252377,NaN,-1,false,0,3034866,2,ERROR-null-result,
1756911257377,NaN,-1,false,0,3037372,1,ERROR-null-result,
1756911262378,NaN,-1,false,0,3039863,3,ERROR-null-result,
1756911267377,NaN,-1,false,0,3042364,1,ERROR-null-result,
1756911272377,NaN,-1,false,0,3044873,1,ERROR-null-result,
1756911277377,NaN,-1,false,0,3047355,1,ERROR-null-result,
1756911282379,NaN,-1,false,0,3049868,2,ERROR-null-result,
1756911287378,NaN,-1,false,0,3052370,1,ERROR-null-result,
1756911292382,NaN,-1,false,0,3054533,13,ERROR-null-result,
1756911297380,NaN,-1,false,0,3057372,1,ERROR-null-result,
1756911302378,NaN,-1,false,0,3059868,1,ERROR-null-result,
1756911307379,NaN,-1,false,0,3062369,1,ERROR-null-result,
1756911312387,NaN,-1,false,0,3064868,2,ERROR-null-result,
1756911317378,NaN,-1,false,0,3067368,1,ERROR-null-result,
1756911322380,NaN,-1,false,0,3069874,1,ERROR-null-result,
1756911327379,NaN,-1,false,0,3072369,1,ERROR-null-result,
1756911332378,NaN,-1,false,0,3074868,1,ERROR-null-result,
1756911337377,NaN,-1,false,0,3077363,1,ERROR-null-result,
1756911342379,NaN,-1,false,0,3079863,5,ERROR-null-result,
1756911347377,NaN,-1,false,0,3082368,1,ERROR-null-result,
1756911352385,NaN,-1,false,0,3084878,6,ERROR-null-result,
1756911357378,NaN,-1,false,0,3087377,1,ERROR-null-result,
1756911362375,NaN,-1,false,0,3089868,1,ERROR-null-result,
1756911367386,NaN,-1,false,0,3092369,6,ERROR-null-result,
1756911372382,NaN,-1,false,0,3094863,7,ERROR-null-result,
1756911377392,NaN,-1,false,0,3097373,1,ERROR-null-result,
1756911382379,NaN,-1,false,0,3099874,1,ERROR-null-result,
1756911387379,NaN,-1,false,0,3102368,1,ERROR-null-result,
1756911392378,NaN,-1,false,0,3104868,3,ERROR-null-result,
1756911397382,NaN,-1,false,0,3107368,4,ERROR-null-result,
1756911402377,NaN,-1,false,0,3109863,1,ERROR-null-result,
1756911407386,NaN,-1,false,0,3112368,5,ERROR-null-result,
1756911412377,NaN,-1,false,0,3114657,7,ERROR-null-result,
1756911417378,NaN,-1,false,0,3116692,1,ERROR-null-result,
1756911422379,NaN,-1,false,0,3119723,3,ERROR-null-result,
1756911951347,NaN,-1,false,0,29,3,ERROR-null-result,
1756911956300,NaN,-1,false,0,2343,8,ERROR-null-result,
1756911961285,NaN,-1,false,0,4903,4,ERROR-null-result,
1756911966286,NaN,-1,false,0,7410,3,ERROR-null-result,
1756911971293,NaN,-1,false,0,9836,7,ERROR-null-result,
1756911976288,NaN,-1,false,0,11635,6,ERROR-null-result,
1756911981289,NaN,-1,false,0,14605,1,ERROR-null-result,
1756911986291,NaN,-1,false,0,17105,3,ERROR-null-result,
1756911991296,NaN,-1,false,0,19629,6,ERROR-null-result,
1756911996281,NaN,-1,false,0,22123,8,ERROR-null-result,
1756912001288,NaN,-1,false,0,24622,1,ERROR-null-result,
1756912006294,NaN,-1,false,0,27129,8,ERROR-null-result,
1756912011288,NaN,-1,false,0,29623,3,ERROR-null-result,
1756912016285,NaN,-1,false,0,32120,6,ERROR-null-result,
1756912021296,NaN,-1,false,0,34630,6,ERROR-null-result,
1756912026281,NaN,-1,false,0,37115,7,ERROR-null-result,
1756912031299,NaN,-1,false,0,39627,2,ERROR-null-result,
1756912036292,NaN,-1,false,0,42121,7,ERROR-null-result,
1756912041296,NaN,-1,false,0,44627,12,ERROR-null-result,
1756912046278,NaN,-1,false,0,47110,7,ERROR-null-result,
1756912051292,NaN,-1,false,0,49477,10,ERROR-null-result,
1756912056299,NaN,-1,false,0,52095,9,ERROR-null-result,
1756912061289,NaN,-1,false,0,54625,6,ERROR-null-result,
1756912066285,NaN,-1,false,0,57100,8,ERROR-null-result,
1756912071299,NaN,-1,false,0,59617,35,ERROR-null-result,
1756912076287,NaN,-1,false,0,62095,1,ERROR-null-result,
1756912081297,NaN,-1,false,0,64621,6,ERROR-null-result,
1756912086279,NaN,-1,false,0,67120,7,ERROR-null-result,
1756912091298,NaN,-1,false,0,69629,1,ERROR-null-result,
1756912096293,NaN,-1,false,0,72130,9,ERROR-null-result,
1756912101286,NaN,-1,false,0,74622,1,ERROR-null-result,
1756912106288,NaN,-1,false,0,77113,5,ERROR-null-result,
1756912111291,NaN,-1,false,0,79626,2,ERROR-null-result,
1756912116302,NaN,-1,false,0,82128,9,ERROR-null-result,
1756912121290,NaN,-1,false,0,84629,9,ERROR-null-result,
1756912126294,NaN,-1,false,0,87119,8,ERROR-null-result,
1756912131278,NaN,-1,false,0,89620,8,ERROR-null-result,
1756912136306,NaN,-1,false,0,92130,9,ERROR-null-result,
1756912141277,NaN,-1,false,0,94619,9,ERROR-null-result,
1756912146287,NaN,-1,false,0,97115,6,ERROR-null-result,
1756912151295,NaN,-1,false,0,99627,1,ERROR-null-result,
1756912156287,NaN,-1,false,0,102120,8,ERROR-null-result,
1756912161288,NaN,-1,false,0,104615,2,ERROR-null-result,
1756912166276,NaN,-1,false,0,107002,5,ERROR-null-result,
1756912171288,NaN,-1,false,0,109615,10,ERROR-null-result,
1756912176294,NaN,-1,false,0,112119,4,ERROR-null-result,
1756912181291,NaN,-1,false,0,114624,6,ERROR-null-result,
1756912186295,NaN,-1,false,0,117120,3,ERROR-null-result,
1756912191283,NaN,-1,false,0,119565,6,ERROR-null-result,
1756912196288,NaN,-1,false,0,122108,7,ERROR-null-result,
1756912201291,NaN,-1,false,0,124610,1,ERROR-null-result,
1756912206304,NaN,-1,false,0,127128,6,ERROR-null-result,
1756912211279,NaN,-1,false,0,129609,3,ERROR-null-result,
1756912216294,NaN,-1,false,0,132127,9,ERROR-null-result,
1756912221282,NaN,-1,false,0,134622,8,ERROR-null-result,
1756912226295,NaN,-1,false,0,136792,10,ERROR-null-result,
1756912231280,NaN,-1,false,0,138565,4,ERROR-null-result,
1756912236294,NaN,-1,false,0,140816,8,ERROR-null-result,
1756912241281,NaN,-1,false,0,143602,1,ERROR-null-result,
1756912246288,NaN,-1,false,0,146114,10,ERROR-null-result,
1756912251288,NaN,-1,false,0,148606,1,ERROR-null-result,
1756912256299,NaN,-1,false,0,151103,3,ERROR-null-result,
1756912261291,NaN,-1,false,0,153613,1,ERROR-null-result,
1756912266295,NaN,-1,false,0,156113,7,ERROR-null-result,
1756912271288,NaN,-1,false,0,158603,5,ERROR-null-result,
1756912276278,NaN,-1,false,0,161105,2,ERROR-null-result,
1756912281289,NaN,-1,false,0,163609,5,ERROR-null-result,
1756912286292,NaN,-1,false,0,166111,3,ERROR-null-result,
1756912291298,NaN,-1,false,0,168609,6,ERROR-null-result,
1756912296283,NaN,-1,false,0,171108,9,ERROR-null-result,
1756912301292,NaN,-1,false,0,173609,2,ERROR-null-result,
1756912306298,NaN,-1,false,0,176114,1,ERROR-null-result,
1756912311287,NaN,-1,false,0,178599,4,ERROR-null-result,
1756912316296,NaN,-1,false,0,181113,7,ERROR-null-result,
1756912321275,NaN,-1,false,0,183321,1,ERROR-null-result,
1756912326297,NaN,-1,false,0,186116,8,ERROR-null-result,
1756912331295,NaN,-1,false,0,188382,3,ERROR-null-result,
1756912336277,NaN,-1,false,0,191104,5,ERROR-null-result,
1756912341289,NaN,-1,false,0,193612,1,ERROR-null-result,
1756912346301,NaN,-1,false,0,196119,8,ERROR-null-result,
1756912351293,NaN,-1,false,0,198614,8,ERROR-null-result,
1756912356277,NaN,-1,false,0,201109,1,ERROR-null-result,
1756912361299,NaN,-1,false,0,203618,11,ERROR-null-result,
1756912366288,NaN,-1,false,0,206114,10,ERROR-null-result,
1756912371289,NaN,-1,false,0,208614,7,ERROR-null-result,
1756912376290,NaN,-1,false,0,211113,9,ERROR-null-result,
1756912381295,NaN,-1,false,0,213609,5,ERROR-null-result,
1756912386277,NaN,-1,false,0,216103,7,ERROR-null-result,
1756912391296,NaN,-1,false,0,218394,9,ERROR-null-result,
1756912396278,NaN,-1,false,0,221102,7,ERROR-null-result,
1756912401295,NaN,-1,false,0,223614,8,ERROR-null-result,
1756912406275,NaN,-1,false,0,226106,5,ERROR-null-result,
1756912411285,NaN,-1,false,0,228608,3,ERROR-null-result,
1756912416288,NaN,-1,false,0,231116,8,ERROR-null-result,
1756912421284,NaN,-1,false,0,233614,5,ERROR-null-result,
1756912426288,NaN,-1,false,0,236071,16,ERROR-null-result,
1756912431293,NaN,-1,false,0,238618,9,ERROR-null-result,
1756912436292,NaN,-1,false,0,241111,9,ERROR-null-result,
1756912441297,NaN,-1,false,0,243611,7,ERROR-null-result,
1756912446288,NaN,-1,false,0,246109,8,ERROR-null-result,
1756912451284,NaN,-1,false,0,248613,1,ERROR-null-result,
1756912456277,NaN,-1,false,0,251098,1,ERROR-null-result,
1756912461291,NaN,-1,false,0,253608,8,ERROR-null-result,
1756912466292,NaN,-1,false,0,256118,7,ERROR-null-result,
1756912471287,NaN,-1,false,0,258609,1,ERROR-null-result,
1756912476291,NaN,-1,false,0,260809,6,ERROR-null-result,
1756912481296,NaN,-1,false,0,263620,2,ERROR-null-result,
1756912486286,NaN,-1,false,0,266114,2,ERROR-null-result,
1756912491285,NaN,-1,false,0,268597,7,ERROR-null-result,
1756912496274,NaN,-1,false,0,271102,4,ERROR-null-result,
1756912501283,NaN,-1,false,0,273350,1,ERROR-null-result,
1756912506288,NaN,-1,false,0,274564,18,ERROR-null-result,
1756912511288,NaN,-1,false,0,277083,4,ERROR-null-result,
1756912516295,NaN,-1,false,0,279888,1,ERROR-null-result,
1756912521279,NaN,-1,false,0,282385,1,ERROR-null-result,
1756912526290,NaN,-1,false,0,284894,8,ERROR-null-result,
1756912531296,NaN,-1,false,0,287391,7,ERROR-null-result,
1756912536287,NaN,-1,false,0,289888,1,ERROR-null-result,
1756912541288,NaN,-1,false,0,292389,7,ERROR-null-result,
1756912546297,NaN,-1,false,0,294889,9,ERROR-null-result,
1756912551281,NaN,-1,false,0,297379,1,ERROR-null-result,
1756912556288,NaN,-1,false,0,299889,8,ERROR-null-result,
1756912561288,NaN,-1,false,0,302393,2,ERROR-null-result,
1756912566285,NaN,-1,false,0,304891,1,ERROR-null-result,
1756912571287,NaN,-1,false,0,307379,3,ERROR-null-result,
1756912576297,NaN,-1,false,0,309893,8,ERROR-null-result,
1756912581278,NaN,-1,false,0,312381,6,ERROR-null-result,
1756912586288,NaN,-1,false,0,314876,4,ERROR-null-result,
1756912591286,NaN,-1,false,0,317386,1,ERROR-null-result,
1756912596288,NaN,-1,false,0,319888,3,ERROR-null-result,
1756912601288,NaN,-1,false,0,322361,1,ERROR-null-result,
1756912606288,NaN,-1,false,0,324874,4,ERROR-null-result,
1756912611301,NaN,-1,false,0,327384,3,ERROR-null-result,
1756912616291,NaN,-1,false,0,329882,4,ERROR-null-result,
1756912621290,NaN,-1,false,0,332389,2,ERROR-null-result,
1756912626289,NaN,-1,false,0,334879,3,ERROR-null-result,
1756912631298,NaN,-1,false,0,337396,9,ERROR-null-result,
1756912636295,NaN,-1,false,0,339891,9,ERROR-null-result,
1756912641278,NaN,-1,false,0,342375,2,ERROR-null-result,
1756912646285,NaN,-1,false,0,344886,5,ERROR-null-result,
1756912651290,NaN,-1,false,0,347385,2,ERROR-null-result,
1756912656290,NaN,-1,false,0,349892,8,ERROR-null-result,
1756912661292,NaN,-1,false,0,352393,10,ERROR-null-result,
1756912666292,NaN,-1,false,0,354884,9,ERROR-null-result,
1756912671287,NaN,-1,false,0,357380,5,ERROR-null-result,
1756912676285,NaN,-1,false,0,359884,2,ERROR-null-result,
1756912681299,NaN,-1,false,0,362389,8,ERROR-null-result,
1756912686288,NaN,-1,false,0,364880,7,ERROR-null-result,
1756912691291,NaN,-1,false,0,367385,9,ERROR-null-result,
1756912696289,NaN,-1,false,0,369877,2,ERROR-null-result,
1756912701289,NaN,-1,false,0,372389,4,ERROR-null-result,
1756912706299,NaN,-1,false,0,374893,7,ERROR-null-result,
1756912711285,NaN,-1,false,0,377386,7,ERROR-null-result,
1756912716288,NaN,-1,false,0,379879,6,ERROR-null-result,
1756912721287,NaN,-1,false,0,381135,3,ERROR-null-result,
1756912726297,NaN,-1,false,0,384208,6,ERROR-null-result,
1756912731286,NaN,-1,false,0,386701,9,ERROR-null-result,
1756912736276,NaN,-1,false,0,389191,4,ERROR-null-result,
1756912741288,NaN,-1,false,0,391706,4,ERROR-null-result,
1756912746289,NaN,-1,false,0,394185,1,ERROR-null-result,
1756912751293,NaN,-1,false,0,396711,6,ERROR-null-result,
1756912756289,NaN,-1,false,0,399153,4,ERROR-null-result,
1756912761292,NaN,-1,false,0,401701,3,ERROR-null-result,
1756912766290,NaN,-1,false,0,404193,5,ERROR-null-result,
1756912771297,NaN,-1,false,0,406681,8,ERROR-null-result,
1756912776276,NaN,-1,false,0,409020,7,ERROR-null-result,
1756912781284,NaN,-1,false,0,410707,19,ERROR-null-result,
1756912786287,NaN,-1,false,0,413610,8,ERROR-null-result,
1756912791298,NaN,-1,false,0,416115,9,ERROR-null-result,
1756912796288,NaN,-1,false,0,418604,10,ERROR-null-result,
1756912801281,NaN,-1,false,0,421100,1,ERROR-null-result,
1756912806296,NaN,-1,false,0,423612,10,ERROR-null-result,
1756912811276,NaN,-1,false,0,426100,6,ERROR-null-result,
1756912816297,NaN,-1,false,0,428614,7,ERROR-null-result,
1756912821285,NaN,-1,false,0,431093,1,ERROR-null-result,
1756912826280,NaN,-1,false,0,433597,1,ERROR-null-result,
1756912831289,NaN,-1,false,0,436109,1,ERROR-null-result,
1756912836286,NaN,-1,false,0,438609,5,ERROR-null-result,
1756912841292,NaN,-1,false,0,441105,11,ERROR-null-result,
1756912846287,NaN,-1,false,0,443605,1,ERROR-null-result,
1756912851285,NaN,-1,false,0,446105,6,ERROR-null-result,
1756912856296,NaN,-1,false,0,448266,1746,ERROR-null-result,
1756912861289,NaN,-1,false,0,450751,364,ERROR-null-result,
1756912866288,NaN,-1,false,0,453371,6,ERROR-null-result,
1756912871284,NaN,-1,false,0,455879,1,ERROR-null-result,
1756912876289,NaN,-1,false,0,458374,1,ERROR-null-result,
1756912881295,NaN,-1,false,0,460867,7,ERROR-null-result,
1756912886278,NaN,-1,false,0,463367,7,ERROR-null-result,
1756912891288,NaN,-1,false,0,465877,6,ERROR-null-result,
1756912896289,NaN,-1,false,0,468374,7,ERROR-null-result,
1756912901285,NaN,-1,false,0,470873,8,ERROR-null-result,
1756912906284,NaN,-1,false,0,473375,1,ERROR-null-result,
1756912911285,NaN,-1,false,0,475874,6,ERROR-null-result,
1756912916295,NaN,-1,false,0,478377,10,ERROR-null-result,
1756912921276,NaN,-1,false,0,480862,2,ERROR-null-result,
1756912926302,NaN,-1,false,0,483381,5,ERROR-null-result,
1756912931291,NaN,-1,false,0,485877,7,ERROR-null-result,
1756912936305,NaN,-1,false,0,488377,7,ERROR-null-result,
1756912941276,NaN,-1,false,0,490866,1,ERROR-null-result,
1756912946291,NaN,-1,false,0,493374,2,ERROR-null-result,
1756912951293,NaN,-1,false,0,495879,2,ERROR-null-result,
1756912956288,NaN,-1,false,0,498375,1,ERROR-null-result,
1756912961288,NaN,-1,false,0,500877,6,ERROR-null-result,
1756912966294,NaN,-1,false,0,503382,9,ERROR-null-result,
1756912971294,NaN,-1,false,0,505862,3,ERROR-null-result,
1756912976278,NaN,-1,false,0,508372,7,ERROR-null-result,
1756912981287,NaN,-1,false,0,510867,7,ERROR-null-result,
1756912986285,NaN,-1,false,0,513376,4,ERROR-null-result,
1756912991291,NaN,-1,false,0,515882,10,ERROR-null-result,
1756912996287,NaN,-1,false,0,518370,1,ERROR-null-result,
1756913001284,NaN,-1,false,0,520455,12,ERROR-null-result,
1756913006298,NaN,-1,false,0,523157,6,ERROR-null-result,
1756913011282,NaN,-1,false,0,525065,9,ERROR-null-result,
1756913016293,NaN,-1,false,0,527937,8,ERROR-null-result,
1756913021293,NaN,-1,false,0,529676,8,ERROR-null-result,
1756913026286,NaN,-1,false,0,531746,2,ERROR-null-result,
1756913031295,NaN,-1,false,0,535034,9,ERROR-null-result,
1756913036275,NaN,-1,false,0,537236,1,ERROR-null-result,
1756913041288,NaN,-1,false,0,539644,8,ERROR-null-result,
1756913046295,NaN,-1,false,0,542547,8,ERROR-null-result,
1756913051279,NaN,-1,false,0,545035,1,ERROR-null-result,
1756913056299,NaN,-1,false,0,547554,8,ERROR-null-result,
1756913061294,NaN,-1,false,0,550049,7,ERROR-null-result,
1756913066274,NaN,-1,false,0,552536,4,ERROR-null-result,
1756913071291,NaN,-1,false,0,555043,1,ERROR-null-result,
1756913076289,NaN,-1,false,0,557549,6,ERROR-null-result,
1756913081296,NaN,-1,false,0,560051,4,ERROR-null-result,
1756913086278,NaN,-1,false,0,562544,5,ERROR-null-result,
1756913091298,NaN,-1,false,0,564669,8,ERROR-null-result,
1756913096287,NaN,-1,false,0,567526,10,ERROR-null-result,
1756913101283,NaN,-1,false,0,570025,7,ERROR-null-result,
1756913106287,NaN,-1,false,0,572525,1,ERROR-null-result,
1756913111294,NaN,-1,false,0,575031,8,ERROR-null-result,
1756913116278,NaN,-1,false,0,577522,8,ERROR-null-result,
1756913121287,NaN,-1,false,0,580026,6,ERROR-null-result,
1756913126305,NaN,-1,false,0,582528,6,ERROR-null-result,
1756913131278,NaN,-1,false,0,585029,1,ERROR-null-result,
1756913136288,NaN,-1,false,0,587505,2,ERROR-null-result,
1756913141292,NaN,-1,false,0,590033,9,ERROR-null-result,
1756913146291,NaN,-1,false,0,592524,3,ERROR-null-result,
1756913151294,NaN,-1,false,0,594770,2,ERROR-null-result,
1756913156278,NaN,-1,false,0,597517,6,ERROR-null-result,
1756913161293,NaN,-1,false,0,600017,3,ERROR-null-result,
1756913166279,NaN,-1,false,0,602520,1,ERROR-null-result,
1756913171288,NaN,-1,false,0,605026,1,ERROR-null-result,
1756913176304,NaN,-1,false,0,607522,8,ERROR-null-result,
1756913181280,NaN,-1,false,0,610026,8,ERROR-null-result,
1756913186292,NaN,-1,false,0,612532,9,ERROR-null-result,
1756913191296,NaN,-1,false,0,614625,6,ERROR-null-result,
1756913196279,NaN,-1,false,0,617513,6,ERROR-null-result,
1756913201295,NaN,-1,false,0,620029,5,ERROR-null-result,
1756913206287,NaN,-1,false,0,622517,6,ERROR-null-result,
1756913211278,NaN,-1,false,0,625019,1,ERROR-null-result,
1756913216292,NaN,-1,false,0,627524,5,ERROR-null-result,
1756913221295,NaN,-1,false,0,629968,2,ERROR-null-result,
1756913226280,NaN,-1,false,0,632529,8,ERROR-null-result,
1756913231288,NaN,-1,false,0,635024,7,ERROR-null-result,
1756913236294,NaN,-1,false,0,637526,6,ERROR-null-result,
1756913241288,NaN,-1,false,0,640015,5,ERROR-null-result,
1756913246283,NaN,-1,false,0,642524,6,ERROR-null-result,
1756913251293,NaN,-1,false,0,645026,1,ERROR-null-result,
1756913256290,NaN,-1,false,0,647530,7,ERROR-null-result,
1756913261287,NaN,-1,false,0,649919,7,ERROR-null-result,
1756913266287,NaN,-1,false,0,652504,1,ERROR-null-result,
1756913271295,NaN,-1,false,0,655030,4,ERROR-null-result,
1756913276285,NaN,-1,false,0,657525,8,ERROR-null-result,
1756913281282,NaN,-1,false,0,660015,9,ERROR-null-result,
1756913286294,NaN,-1,false,0,662476,6,ERROR-null-result,
1756913291282,NaN,-1,false,0,665015,2,ERROR-null-result,
1756913296289,NaN,-1,false,0,667525,5,ERROR-null-result,
1756913301289,NaN,-1,false,0,669967,8,ERROR-null-result,
1756913306292,NaN,-1,false,0,672515,1,ERROR-null-result,
1756913311295,NaN,-1,false,0,675011,8,ERROR-null-result,
1756913316284,NaN,-1,false,0,677520,7,ERROR-null-result,
1756913321277,NaN,-1,false,0,680016,7,ERROR-null-result,
1756913326290,NaN,-1,false,0,682522,9,ERROR-null-result,
1756913331295,NaN,-1,false,0,685029,6,ERROR-null-result,
1756913336296,NaN,-1,false,0,687515,1,ERROR-null-result,
1756913341283,NaN,-1,false,0,690022,7,ERROR-null-result,
1756913346297,NaN,-1,false,0,692530,5,ERROR-null-result,
1756913351278,NaN,-1,false,0,695013,1,ERROR-null-result,
1756913356291,NaN,-1,false,0,697524,10,ERROR-null-result,
1756913361298,NaN,-1,false,0,700030,5,ERROR-null-result,
1756913366281,NaN,-1,false,0,702518,6,ERROR-null-result,
1756913371285,NaN,-1,false,0,705024,5,ERROR-null-result,
1756913376298,NaN,-1,false,0,707530,5,ERROR-null-result,
1756913381294,NaN,-1,false,0,710021,6,ERROR-null-result,
1756913386283,NaN,-1,false,0,712520,1,ERROR-null-result,
1756913391288,NaN,-1,false,0,715020,3,ERROR-null-result,
1756913396294,NaN,-1,false,0,717520,5,ERROR-null-result,
1756913401286,NaN,-1,false,0,720025,7,ERROR-null-result,
1756913406285,NaN,-1,false,0,722515,6,ERROR-null-result,
1756913411291,NaN,-1,false,0,725015,1,ERROR-null-result,
1756913416288,NaN,-1,false,0,727505,3,ERROR-null-result,
1756913421298,NaN,-1,false,0,730027,6,ERROR-null-result,
1756913426278,NaN,-1,false,0,732511,6,ERROR-null-result,
1756913431285,NaN,-1,false,0,735024,4,ERROR-null-result,
1756913436288,NaN,-1,false,0,737515,4,ERROR-null-result,
1756913441287,NaN,-1,false,0,740026,8,ERROR-null-result,
1756913446287,NaN,-1,false,0,742521,7,ERROR-null-result,
1756913451285,NaN,-1,false,0,744146,1,ERROR-null-result,
1756913456292,NaN,-1,false,0,747521,7,ERROR-null-result,
1756913461294,NaN,-1,false,0,749963,2,ERROR-null-result,
1756913466289,NaN,-1,false,0,752520,1,ERROR-null-result,
1756913471298,NaN,-1,false,0,754993,13,ERROR-null-result,
1756913476293,NaN,-1,false,0,757401,10,ERROR-null-result,
1756913481293,NaN,-1,false,0,760031,8,ERROR-null-result,
1756913486289,NaN,-1,false,0,762531,1,ERROR-null-result,
1756913491288,NaN,-1,false,0,765013,1,ERROR-null-result,
1756913496288,NaN,-1,false,0,767425,3,ERROR-null-result,
1756913501293,NaN,-1,false,0,770028,6,ERROR-null-result,
1756913506297,NaN,-1,false,0,772520,7,ERROR-null-result,
1756913511281,NaN,-1,false,0,774709,6,ERROR-null-result,
1756913516297,NaN,-1,false,0,777529,8,ERROR-null-result,
1756913521278,NaN,-1,false,0,780020,5,ERROR-null-result,
1756913526288,NaN,-1,false,0,782521,6,ERROR-null-result,
1756913531288,NaN,-1,false,0,785027,7,ERROR-null-result,
1756913536289,NaN,-1,false,0,786253,2,ERROR-null-result,
1756913541290,NaN,-1,false,0,789725,1,ERROR-null-result,
1756913546294,NaN,-1,false,0,792225,4,ERROR-null-result,
1756913551283,NaN,-1,false,0,794690,6,ERROR-null-result,
1756913556287,NaN,-1,false,0,797249,1,ERROR-null-result,
1756913561287,NaN,-1,false,0,799740,7,ERROR-null-result,
1756913566298,NaN,-1,false,0,802237,8,ERROR-null-result,
1756913571283,NaN,-1,false,0,804381,3,ERROR-null-result,
1756913576289,NaN,-1,false,0,807230,3,ERROR-null-result,
1756913581299,NaN,-1,false,0,809745,5,ERROR-null-result,
1756913586289,NaN,-1,false,0,812237,1,ERROR-null-result,
1756913591286,NaN,-1,false,0,814739,3,ERROR-null-result,
1756913596297,NaN,-1,false,0,817246,6,ERROR-null-result,
1756913601278,NaN,-1,false,0,819738,3,ERROR-null-result,
1756913606288,NaN,-1,false,0,822240,1,ERROR-null-result,
1756913611295,NaN,-1,false,0,824740,1,ERROR-null-result,
1756913616288,NaN,-1,false,0,827240,1,ERROR-null-result,
1756913621288,NaN,-1,false,0,829741,5,ERROR-null-result,
1756913626300,NaN,-1,false,0,832209,30,ERROR-null-result,
1756913631296,NaN,-1,false,0,834717,1,ERROR-null-result,
1756913636277,NaN,-1,false,0,837226,4,ERROR-null-result,
1756913641295,NaN,-1,false,0,839743,8,ERROR-null-result,
1756913646288,NaN,-1,false,0,842241,7,ERROR-null-result,
1756913651280,NaN,-1,false,0,844739,1,ERROR-null-result,
1756913656295,NaN,-1,false,0,847241,7,ERROR-null-result,
1756913661278,NaN,-1,false,0,849736,1,ERROR-null-result,
1756913666289,NaN,-1,false,0,852240,8,ERROR-null-result,
1756913671289,NaN,-1,false,0,854739,8,ERROR-null-result,
1756913676296,NaN,-1,false,0,857244,4,ERROR-null-result,
1756913681289,NaN,-1,false,0,859730,5,ERROR-null-result,
1756913686288,NaN,-1,false,0,862151,6,ERROR-null-result,
1756913691298,NaN,-1,false,0,864657,8,ERROR-null-result,
1756913696277,NaN,-1,false,0,867226,4,ERROR-null-result,
1756913701288,NaN,-1,false,0,869738,8,ERROR-null-result,
1756913706292,NaN,-1,false,0,871595,6,ERROR-null-result,
1756913711287,NaN,-1,false,0,872540,8,ERROR-null-result,
1756913716299,NaN,-1,false,0,875539,5,ERROR-null-result,
1756913721297,NaN,-1,false,0,878049,1,ERROR-null-result,
1756913726283,NaN,-1,false,0,880539,7,ERROR-null-result,
1756913731293,NaN,-1,false,0,883037,8,ERROR-null-result,
1756913736286,NaN,-1,false,0,885540,2,ERROR-null-result,
1756913741286,NaN,-1,false,0,888031,5,ERROR-null-result,
1756913746285,NaN,-1,false,0,890540,3,ERROR-null-result,
1756913751287,NaN,-1,false,0,893043,5,ERROR-null-result,
1756913756297,NaN,-1,false,0,895201,3,ERROR-null-result,
1756913761281,NaN,-1,false,0,898036,8,ERROR-null-result,
1756913766288,NaN,-1,false,0,900536,1,ERROR-null-result,
1756913771294,NaN,-1,false,0,903049,1,ERROR-null-result,
1756913776294,NaN,-1,false,0,905542,8,ERROR-null-result,
1756913781294,NaN,-1,false,0,908045,1,ERROR-null-result,
1756913786278,NaN,-1,false,0,910538,4,ERROR-null-result,
1756913791293,NaN,-1,false,0,913050,9,ERROR-null-result,
1756913796291,NaN,-1,false,0,915544,1,ERROR-null-result,
1756913801297,NaN,-1,false,0,917764,12,ERROR-null-result,
1756913806285,NaN,-1,false,0,919943,4,ERROR-null-result,
1756913811281,NaN,-1,false,0,922301,1,ERROR-null-result,
1756913816295,NaN,-1,false,0,924932,2,ERROR-null-result,
1756913821286,NaN,-1,false,0,927551,8,ERROR-null-result,
1756913826278,NaN,-1,false,0,930051,6,ERROR-null-result,
1756913831289,NaN,-1,false,0,932551,1,ERROR-null-result,
1756913836287,NaN,-1,false,0,935065,1,ERROR-null-result,
1756913841288,NaN,-1,false,0,937558,1,ERROR-null-result,
1756913846292,NaN,-1,false,0,940056,3,ERROR-null-result,
1756913851295,NaN,-1,false,0,942561,7,ERROR-null-result,
1756913856288,NaN,-1,false,0,945066,7,ERROR-null-result,
1756913861290,NaN,-1,false,0,947556,3,ERROR-null-result,
1756913866293,NaN,-1,false,0,950066,1,ERROR-null-result,
1756913871293,NaN,-1,false,0,952561,1,ERROR-null-result,
1756913876288,NaN,-1,false,0,955052,9,ERROR-null-result,
1756913881299,NaN,-1,false,0,957453,1,ERROR-null-result,
1756913886290,NaN,-1,false,0,960066,8,ERROR-null-result,
1756913891284,NaN,-1,false,0,962556,3,ERROR-null-result,
1756913896290,NaN,-1,false,0,965061,8,ERROR-null-result,
1756913901305,NaN,-1,false,0,967567,8,ERROR-null-result,
1756913906285,NaN,-1,false,0,970056,3,ERROR-null-result,
1756913911279,NaN,-1,false,0,972430,9,ERROR-null-result,
1756913916290,NaN,-1,false,0,975062,6,ERROR-null-result,
1756913921312,NaN,-1,false,0,977542,25,ERROR-null-result,
1756913926288,NaN,-1,false,0,980050,4,ERROR-null-result,
1756913931299,NaN,-1,false,0,982556,5,ERROR-null-result,
1756913936291,NaN,-1,false,0,984407,7,ERROR-null-result,
1756913941296,NaN,-1,false,0,985736,9,ERROR-null-result,
1756913946278,NaN,-1,false,0,988490,5,ERROR-null-result,
1756913951288,NaN,-1,false,0,991625,7,ERROR-null-result,
1756913956288,NaN,-1,false,0,994122,4,ERROR-null-result,
1756913961288,NaN,-1,false,0,996606,3,ERROR-null-result,
1756913966289,NaN,-1,false,0,999115,1,ERROR-null-result,
1756913971287,NaN,-1,false,0,1001620,5,ERROR-null-result,
1756913976287,NaN,-1,false,0,1004129,1,ERROR-null-result,
1756913981285,NaN,-1,false,0,1006605,3,ERROR-null-result,
1756913986296,NaN,-1,false,0,1009119,1,ERROR-null-result,
1756913991288,NaN,-1,false,0,1011515,7,ERROR-null-result,
1756913996297,NaN,-1,false,0,1014129,6,ERROR-null-result,
1756914001282,NaN,-1,false,0,1016615,13,ERROR-null-result,
1756914006289,NaN,-1,false,0,1018963,8,ERROR-null-result,
1756914011295,NaN,-1,false,0,1021629,8,ERROR-null-result,
1756914016281,NaN,-1,false,0,1024114,3,ERROR-null-result,
1756914021295,NaN,-1,false,0,1026628,3,ERROR-null-result,
1756914026289,NaN,-1,false,0,1029124,6,ERROR-null-result,
1756914031292,NaN,-1,false,0,1031629,9,ERROR-null-result,
1756914036287,NaN,-1,false,0,1034045,4,ERROR-null-result,
1756914041298,NaN,-1,false,0,1036624,4,ERROR-null-result,
1756914046277,NaN,-1,false,0,1039114,5,ERROR-null-result,
1756914051288,NaN,-1,false,0,1041617,11,ERROR-null-result,
1756914056298,NaN,-1,false,0,1044129,8,ERROR-null-result,
1756914061284,NaN,-1,false,0,1046583,1,ERROR-null-result,
1756914066290,NaN,-1,false,0,1049124,2,ERROR-null-result,
1756914071288,NaN,-1,false,0,1051606,3,ERROR-null-result,
1756914076297,NaN,-1,false,0,1054129,5,ERROR-null-result,
1756914081292,NaN,-1,false,0,1056612,1,ERROR-null-result,
1756914086297,NaN,-1,false,0,1059096,9,ERROR-null-result,
1756914091277,NaN,-1,false,0,1061606,2,ERROR-null-result,
1756914096295,NaN,-1,false,0,1064104,10,ERROR-null-result,
1756914101277,NaN,-1,false,0,1066595,7,ERROR-null-result,
1756914106289,NaN,-1,false,0,1069109,8,ERROR-null-result,
1756914111287,NaN,-1,false,0,1071620,5,ERROR-null-result,
1756914116288,NaN,-1,false,0,1074115,3,ERROR-null-result,
1756914121288,NaN,-1,false,0,1076624,1,ERROR-null-result,
1756914126291,NaN,-1,false,0,1079119,8,ERROR-null-result,
1756914131299,NaN,-1,false,0,1081629,11,ERROR-null-result,
1756914136292,NaN,-1,false,0,1083852,8,ERROR-null-result,
1756914141286,NaN,-1,false,0,1086286,5,ERROR-null-result,
1756914146290,NaN,-1,false,0,1089119,9,ERROR-null-result,
1756914151297,NaN,-1,false,0,1091619,4,ERROR-null-result,
1756914156277,NaN,-1,false,0,1094116,2,ERROR-null-result,
1756914161291,NaN,-1,false,0,1096622,1,ERROR-null-result,
1756914166287,NaN,-1,false,0,1099098,4,ERROR-null-result,
1756914171288,NaN,-1,false,0,1101574,9,ERROR-null-result,
1756914176298,NaN,-1,false,0,1104124,4,ERROR-null-result,
1756914181278,NaN,-1,false,0,1106573,10,ERROR-null-result,
1756914186299,NaN,-1,false,0,1109119,6,ERROR-null-result,
1756914191305,NaN,-1,false,0,1111348,9,ERROR-null-result,
1756914196282,NaN,-1,false,0,1114100,4,ERROR-null-result,
1756914201288,NaN,-1,false,0,1116621,7,ERROR-null-result,
1756914206292,NaN,-1,false,0,1119119,5,ERROR-null-result,
1756914211289,NaN,-1,false,0,1121627,7,ERROR-null-result,
1756914216292,NaN,-1,false,0,1124128,9,ERROR-null-result,
1756914221305,NaN,-1,false,0,1126624,6,ERROR-null-result,
1756914226281,NaN,-1,false,0,1129090,1,ERROR-null-result,
1756914231296,NaN,-1,false,0,1131621,5,ERROR-null-result,
1756914236274,NaN,-1,false,0,1134118,3,ERROR-null-result,
1756914241289,NaN,-1,false,0,1136614,8,ERROR-null-result,
1756914246291,NaN,-1,false,0,1139125,8,ERROR-null-result,
1756914251296,NaN,-1,false,0,1141623,2,ERROR-null-result,
1756914256282,NaN,-1,false,0,1144120,8,ERROR-null-result,
1756914261298,NaN,-1,false,0,1146629,1,ERROR-null-result,
1756914266298,NaN,-1,false,0,1149130,7,ERROR-null-result,
1756914271292,NaN,-1,false,0,1151619,11,ERROR-null-result,
1756914276289,NaN,-1,false,0,1154125,7,ERROR-null-result,
1756914281287,NaN,-1,false,0,1156627,5,ERROR-null-result,
1756914286288,NaN,-1,false,0,1158854,6,ERROR-null-result,
1756914291288,NaN,-1,false,0,1161589,6,ERROR-null-result,
1756914296286,NaN,-1,false,0,1164128,2,ERROR-null-result,
1756914301293,NaN,-1,false,0,1166629,9,ERROR-null-result,
1756914306289,NaN,-1,false,0,1167938,7,ERROR-null-result,
1756914311287,NaN,-1,false,0,1171326,2,ERROR-null-result,
1756914316290,NaN,-1,false,0,1173838,7,ERROR-null-result,
1756914321288,NaN,-1,false,0,1176331,1,ERROR-null-result,
1756914326285,NaN,-1,false,0,1178831,5,ERROR-null-result,
1756914331285,NaN,-1,false,0,1181334,2,ERROR-null-result,
1756914336285,NaN,-1,false,0,1183813,1,ERROR-null-result,
1756914341290,NaN,-1,false,0,1186335,1,ERROR-null-result,
1756914346291,NaN,-1,false,0,1188830,8,ERROR-null-result,
1756914351294,NaN,-1,false,0,1191321,1,ERROR-null-result,
1756914356297,NaN,-1,false,0,1193840,7,ERROR-null-result,
1756914361285,NaN,-1,false,0,1196325,9,ERROR-null-result,
1756914366281,NaN,-1,false,0,1198829,8,ERROR-null-result,
1756914371292,NaN,-1,false,0,1200257,175,ERROR-null-result,
1756914376297,NaN,-1,false,0,1203577,1,ERROR-null-result,
1756914381280,NaN,-1,false,0,1206154,8,ERROR-null-result,
1756914386288,NaN,-1,false,0,1208654,7,ERROR-null-result,
1756914391321,NaN,-1,false,0,1211152,1,ERROR-null-result,
1756914396288,NaN,-1,false,0,1212726,4,ERROR-null-result,
1756914401298,NaN,-1,false,0,1216116,1,ERROR-null-result,
1756914406288,NaN,-1,false,0,1218610,6,ERROR-null-result,
1756914411293,NaN,-1,false,0,1221116,5,ERROR-null-result,
1756914416297,NaN,-1,false,0,1223616,5,ERROR-null-result,
1756914421279,NaN,-1,false,0,1226112,7,ERROR-null-result,
1756914426296,NaN,-1,false,0,1228606,6,ERROR-null-result,
1756914431279,NaN,-1,false,0,1231106,7,ERROR-null-result,
1756914436298,NaN,-1,false,0,1233581,4,ERROR-null-result,
1756914441274,NaN,-1,false,0,1236061,5,ERROR-null-result,
1756914446303,NaN,-1,false,0,1238591,3,ERROR-null-result,
1756914451287,NaN,-1,false,0,1241112,5,ERROR-null-result,
1756914456288,NaN,-1,false,0,1243600,1,ERROR-null-result,
1756914461291,NaN,-1,false,0,1246114,8,ERROR-null-result,
1756914466299,NaN,-1,false,0,1248617,4,ERROR-null-result,
1756914471290,NaN,-1,false,0,1251107,1,ERROR-null-result,
1756914476290,NaN,-1,false,0,1253616,1,ERROR-null-result,
1756914481295,NaN,-1,false,0,1256108,7,ERROR-null-result,
1756914486287,NaN,-1,false,0,1258610,9,ERROR-null-result,
1756914491282,NaN,-1,false,0,1261101,3,ERROR-null-result,
1756914496290,NaN,-1,false,0,1263613,9,ERROR-null-result,
1756914501297,NaN,-1,false,0,1266111,5,ERROR-null-result,
1756914506278,NaN,-1,false,0,1268597,4,ERROR-null-result,
1756914511291,NaN,-1,false,0,1270946,12,ERROR-null-result,
1756914516287,NaN,-1,false,0,1273611,5,ERROR-null-result,
1756914521290,NaN,-1,false,0,1276110,7,ERROR-null-result,
1756914526296,NaN,-1,false,0,1278616,6,ERROR-null-result,
1756914531275,NaN,-1,false,0,1281092,4,ERROR-null-result,
1756914536291,NaN,-1,false,0,1283052,9,ERROR-null-result,
1756914541292,NaN,-1,false,0,1286095,9,ERROR-null-result,
1756914546289,NaN,-1,false,0,1288603,1,ERROR-null-result,
1756914551288,NaN,-1,false,0,1291112,4,ERROR-null-result,
1756914556287,NaN,-1,false,0,1293602,8,ERROR-null-result,
1756914561288,NaN,-1,false,0,1296102,6,ERROR-null-result,
1756914566297,NaN,-1,false,0,1298611,8,ERROR-null-result,
1756914571280,NaN,-1,false,0,1301107,2,ERROR-null-result,
1756914576298,NaN,-1,false,0,1303616,4,ERROR-null-result,
1756914581295,NaN,-1,false,0,1306106,4,ERROR-null-result,
1756914586278,NaN,-1,false,0,1307767,6,ERROR-null-result,
1756914591293,NaN,-1,false,0,1310840,2,ERROR-null-result,
1756914596292,NaN,-1,false,0,1313332,9,ERROR-null-result,
1756914601289,NaN,-1,false,0,1315843,1,ERROR-null-result,
1756914606290,NaN,-1,false,0,1318266,7,ERROR-null-result,
1756914611297,NaN,-1,false,0,1320343,3,ERROR-null-result,
1756914616282,NaN,-1,false,0,1323346,9,ERROR-null-result,
1756914621292,NaN,-1,false,0,1325777,2,ERROR-null-result,
1756914626288,NaN,-1,false,0,1328342,6,ERROR-null-result,
1756914631296,NaN,-1,false,0,1330850,3,ERROR-null-result,
1756914636274,NaN,-1,false,0,1333342,3,ERROR-null-result,
1756914641285,NaN,-1,false,0,1335844,4,ERROR-null-result,
1756914646296,NaN,-1,false,0,1338350,1,ERROR-null-result,
1756914651283,NaN,-1,false,0,1340835,4,ERROR-null-result,
1756914656288,NaN,-1,false,0,1343346,7,ERROR-null-result,
1756914661289,NaN,-1,false,0,1345820,5,ERROR-null-result,
1756914666296,NaN,-1,false,0,1348349,4,ERROR-null-result,
1756914671287,NaN,-1,false,0,1350835,6,ERROR-null-result,
1756914676288,NaN,-1,false,0,1353338,1,ERROR-null-result,
1756914681290,NaN,-1,false,0,1355850,8,ERROR-null-result,
1756914686287,NaN,-1,false,0,1358342,7,ERROR-null-result,
1756914691288,NaN,-1,false,0,1360844,6,ERROR-null-result,
1756914696284,NaN,-1,false,0,1363207,3,ERROR-null-result,
1756914701285,NaN,-1,false,0,1365844,1,ERROR-null-result,
1756914706289,NaN,-1,false,0,1368340,1,ERROR-null-result,
1756914711286,NaN,-1,false,0,1370848,1,ERROR-null-result,
1756914716288,NaN,-1,false,0,1373339,2,ERROR-null-result,
1756914721294,NaN,-1,false,0,1375844,8,ERROR-null-result,
1756914726284,NaN,-1,false,0,1378318,6,ERROR-null-result,
1756914731276,NaN,-1,false,0,1380835,5,ERROR-null-result,
1756914736288,NaN,-1,false,0,1383347,2,ERROR-null-result,
1756914741291,NaN,-1,false,0,1385851,8,ERROR-null-result,
1756914746287,NaN,-1,false,0,1388349,1,ERROR-null-result,
1756914751298,NaN,-1,false,0,1390679,7,ERROR-null-result,
1756914756294,NaN,-1,false,0,1393335,1,ERROR-null-result,
1756914761295,NaN,-1,false,0,1395626,5,ERROR-null-result,
1756914766279,NaN,-1,false,0,1398285,8,ERROR-null-result,
1756914771299,NaN,-1,false,0,1400847,7,ERROR-null-result,
1756914776295,NaN,-1,false,0,1403349,7,ERROR-null-result,
1756914781278,NaN,-1,false,0,1405828,10,ERROR-null-result,
1756914786294,NaN,-1,false,0,1408327,1,ERROR-null-result,
1756914791279,NaN,-1,false,0,1410842,6,ERROR-null-result,
1756914796296,NaN,-1,false,0,1413340,3,ERROR-null-result,
1756914801275,NaN,-1,false,0,1415836,2,ERROR-null-result,
1756914806297,NaN,-1,false,0,1418276,6,ERROR-null-result,
1756914811274,NaN,-1,false,0,1420823,5,ERROR-null-result,
1756914816298,NaN,-1,false,0,1423354,8,ERROR-null-result,
1756914821273,NaN,-1,false,0,1425831,4,ERROR-null-result,
1756914826288,NaN,-1,false,0,1428333,12,ERROR-null-result,
1756914831288,NaN,-1,false,0,1430839,4,ERROR-null-result,
1756914836288,NaN,-1,false,0,1433332,9,ERROR-null-result,
1756914841305,NaN,-1,false,0,1435840,1,ERROR-null-result,
1756914846278,NaN,-1,false,0,1438341,4,ERROR-null-result,
1756914851287,NaN,-1,false,0,1440846,7,ERROR-null-result,
1756914856288,NaN,-1,false,0,1443321,8,ERROR-null-result,
1756914861293,NaN,-1,false,0,1445850,5,ERROR-null-result,
1756914866287,NaN,-1,false,0,1448350,6,ERROR-null-result,
1756914871297,NaN,-1,false,0,1450845,5,ERROR-null-result,
1756914876289,NaN,-1,false,0,1453346,6,ERROR-null-result,
1756914881288,NaN,-1,false,0,1455846,2,ERROR-null-result,
1756914886295,NaN,-1,false,0,1458300,2,ERROR-null-result,
1756914891283,NaN,-1,false,0,1460833,11,ERROR-null-result,
1756914896289,NaN,-1,false,0,1463335,2,ERROR-null-result,
1756914901288,NaN,-1,false,0,1465844,1,ERROR-null-result,
1756914906300,NaN,-1,false,0,1468331,5,ERROR-null-result,
1756914911294,NaN,-1,false,0,1470849,7,ERROR-null-result,
1756914916278,NaN,-1,false,0,1473339,3,ERROR-null-result,
1756914921301,NaN,-1,false,0,1475840,1,ERROR-null-result,
1756914926296,NaN,-1,false,0,1478351,8,ERROR-null-result,
1756914931287,NaN,-1,false,0,1480845,6,ERROR-null-result,
1756914936284,NaN,-1,false,0,1483343,7,ERROR-null-result,
1756914941281,NaN,-1,false,0,1485835,8,ERROR-null-result,
1756914946287,NaN,-1,false,0,1488336,7,ERROR-null-result,
1756914951286,NaN,-1,false,0,1490843,1,ERROR-null-result,
1756914956298,NaN,-1,false,0,1493351,5,ERROR-null-result,
1756914961288,NaN,-1,false,0,1495835,6,ERROR-null-result,
1756914966290,NaN,-1,false,0,1498341,8,ERROR-null-result,
1756914971292,NaN,-1,false,0,1500840,1,ERROR-null-result,
1756914976288,NaN,-1,false,0,1503345,8,ERROR-null-result,
1756914981287,NaN,-1,false,0,1505836,5,ERROR-null-result,
1756914986298,NaN,-1,false,0,1508340,5,ERROR-null-result,
1756914991276,NaN,-1,false,0,1510839,1,ERROR-null-result,
1756914996294,NaN,-1,false,0,1513330,1,ERROR-null-result,
1756915001293,NaN,-1,false,0,1515825,1,ERROR-null-result,
1756915006295,NaN,-1,false,0,1518345,4,ERROR-null-result,
1756915011279,NaN,-1,false,0,1520845,8,ERROR-null-result,
1756915016296,NaN,-1,false,0,1523349,1,ERROR-null-result,
1756915021282,NaN,-1,false,0,1525845,6,ERROR-null-result,
1756915026287,NaN,-1,false,0,1528344,5,ERROR-null-result,
1756915031293,NaN,-1,false,0,1530850,8,ERROR-null-result,
1756915036294,NaN,-1,false,0,1533335,4,ERROR-null-result,
1756915041293,NaN,-1,false,0,1535850,7,ERROR-null-result,
1756915046294,NaN,-1,false,0,1538347,10,ERROR-null-result,
1756915051288,NaN,-1,false,0,1540846,7,ERROR-null-result,
1756915056292,NaN,-1,false,0,1543345,8,ERROR-null-result,
1756915061292,NaN,-1,false,0,1545844,1,ERROR-null-result,
1756915066284,NaN,-1,false,0,1548340,3,ERROR-null-result,
1756915071294,NaN,-1,false,0,1550780,5,ERROR-null-result,
1756915076274,NaN,-1,false,0,1553308,1,ERROR-null-result,
1756915081288,NaN,-1,false,0,1555836,1,ERROR-null-result,
1756915086288,NaN,-1,false,0,1558346,1,ERROR-null-result,
1756915091289,NaN,-1,false,0,1560848,1,ERROR-null-result,
1756915096296,NaN,-1,false,0,1563349,7,ERROR-null-result,
1756915101279,NaN,-1,false,0,1565820,7,ERROR-null-result,
1756915106289,NaN,-1,false,0,1568350,1,ERROR-null-result,
1756915111299,NaN,-1,false,0,1570850,7,ERROR-null-result,
1756915116286,NaN,-1,false,0,1573344,5,ERROR-null-result,
1756915121294,NaN,-1,false,0,1575849,8,ERROR-null-result,
1756915126278,NaN,-1,false,0,1578341,2,ERROR-null-result,
1756915131296,NaN,-1,false,0,1580850,8,ERROR-null-result,
1756915136280,NaN,-1,false,0,1583335,1,ERROR-null-result,
1756915141287,NaN,-1,false,0,1585844,1,ERROR-null-result,
1756915146288,NaN,-1,false,0,1588344,5,ERROR-null-result,
1756915151292,NaN,-1,false,0,1590840,2,ERROR-null-result,
1756915156292,NaN,-1,false,0,1593351,8,ERROR-null-result,
1756915161290,NaN,-1,false,0,1595840,2,ERROR-null-result,
1756915166291,NaN,-1,false,0,1598345,5,ERROR-null-result,
1756915171287,NaN,-1,false,0,1600841,5,ERROR-null-result,
1756915176291,NaN,-1,false,0,1603320,1,ERROR-null-result,
1756915181290,NaN,-1,false,0,1605850,11,ERROR-null-result,
1756915186285,NaN,-1,false,0,1608344,4,ERROR-null-result,
1756915191298,NaN,-1,false,0,1610850,5,ERROR-null-result,
1756915196278,NaN,-1,false,0,1613329,3,ERROR-null-result,
1756915201289,NaN,-1,false,0,1615811,1,ERROR-null-result,
1756915206287,NaN,-1,false,0,1618352,4,ERROR-null-result,
1756915211289,NaN,-1,false,0,1620846,2,ERROR-null-result,
1756915216297,NaN,-1,false,0,1623346,5,ERROR-null-result,
1756915221276,NaN,-1,false,0,1625841,5,ERROR-null-result,
1756915226290,NaN,-1,false,0,1628298,10,ERROR-null-result,
1756915231296,NaN,-1,false,0,1630840,5,ERROR-null-result,
1756915236283,NaN,-1,false,0,1633345,8,ERROR-null-result,
1756915241290,NaN,-1,false,0,1635844,7,ERROR-null-result,
1756915246288,NaN,-1,false,0,1638349,1,ERROR-null-result,
1756915251289,NaN,-1,false,0,1640845,8,ERROR-null-result,
1756915256294,NaN,-1,false,0,1643350,8,ERROR-null-result,
1756915261276,NaN,-1,false,0,1645839,4,ERROR-null-result,
1756915266296,NaN,-1,false,0,1648350,6,ERROR-null-result,
1756915271279,NaN,-1,false,0,1650835,1,ERROR-null-result,
1756915276291,NaN,-1,false,0,1653320,7,ERROR-null-result,
1756915281288,NaN,-1,false,0,1655840,9,ERROR-null-result,
1756915286290,NaN,-1,false,0,1658347,5,ERROR-null-result,
1756915291285,NaN,-1,false,0,1660841,5,ERROR-null-result,
1756915296296,NaN,-1,false,0,1663062,2017,ERROR-null-result,
1756915301280,NaN,-1,false,0,1663616,7,ERROR-null-result,
1756918520915,NaN,-1,false,0,1665438,564,ERROR-null-result,
1756918521500,NaN,-1,false,0,1665440,3,ERROR-null-result,
1756918521531,NaN,-1,false,0,1665441,86,ERROR-null-result,
1756918521643,NaN,-1,false,0,1665443,2,ERROR-null-result,
1756918521680,NaN,-1,false,0,1665444,191,ERROR-null-result,
1756918521881,NaN,-1,false,0,1665445,6,ERROR-null-result,
1756918522048,NaN,-1,false,0,1665447,26,ERROR-null-result,
1756918522080,NaN,-1,false,0,1665449,1,ERROR-null-result,
1756918522096,NaN,-1,false,0,1665450,11,ERROR-null-result,
1756918522112,NaN,-1,false,0,1665452,1,ERROR-null-result,
1756918522117,NaN,-1,false,0,1665453,2,ERROR-null-result,
1756918522122,NaN,-1,false,0,1665455,15,ERROR-null-result,
1756918522141,NaN,-1,false,0,1665456,3,ERROR-null-result,
1756918522149,NaN,-1,false,0,1665458,1,ERROR-null-result,
1756918522155,NaN,-1,false,0,1665459,2,ERROR-null-result,
1756918522168,NaN,-1,false,0,1665461,2,ERROR-null-result,
1756918522176,NaN,-1,false,0,1665462,2,ERROR-null-result,
1756918522182,NaN,-1,false,0,1665464,1,ERROR-null-result,
1756918522187,NaN,-1,false,0,1665465,2,ERROR-null-result,
1756918522201,NaN,-1,false,0,1665467,2,ERROR-null-result,
1756918522208,NaN,-1,false,0,1665468,2,ERROR-null-result,
1756918522215,NaN,-1,false,0,1665470,1,ERROR-null-result,
1756918522228,NaN,-1,false,0,1665471,9,ERROR-null-result,
1756918522240,NaN,-1,false,0,1665473,1,ERROR-null-result,
1756918522246,NaN,-1,false,0,1665474,3,ERROR-null-result,
1756918522262,NaN,-1,false,0,1665477,2,ERROR-null-result,
1756918522270,NaN,-1,false,0,1665478,2,ERROR-null-result,
1756918522276,NaN,-1,false,0,1665480,2,ERROR-null-result,
1756918522292,NaN,-1,false,0,1665481,2,ERROR-null-result,
1756918522300,NaN,-1,false,0,1665483,1,ERROR-null-result,
1756918522304,NaN,-1,false,0,1665484,2,ERROR-null-result,
1756918522320,NaN,-1,false,0,1665486,1,ERROR-null-result,
1756918522326,NaN,-1,false,0,1665487,7,ERROR-null-result,
1756918522337,NaN,-1,false,0,1665489,2,ERROR-null-result,
1756918522456,NaN,-1,false,0,1665490,3,ERROR-null-result,
1756918522471,NaN,-1,false,0,1665492,3,ERROR-null-result,
1756918522483,NaN,-1,false,0,1665493,2,ERROR-null-result,
1756918522489,NaN,-1,false,0,1665495,2,ERROR-null-result,
1756918522506,NaN,-1,false,0,1665497,3,ERROR-null-result,
1756918522515,NaN,-1,false,0,1665498,2,ERROR-null-result,
1756918522522,NaN,-1,false,0,1665500,2,ERROR-null-result,
1756918522541,NaN,-1,false,0,1665502,7,ERROR-null-result,
1756918522554,NaN,-1,false,0,1665504,20,ERROR-null-result,
1756918522579,NaN,-1,false,0,1665505,2,ERROR-null-result,
1756918522587,NaN,-1,false,0,1665507,10,ERROR-null-result,
1756918522603,NaN,-1,false,0,1665509,5,ERROR-null-result,
1756918522613,NaN,-1,false,0,1665510,3,ERROR-null-result,
1756918522630,NaN,-1,false,0,1665512,2,ERROR-null-result,
1756918522638,NaN,-1,false,0,1665513,3,ERROR-null-result,
1756918522655,NaN,-1,false,0,1665515,10,ERROR-null-result,
1756918522672,NaN,-1,false,0,1665516,9,ERROR-null-result,
1756918522712,NaN,-1,false,0,1665518,3,ERROR-null-result,
1756918522720,NaN,-1,false,0,1665519,3,ERROR-null-result,
1756918522729,NaN,-1,false,0,1665521,3,ERROR-null-result,
1756918522747,NaN,-1,false,0,1665522,9,ERROR-null-result,
1756918522763,NaN,-1,false,0,1665524,3,ERROR-null-result,
1756918522771,NaN,-1,false,0,1665525,3,ERROR-null-result,
1756918522790,NaN,-1,false,0,1665527,3,ERROR-null-result,
1756918522800,NaN,-1,false,0,1665528,3,ERROR-null-result,
1756918522822,NaN,-1,false,0,1665530,7,ERROR-null-result,
1756918522837,NaN,-1,false,0,1665532,12,ERROR-null-result,
1756918522856,NaN,-1,false,0,1665534,5,ERROR-null-result,
1756918522881,NaN,-1,false,0,1665536,2,ERROR-null-result,
1756918522888,NaN,-1,false,0,1665537,5,ERROR-null-result,
1756918522906,NaN,-1,false,0,1665539,2,ERROR-null-result,
1756918522915,NaN,-1,false,0,1665540,3,ERROR-null-result,
1756918522923,NaN,-1,false,0,1665542,11,ERROR-null-result,
1756918522941,NaN,-1,false,0,1665544,6,ERROR-null-result,
1756918522953,NaN,-1,false,0,1665546,12,ERROR-null-result,
1756918522971,NaN,-1,false,0,1665547,3,ERROR-null-result,
1756918522981,NaN,-1,false,0,1665549,2,ERROR-null-result,
1756918523007,NaN,-1,false,0,1665550,8,ERROR-null-result,
1756918523031,NaN,-1,false,0,1665552,2,ERROR-null-result,
1756918523040,NaN,-1,false,0,1665553,22,ERROR-null-result,
1756918523068,NaN,-1,false,0,1665555,5,ERROR-null-result,
1756918523090,NaN,-1,false,0,1665557,4,ERROR-null-result,
1756918523101,NaN,-1,false,0,1665558,3,ERROR-null-result,
1756918523117,NaN,-1,false,0,1665560,2,ERROR-null-result,
1756918523127,NaN,-1,false,0,1665561,4,ERROR-null-result,
1756918523137,NaN,-1,false,0,1665563,11,ERROR-null-result,
1756918523154,NaN,-1,false,0,1665564,4,ERROR-null-result,
1756918523176,NaN,-1,false,0,1665566,3,ERROR-null-result,
1756918523187,NaN,-1,false,0,1665568,9,ERROR-null-result,
1756918523212,NaN,-1,false,0,1665570,6,ERROR-null-result,
1756918523224,NaN,-1,false,0,1665571,14,ERROR-null-result,
1756918523248,NaN,-1,false,0,1665573,3,ERROR-null-result,
1756918523258,NaN,-1,false,0,1665574,14,ERROR-null-result,
1756918523281,NaN,-1,false,0,1665576,3,ERROR-null-result,
1756918523292,NaN,-1,false,0,1665579,12,ERROR-null-result,
1756918523315,NaN,-1,false,0,1665580,4,ERROR-null-result,
1756918523334,NaN,-1,false,0,1665582,9,ERROR-null-result,
1756918523349,NaN,-1,false,0,1665583,10,ERROR-null-result,
1756918523364,NaN,-1,false,0,1665585,9,ERROR-null-result,
1756918523381,NaN,-1,false,0,1665587,8,ERROR-null-result,
1756918523396,NaN,-1,false,0,1665589,8,ERROR-null-result,
1756918523410,NaN,-1,false,0,1665590,7,ERROR-null-result,
1756918523424,NaN,-1,false,0,1665592,5,ERROR-null-result,
1756918523441,NaN,-1,false,0,1665594,3,ERROR-null-result,
1756918523455,NaN,-1,false,0,1665595,4,ERROR-null-result,
1756918523486,NaN,-1,false,0,1665597,3,ERROR-null-result,
1756918523498,NaN,-1,false,0,1665598,5,ERROR-null-result,
1756918523518,NaN,-1,false,0,1665600,3,ERROR-null-result,
1756918523529,NaN,-1,false,0,1665601,3,ERROR-null-result,
1756918523550,NaN,-1,false,0,1665603,3,ERROR-null-result,
1756918523560,NaN,-1,false,0,1665604,3,ERROR-null-result,
1756918523581,NaN,-1,false,0,1665606,4,ERROR-null-result,
1756918523599,NaN,-1,false,0,1665608,2,ERROR-null-result,
1756918523608,NaN,-1,false,0,1665609,4,ERROR-null-result,
1756918523625,NaN,-1,false,0,1665611,3,ERROR-null-result,
1756918523640,NaN,-1,false,0,1665613,4,ERROR-null-result,
1756918523680,NaN,-1,false,0,1665614,3,ERROR-null-result,
1756918523693,NaN,-1,false,0,1665616,16,ERROR-null-result,
1756918523720,NaN,-1,false,0,1665617,14,ERROR-null-result,
1756918523775,NaN,-1,false,0,1665619,7,ERROR-null-result,
1756918523811,NaN,-1,false,0,1665621,16,ERROR-null-result,
1756918523835,NaN,-1,false,0,1665623,4,ERROR-null-result,
1756918523846,NaN,-1,false,0,1665624,13,ERROR-null-result,
1756918523869,NaN,-1,false,0,1665626,3,ERROR-null-result,
1756918523886,NaN,-1,false,0,1665627,4,ERROR-null-result,
1756918523906,NaN,-1,false,0,1665629,13,ERROR-null-result,
1756918523928,NaN,-1,false,0,1665630,5,ERROR-null-result,
1756918523948,NaN,-1,false,0,1665632,3,ERROR-null-result,
1756918523960,NaN,-1,false,0,1665633,5,ERROR-null-result,
1756918523981,NaN,-1,false,0,1665635,6,ERROR-null-result,
1756918523996,NaN,-1,false,0,1665637,4,ERROR-null-result,
1756918524025,NaN,-1,false,0,1665638,14,ERROR-null-result,
1756918524055,NaN,-1,false,0,1665640,3,ERROR-null-result,
1756918524075,NaN,-1,false,0,1665642,12,ERROR-null-result,
1756918524115,NaN,-1,false,0,1665643,5,ERROR-null-result,
1756918524134,NaN,-1,false,0,1665644,5,ERROR-null-result,
1756918524150,NaN,-1,false,0,1665645,4,ERROR-null-result,
1756918524167,NaN,-1,false,0,1665647,3,ERROR-null-result,
1756918524177,NaN,-1,false,0,1665648,4,ERROR-null-result,
1756918524189,NaN,-1,false,0,1665650,9,ERROR-null-result,
1756918524211,NaN,-1,false,0,1665651,4,ERROR-null-result,
1756918524227,NaN,-1,false,0,1665653,3,ERROR-null-result,
1756918524245,NaN,-1,false,0,1665655,3,ERROR-null-result,
1756918524262,NaN,-1,false,0,1665657,5,ERROR-null-result,
1756918524277,NaN,-1,false,0,1665658,5,ERROR-null-result,
1756918524297,NaN,-1,false,0,1665660,7,ERROR-null-result,
1756918524311,NaN,-1,false,0,1665661,11,ERROR-null-result,
1756918524336,NaN,-1,false,0,1665663,3,ERROR-null-result,
1756918524345,NaN,-1,false,0,1665664,136,ERROR-null-result,
1756918524491,NaN,-1,false,0,1665666,23,ERROR-null-result,
1756918524525,NaN,-1,false,0,1665668,212,ERROR-null-result,
1756918524755,NaN,-1,false,0,1665670,4,ERROR-null-result,
1756918524779,NaN,-1,false,0,1665671,5,ERROR-null-result,
1756918524799,NaN,-1,false,0,1665673,3,ERROR-null-result,
1756918524815,NaN,-1,false,0,1665675,7,ERROR-null-result,
1756918524839,NaN,-1,false,0,1665676,4,ERROR-null-result,
1756918524860,NaN,-1,false,0,1665678,22,ERROR-null-result,
1756918524892,NaN,-1,false,0,1665679,20,ERROR-null-result,
1756918524926,NaN,-1,false,0,1665681,20,ERROR-null-result,
1756918524954,NaN,-1,false,0,1665683,5,ERROR-null-result,
1756918524980,NaN,-1,false,0,1665684,5,ERROR-null-result,
1756918525007,NaN,-1,false,0,1665686,5,ERROR-null-result,
1756918525039,NaN,-1,false,0,1665688,9,ERROR-null-result,
1756918525077,NaN,-1,false,0,1665689,24,ERROR-null-result,
1756918525123,NaN,-1,false,0,1665691,14,ERROR-null-result,
1756918525148,NaN,-1,false,0,1665692,5,ERROR-null-result,
1756918525170,NaN,-1,false,0,1665694,10,ERROR-null-result,
1756918525195,NaN,-1,false,0,1665695,6,ERROR-null-result,
1756918525218,NaN,-1,false,0,1665698,4,ERROR-null-result,
1756918525234,NaN,-1,false,0,1665700,16,ERROR-null-result,
1756918525262,NaN,-1,false,0,1665702,15,ERROR-null-result,
1756918525297,NaN,-1,false,0,1665704,4,ERROR-null-result,
1756918525310,NaN,-1,false,0,1665706,29,ERROR-null-result,
1756918525349,NaN,-1,false,0,1665707,10,ERROR-null-result,
1756918525375,NaN,-1,false,0,1665709,9,ERROR-null-result,
1756918525409,NaN,-1,false,0,1665711,24,ERROR-null-result,
1756918525440,NaN,-1,false,0,1665712,14,ERROR-null-result,
1756918525473,NaN,-1,false,0,1665713,7,ERROR-null-result,
1756918525489,NaN,-1,false,0,1665715,15,ERROR-null-result,
1756918525514,NaN,-1,false,0,1665717,6,ERROR-null-result,
1756918525535,NaN,-1,false,0,1665718,13,ERROR-null-result,
1756918525561,NaN,-1,false,0,1665719,6,ERROR-null-result,
1756918525590,NaN,-1,false,0,1665722,4,ERROR-null-result,
1756918525621,NaN,-1,false,0,1665723,7,ERROR-null-result,
1756918525653,NaN,-1,false,0,1665725,7,ERROR-null-result,
1756918525676,NaN,-1,false,0,1665727,11,ERROR-null-result,
1756918525702,NaN,-1,false,0,1665728,6,ERROR-null-result,
1756918525726,NaN,-1,false,0,1665730,19,ERROR-null-result,
1756918525762,NaN,-1,false,0,1665731,5,ERROR-null-result,
1756918525786,NaN,-1,false,0,1665733,4,ERROR-null-result,
1756918525798,NaN,-1,false,0,1665734,18,ERROR-null-result,
1756918525829,NaN,-1,false,0,1665736,12,ERROR-null-result,
1756918525859,NaN,-1,false,0,1665738,18,ERROR-null-result,
1756918525892,NaN,-1,false,0,1665740,14,ERROR-null-result,
1756918525925,NaN,-1,false,0,1665742,7,ERROR-null-result,
1756918525948,NaN,-1,false,0,1665743,8,ERROR-null-result,
1756918525967,NaN,-1,false,0,1665745,8,ERROR-null-result,
1756918525993,NaN,-1,false,0,1665746,5,ERROR-null-result,
1756918526014,NaN,-1,false,0,1665748,13,ERROR-null-result,
1756918526042,NaN,-1,false,0,1665749,5,ERROR-null-result,
1756918526064,NaN,-1,false,0,1665751,11,ERROR-null-result,
1756918526091,NaN,-1,false,0,1665752,10,ERROR-null-result,
1756918526111,NaN,-1,false,0,1665753,7,ERROR-null-result,
1756918526126,NaN,-1,false,0,1665755,33,ERROR-null-result,
1756918526168,NaN,-1,false,0,1665756,2,ERROR-null-result,
1756918526188,NaN,-1,false,0,1665758,4,ERROR-null-result,
1756918526206,NaN,-1,false,0,1665759,9,ERROR-null-result,
1756918526229,NaN,-1,false,0,1665761,5,ERROR-null-result,
1756918526249,NaN,-1,false,0,1665762,8,ERROR-null-result,
1756918526272,NaN,-1,false,0,1665765,22,ERROR-null-result,
1756918526314,NaN,-1,false,0,1665766,16,ERROR-null-result,
1756918526347,NaN,-1,false,0,1665768,11,ERROR-null-result,
1756918526373,NaN,-1,false,0,1665770,4,ERROR-null-result,
1756918526390,NaN,-1,false,0,1665771,5,ERROR-null-result,
1756918526411,NaN,-1,false,0,1665773,6,ERROR-null-result,
1756918526432,NaN,-1,false,0,1665774,11,ERROR-null-result,
1756918526457,NaN,-1,false,0,1665776,5,ERROR-null-result,
1756918526478,NaN,-1,false,0,1665777,10,ERROR-null-result,
1756918526504,NaN,-1,false,0,1665779,5,ERROR-null-result,
1756918526523,NaN,-1,false,0,1665780,23,ERROR-null-result,
1756918526569,NaN,-1,false,0,1665782,9,ERROR-null-result,
1756918526588,NaN,-1,false,0,1665784,12,ERROR-null-result,
1756918526624,NaN,-1,false,0,1665785,8,ERROR-null-result,
1756918526650,NaN,-1,false,0,1665787,5,ERROR-null-result,
1756918526686,NaN,-1,false,0,1665788,8,ERROR-null-result,
1756918526750,NaN,-1,false,0,1665789,8,ERROR-null-result,
1756918526784,NaN,-1,false,0,1665790,15,ERROR-null-result,
1756918526808,NaN,-1,false,0,1665791,12,ERROR-null-result,
1756918526842,NaN,-1,false,0,1665793,6,ERROR-null-result,
1756918526878,NaN,-1,false,0,1665794,10,ERROR-null-result,
1756918526895,NaN,-1,false,0,1665795,14,ERROR-null-result,
1756918526922,NaN,-1,false,0,1665796,8,ERROR-null-result,
1756918526945,NaN,-1,false,0,1665798,13,ERROR-null-result,
1756918526971,NaN,-1,false,0,1665800,12,ERROR-null-result,
1756918527002,NaN,-1,false,0,1665801,7,ERROR-null-result,
1756918527017,NaN,-1,false,0,1665803,15,ERROR-null-result,
1756918527053,NaN,-1,false,0,1665805,4,ERROR-null-result,
1756918527071,NaN,-1,false,0,1665806,5,ERROR-null-result,
1756918527096,NaN,-1,false,0,1665808,11,ERROR-null-result,
1756918527113,NaN,-1,false,0,1665810,10,ERROR-null-result,
1756918527150,NaN,-1,false,0,1665812,6,ERROR-null-result,
1756918527167,NaN,-1,false,0,1665814,4,ERROR-null-result,
1756918527175,NaN,-1,false,0,1665815,5,ERROR-null-result,
1756918527191,NaN,-1,false,0,1665816,9,ERROR-null-result,
1756918527207,NaN,-1,false,0,1665818,8,ERROR-null-result,
1756918527222,NaN,-1,false,0,1665819,13,ERROR-null-result,
1756918527263,NaN,-1,false,0,1665821,13,ERROR-null-result,
1756918527302,NaN,-1,false,0,1665823,10,ERROR-null-result,
1756918527356,NaN,-1,false,0,1665824,14,ERROR-null-result,
1756918527381,NaN,-1,false,0,1665825,7,ERROR-null-result,
1756918527413,NaN,-1,false,0,1665827,12,ERROR-null-result,
1756918527430,NaN,-1,false,0,1665828,11,ERROR-null-result,
1756918527461,NaN,-1,false,0,1665830,5,ERROR-null-result,
1756918527484,NaN,-1,false,0,1665832,4,ERROR-null-result,
1756918527492,NaN,-1,false,0,1665834,12,ERROR-null-result,
1756918527524,NaN,-1,false,0,1665835,6,ERROR-null-result,
1756918527553,NaN,-1,false,0,1665837,8,ERROR-null-result,
1756918527570,NaN,-1,false,0,1665838,12,ERROR-null-result,
1756918527588,NaN,-1,false,0,1665840,11,ERROR-null-result,
1756918527620,NaN,-1,false,0,1665842,5,ERROR-null-result,
1756918527634,NaN,-1,false,0,1665844,5,ERROR-null-result,
1756918527667,NaN,-1,false,0,1665845,11,ERROR-null-result,
1756918527682,NaN,-1,false,0,1665847,4,ERROR-null-result,
1756918527697,NaN,-1,false,0,1665849,10,ERROR-null-result,
1756918527731,NaN,-1,false,0,1665850,6,ERROR-null-result,
1756918527751,NaN,-1,false,0,1665853,6,ERROR-null-result,
1756918527810,NaN,-1,false,0,1665854,9,ERROR-null-result,
1756918527825,NaN,-1,false,0,1665856,5,ERROR-null-result,
1756918527850,NaN,-1,false,0,1665857,6,ERROR-null-result,
1756918527856,NaN,-1,false,0,1665859,5,ERROR-null-result,
1756918527887,NaN,-1,false,0,1665860,11,ERROR-null-result,
1756918527905,NaN,-1,false,0,1665862,10,ERROR-null-result,
1756918527936,NaN,-1,false,0,1665864,9,ERROR-null-result,
1756918527958,NaN,-1,false,0,1665865,4,ERROR-null-result,
1756918527971,NaN,-1,false,0,1665867,5,ERROR-null-result,
1756918528000,NaN,-1,false,0,1665869,22,ERROR-null-result,
1756918528032,NaN,-1,false,0,1665871,9,ERROR-null-result,
1756918528053,NaN,-1,false,0,1665872,7,ERROR-null-result,
1756918528071,NaN,-1,false,0,1665874,14,ERROR-null-result,
1756918528095,NaN,-1,false,0,1665876,5,ERROR-null-result,
1756918528129,NaN,-1,false,0,1665877,7,ERROR-null-result,
1756918528189,NaN,-1,false,0,1665879,10,ERROR-null-result,
1756918528221,NaN,-1,false,0,1665880,17,ERROR-null-result,
1756918528265,NaN,-1,false,0,1665882,5,ERROR-null-result,
1756918528284,NaN,-1,false,0,1665883,12,ERROR-null-result,
1756918528318,NaN,-1,false,0,1665885,7,ERROR-null-result,
1756918528350,NaN,-1,false,0,1665886,24,ERROR-null-result,
1756918528379,NaN,-1,false,0,1665888,12,ERROR-null-result,
1756918528416,NaN,-1,false,0,1665890,17,ERROR-null-result,
1756918528459,NaN,-1,false,0,1665891,13,ERROR-null-result,
1756918528492,NaN,-1,false,0,1665893,11,ERROR-null-result,
1756918528515,NaN,-1,false,0,1665894,11,ERROR-null-result,
1756918528538,NaN,-1,false,0,1665896,5,ERROR-null-result,
1756918528572,NaN,-1,false,0,1665897,9,ERROR-null-result,
1756918528602,NaN,-1,false,0,1665899,11,ERROR-null-result,
1756918528617,NaN,-1,false,0,1665900,12,ERROR-null-result,
1756918528660,NaN,-1,false,0,1665902,7,ERROR-null-result,
1756918528680,NaN,-1,false,0,1665903,14,ERROR-null-result,
1756918528698,NaN,-1,false,0,1665905,10,ERROR-null-result,
1756918528740,NaN,-1,false,0,1665907,9,ERROR-null-result,
1756918528763,NaN,-1,false,0,1665911,26,ERROR-null-result,
1756918528795,NaN,-1,false,0,1665913,3,ERROR-null-result,
1756918528811,NaN,-1,false,0,1665915,5,ERROR-null-result,
1756918528844,NaN,-1,false,0,1665916,6,ERROR-null-result,
1756918528844,NaN,-1,false,0,1665918,10,ERROR-null-result,
1756918528877,NaN,-1,false,0,1665919,4,ERROR-null-result,
1756918528895,NaN,-1,false,0,1665921,3,ERROR-null-result,
1756918528907,NaN,-1,false,0,1665922,11,ERROR-null-result,
1756918528969,NaN,-1,false,0,1665924,7,ERROR-null-result,
1756918528990,NaN,-1,false,0,1665925,7,ERROR-null-result,
1756918529001,NaN,-1,false,0,1665927,4,ERROR-null-result,
1756918529033,NaN,-1,false,0,1665929,12,ERROR-null-result,
1756918529085,NaN,-1,false,0,1665930,6,ERROR-null-result,
1756918529105,NaN,-1,false,0,1665932,5,ERROR-null-result,
1756918529122,NaN,-1,false,0,1665933,5,ERROR-null-result,
1756918529140,NaN,-1,false,0,1665935,9,ERROR-null-result,
1756918529164,NaN,-1,false,0,1665936,5,ERROR-null-result,
1756918529183,NaN,-1,false,0,1665938,4,ERROR-null-result,
1756918529201,NaN,-1,false,0,1665939,11,ERROR-null-result,
1756918529225,NaN,-1,false,0,1665943,5,ERROR-null-result,
1756918529249,NaN,-1,false,0,1665945,14,ERROR-null-result,
1756918529278,NaN,-1,false,0,1665946,11,ERROR-null-result,
1756918529309,NaN,-1,false,0,1665948,10,ERROR-null-result,
1756918529337,NaN,-1,false,0,1665949,6,ERROR-null-result,
1756918529359,NaN,-1,false,0,1665951,9,ERROR-null-result,
1756918529392,NaN,-1,false,0,1665953,8,ERROR-null-result,
1756918529418,NaN,-1,false,0,1665955,10,ERROR-null-result,
1756918529440,NaN,-1,false,0,1665957,8,ERROR-null-result,
1756918529466,NaN,-1,false,0,1665958,7,ERROR-null-result,
1756918529481,NaN,-1,false,0,1665960,10,ERROR-null-result,
1756918529507,NaN,-1,false,0,1665961,4,ERROR-null-result,
1756918529526,NaN,-1,false,0,1665963,3,ERROR-null-result,
1756918529544,NaN,-1,false,0,1665965,12,ERROR-null-result,
1756918529563,NaN,-1,false,0,1665966,13,ERROR-null-result,
1756918529589,NaN,-1,false,0,1665968,5,ERROR-null-result,
1756918529609,NaN,-1,false,0,1665969,11,ERROR-null-result,
1756918529633,NaN,-1,false,0,1665971,4,ERROR-null-result,
1756918529633,NaN,-1,false,0,1665972,16,ERROR-null-result,
1756918529668,NaN,-1,false,0,1665974,4,ERROR-null-result,
1756918529696,NaN,-1,false,0,1665976,8,ERROR-null-result,
1756918529712,NaN,-1,false,0,1665977,7,ERROR-null-result,
1756918529744,NaN,-1,false,0,1665979,11,ERROR-null-result,
1756918529759,NaN,-1,false,0,1665980,6,ERROR-null-result,
1756918529777,NaN,-1,false,0,1665982,10,ERROR-null-result,
1756918529807,NaN,-1,false,0,1665984,4,ERROR-null-result,
1756918529877,NaN,-1,false,0,1665985,6,ERROR-null-result,
1756918529896,NaN,-1,false,0,1665987,4,ERROR-null-result,
1756918529903,NaN,-1,false,0,1665989,14,ERROR-null-result,
1756918529935,NaN,-1,false,0,1665990,11,ERROR-null-result,
1756918529973,NaN,-1,false,0,1665992,4,ERROR-null-result,
1756918530001,NaN,-1,false,0,1665993,7,ERROR-null-result,
1756918530032,NaN,-1,false,0,1665994,24,ERROR-null-result,
1756918530061,NaN,-1,false,0,1665995,11,ERROR-null-result,
1756918530094,NaN,-1,false,0,1665997,13,ERROR-null-result,
1756918530110,NaN,-1,false,0,1665998,13,ERROR-null-result,
1756918530147,NaN,-1,false,0,1666000,4,ERROR-null-result,
1756918530173,NaN,-1,false,0,1666001,7,ERROR-null-result,
1756918530190,NaN,-1,false,0,1666002,6,ERROR-null-result,
1756918530211,NaN,-1,false,0,1666003,10,ERROR-null-result,
1756918530241,NaN,-1,false,0,1666004,8,ERROR-null-result,
1756918530268,NaN,-1,false,0,1666006,5,ERROR-null-result,
1756918530293,NaN,-1,false,0,1666007,12,ERROR-null-result,
1756918530316,NaN,-1,false,0,1666009,6,ERROR-null-result,
1756918530331,NaN,-1,false,0,1666010,13,ERROR-null-result,
1756918530374,NaN,-1,false,0,1666012,11,ERROR-null-result,
1756918530401,NaN,-1,false,0,1666014,4,ERROR-null-result,
1756918530426,NaN,-1,false,0,1666016,8,ERROR-null-result,
1756918530444,NaN,-1,false,0,1666018,4,ERROR-null-result,
1756918530458,NaN,-1,false,0,1666021,12,ERROR-null-result,
1756918530490,NaN,-1,false,0,1666022,9,ERROR-null-result,
1756918530508,NaN,-1,false,0,1666024,12,ERROR-null-result,
1756918530537,NaN,-1,false,0,1666026,4,ERROR-null-result,
1756918530555,NaN,-1,false,0,1666028,4,ERROR-null-result,
1756918530582,NaN,-1,false,0,1666029,11,ERROR-null-result,
1756918530607,NaN,-1,false,0,1666031,5,ERROR-null-result,
1756918530626,NaN,-1,false,0,1666032,6,ERROR-null-result,
1756918530646,NaN,-1,false,0,1666034,13,ERROR-null-result,
1756918530674,NaN,-1,false,0,1666036,9,ERROR-null-result,
1756918530698,NaN,-1,false,0,1666037,5,ERROR-null-result,
1756918530719,NaN,-1,false,0,1666039,4,ERROR-null-result,
1756918530734,NaN,-1,false,0,1666040,5,ERROR-null-result,
1756918530754,NaN,-1,false,0,1666042,10,ERROR-null-result,
1756918530780,NaN,-1,false,0,1666043,12,ERROR-null-result,
1756918530802,NaN,-1,false,0,1666045,11,ERROR-null-result,
1756918530831,NaN,-1,false,0,1666046,11,ERROR-null-result,
1756918530858,NaN,-1,false,0,1666048,7,ERROR-null-result,
1756918530880,NaN,-1,false,0,1666050,9,ERROR-null-result,
1756918530904,NaN,-1,false,0,1666053,4,ERROR-null-result,
1756918530955,NaN,-1,false,0,1666054,11,ERROR-null-result,
1756918530984,NaN,-1,false,0,1666056,5,ERROR-null-result,
1756918531014,NaN,-1,false,0,1666058,4,ERROR-null-result,
1756918531034,NaN,-1,false,0,1666060,14,ERROR-null-result,
1756918531068,NaN,-1,false,0,1666061,6,ERROR-null-result,
1756918531089,NaN,-1,false,0,1666063,4,ERROR-null-result,
1756918531109,NaN,-1,false,0,1666064,10,ERROR-null-result,
1756918531135,NaN,-1,false,0,1666066,7,ERROR-null-result,
1756918531157,NaN,-1,false,0,1666067,12,ERROR-null-result,
1756918531185,NaN,-1,false,0,1666069,4,ERROR-null-result,
1756918531204,NaN,-1,false,0,1666070,10,ERROR-null-result,
1756918531227,NaN,-1,false,0,1666072,4,ERROR-null-result,
1756918531245,NaN,-1,false,0,1666074,4,ERROR-null-result,
1756918531262,NaN,-1,false,0,1666075,4,ERROR-null-result,
1756918531280,NaN,-1,false,0,1666077,6,ERROR-null-result,
1756918531295,NaN,-1,false,0,1666078,8,ERROR-null-result,
1756918531314,NaN,-1,false,0,1666080,6,ERROR-null-result,
1756918531328,NaN,-1,false,0,1666081,8,ERROR-null-result,
1756918531344,NaN,-1,false,0,1666083,8,ERROR-null-result,
1756918531366,NaN,-1,false,0,1666084,5,ERROR-null-result,
1756918531386,NaN,-1,false,0,1666086,4,ERROR-null-result,
1756918531403,NaN,-1,false,0,1666087,11,ERROR-null-result,
1756918531428,NaN,-1,false,0,1666089,8,ERROR-null-result,
1756918531451,NaN,-1,false,0,1666091,18,ERROR-null-result,
1756918531481,NaN,-1,false,0,1666093,11,ERROR-null-result,
1756918531507,NaN,-1,false,0,1666094,6,ERROR-null-result,
1756918531527,NaN,-1,false,0,1666096,14,ERROR-null-result,
1756918531560,NaN,-1,false,0,1666098,15,ERROR-null-result,
1756918531597,NaN,-1,false,0,1666099,5,ERROR-null-result,
1756918531616,NaN,-1,false,0,1666101,5,ERROR-null-result,
1756918531633,NaN,-1,false,0,1666102,7,ERROR-null-result,
1756918531662,NaN,-1,false,0,1666104,15,ERROR-null-result,
1756918531679,NaN,-1,false,0,1666106,19,ERROR-null-result,
1756918531711,NaN,-1,false,0,1666108,18,ERROR-null-result,
1756918531742,NaN,-1,false,0,1666109,7,ERROR-null-result,
1756918531766,NaN,-1,false,0,1666111,10,ERROR-null-result,
1756918531790,NaN,-1,false,0,1666112,8,ERROR-null-result,
1756918531808,NaN,-1,false,0,1666114,10,ERROR-null-result,
1756918531837,NaN,-1,false,0,1666115,6,ERROR-null-result,
1756918531853,NaN,-1,false,0,1666117,4,ERROR-null-result,
1756918531875,NaN,-1,false,0,1666118,11,ERROR-null-result,
1756918531901,NaN,-1,false,0,1666120,5,ERROR-null-result,
1756918531921,NaN,-1,false,0,1666121,10,ERROR-null-result,
1756918531948,NaN,-1,false,0,1666122,10,ERROR-null-result,
1756918531995,NaN,-1,false,0,1666124,4,ERROR-null-result,
1756918532011,NaN,-1,false,0,1666125,10,ERROR-null-result,
1756918532027,NaN,-1,false,0,1666127,10,ERROR-null-result,
1756918532068,NaN,-1,false,0,1666128,8,ERROR-null-result,
1756918532091,NaN,-1,false,0,1666130,4,ERROR-null-result,
1756918532108,NaN,-1,false,0,1666131,18,ERROR-null-result,
1756918532139,NaN,-1,false,0,1666132,14,ERROR-null-result,
1756918532175,NaN,-1,false,0,1666134,5,ERROR-null-result,
1756918532202,NaN,-1,false,0,1666135,10,ERROR-null-result,
1756918532218,NaN,-1,false,0,1666137,9,ERROR-null-result,
1756918532250,NaN,-1,false,0,1666138,11,ERROR-null-result,
1756918532275,NaN,-1,false,0,1666140,5,ERROR-null-result,
1756918532297,NaN,-1,false,0,1666141,11,ERROR-null-result,
1756918532313,NaN,-1,false,0,1666143,5,ERROR-null-result,
1756918532342,NaN,-1,false,0,1666144,11,ERROR-null-result,
1756918532368,NaN,-1,false,0,1666146,5,ERROR-null-result,
1756918532378,NaN,-1,false,0,1666148,11,ERROR-null-result,
1756918532409,NaN,-1,false,0,1666149,6,ERROR-null-result,
1756918532440,NaN,-1,false,0,1666151,10,ERROR-null-result,
1756918532456,NaN,-1,false,0,1666152,11,ERROR-null-result,
1756918532476,NaN,-1,false,0,1666154,11,ERROR-null-result,
1756918532508,NaN,-1,false,0,1666155,5,ERROR-null-result,
1756918532535,NaN,-1,false,0,1666156,10,ERROR-null-result,
1756918532556,NaN,-1,false,0,1666158,4,ERROR-null-result,
1756918532576,NaN,-1,false,0,1666159,5,ERROR-null-result,
1756918532598,NaN,-1,false,0,1666160,5,ERROR-null-result,
1756918532614,NaN,-1,false,0,1666161,5,ERROR-null-result,
1756918532631,NaN,-1,false,0,1666163,5,ERROR-null-result,
1756918532646,NaN,-1,false,0,1666165,12,ERROR-null-result,
1756918532677,NaN,-1,false,0,1666166,7,ERROR-null-result,
1756918532693,NaN,-1,false,0,1666168,5,ERROR-null-result,
1756918532709,NaN,-1,false,0,1666169,6,ERROR-null-result,
1756918532729,NaN,-1,false,0,1666171,4,ERROR-null-result,
1756918532757,NaN,-1,false,0,1666174,5,ERROR-null-result,
1756918532776,NaN,-1,false,0,1666175,4,ERROR-null-result,
1756918532788,NaN,-1,false,0,1666176,13,ERROR-null-result,
1756918532820,NaN,-1,false,0,1666178,4,ERROR-null-result,
1756918532836,NaN,-1,false,0,1666179,9,ERROR-null-result,
1756918532852,NaN,-1,false,0,1666181,10,ERROR-null-result,
1756918532892,NaN,-1,false,0,1666182,12,ERROR-null-result,
1756918532921,NaN,-1,false,0,1666184,4,ERROR-null-result,
1756918532931,NaN,-1,false,0,1666186,12,ERROR-null-result,
1756918532963,NaN,-1,false,0,1666187,10,ERROR-null-result,
1756918532979,NaN,-1,false,0,1666189,3,ERROR-null-result,
1756918533043,NaN,-1,false,0,1666190,11,ERROR-null-result,
1756918533058,NaN,-1,false,0,1666192,8,ERROR-null-result,
1756918533090,NaN,-1,false,0,1666193,14,ERROR-null-result,
1756918533107,NaN,-1,false,0,1666195,11,ERROR-null-result,
1756918533137,NaN,-1,false,0,1666196,6,ERROR-null-result,
1756918533153,NaN,-1,false,0,1666198,12,ERROR-null-result,
1756918533187,NaN,-1,false,0,1666200,5,ERROR-null-result,
1756918533201,NaN,-1,false,0,1666201,6,ERROR-null-result,
1756918533216,NaN,-1,false,0,1666203,8,ERROR-null-result,
1756918533248,NaN,-1,false,0,1666205,8,ERROR-null-result,
1756918533264,NaN,-1,false,0,1666207,9,ERROR-null-result,
1756918533280,NaN,-1,false,0,1666209,4,ERROR-null-result,
1756918533312,NaN,-1,false,0,1666210,7,ERROR-null-result,
1756918533327,NaN,-1,false,0,1666212,11,ERROR-null-result,
1756918533359,NaN,-1,false,0,1666213,11,ERROR-null-result,
1756918533391,NaN,-1,false,0,1666215,10,ERROR-null-result,
1756918533407,NaN,-1,false,0,1666216,14,ERROR-null-result,
1756918533423,NaN,-1,false,0,1666218,9,ERROR-null-result,
1756918533454,NaN,-1,false,0,1666219,8,ERROR-null-result,
1756918533477,NaN,-1,false,0,1666221,5,ERROR-null-result,
1756918533486,NaN,-1,false,0,1666222,5,ERROR-null-result,
1756918533516,NaN,-1,false,0,1666224,8,ERROR-null-result,
1756918533534,NaN,-1,false,0,1666225,6,ERROR-null-result,
1756918533556,NaN,-1,false,0,1666226,5,ERROR-null-result,
1756918533565,NaN,-1,false,0,1666227,5,ERROR-null-result,
1756918533581,NaN,-1,false,0,1666229,3,ERROR-null-result,
1756918533598,NaN,-1,false,0,1666231,4,ERROR-null-result,
1756918533613,NaN,-1,false,0,1666233,3,ERROR-null-result,
1756918533629,NaN,-1,false,0,1666235,7,ERROR-null-result,
1756918533660,NaN,-1,false,0,1666236,5,ERROR-null-result,
1756918533685,NaN,-1,false,0,1666238,3,ERROR-null-result,
1756918533693,NaN,-1,false,0,1666239,5,ERROR-null-result,
1756918533708,NaN,-1,false,0,1666241,3,ERROR-null-result,
1756918533731,NaN,-1,false,0,1666242,6,ERROR-null-result,
1756918533747,NaN,-1,false,0,1666244,3,ERROR-null-result,
1756918533756,NaN,-1,false,0,1666245,5,ERROR-null-result,
1756918533777,NaN,-1,false,0,1666247,9,ERROR-null-result,
1756918533788,NaN,-1,false,0,1666248,12,ERROR-null-result,
1756918533835,NaN,-1,false,0,1666250,17,ERROR-null-result,
1756918533878,NaN,-1,false,0,1666251,17,ERROR-null-result,
1756918533916,NaN,-1,false,0,1666252,12,ERROR-null-result,
1756918533945,NaN,-1,false,0,1666253,10,ERROR-null-result,
1756918533977,NaN,-1,false,0,1666255,8,ERROR-null-result,
1756918534044,NaN,-1,false,0,1666256,36,ERROR-null-result,
1756918534126,NaN,-1,false,0,1666258,11,ERROR-null-result,
1756918534163,NaN,-1,false,0,1666259,11,ERROR-null-result,
1756918534206,NaN,-1,false,0,1666261,5,ERROR-null-result,
1756918534229,NaN,-1,false,0,1666262,5,ERROR-null-result,
1756918534248,NaN,-1,false,0,1666264,4,ERROR-null-result,
1756918534269,NaN,-1,false,0,1666265,11,ERROR-null-result,
1756918534296,NaN,-1,false,0,1666267,6,ERROR-null-result,
1756918534309,NaN,-1,false,0,1666269,10,ERROR-null-result,
1756918534347,NaN,-1,false,0,1666270,13,ERROR-null-result,
1756918534381,NaN,-1,false,0,1666271,8,ERROR-null-result,
1756918534396,NaN,-1,false,0,1666273,21,ERROR-null-result,
1756918534422,NaN,-1,false,0,1666275,5,ERROR-null-result,
1756918534454,NaN,-1,false,0,1666276,5,ERROR-null-result,
1756918534478,NaN,-1,false,0,1666278,8,ERROR-null-result,
1756918534497,NaN,-1,false,0,1666280,4,ERROR-null-result,
1756918534513,NaN,-1,false,0,1666281,5,ERROR-null-result,
1756918534535,NaN,-1,false,0,1666284,9,ERROR-null-result,
1756918534552,NaN,-1,false,0,1666285,5,ERROR-null-result,
1756918534569,NaN,-1,false,0,1666287,6,ERROR-null-result,
1756918534585,NaN,-1,false,0,1666289,13,ERROR-null-result,
1756918534602,NaN,-1,false,0,1666291,3,ERROR-null-result,
1756918534613,NaN,-1,false,0,1666292,3,ERROR-null-result,
1756918534626,NaN,-1,false,0,1666295,2,ERROR-null-result,
1756918534642,NaN,-1,false,0,1666302,2,ERROR-null-result,
1756918534669,NaN,-1,false,0,1666304,3,ERROR-null-result,
1756918534678,NaN,-1,false,0,1666307,3,ERROR-null-result,
1756918534690,NaN,-1,false,0,1666308,4,ERROR-null-result,
1756918534705,NaN,-1,false,0,1666309,3,ERROR-null-result,
1756918534721,NaN,-1,false,0,1666310,6,ERROR-null-result,
1756918534737,NaN,-1,false,0,1666311,5,ERROR-null-result,
1756918534754,NaN,-1,false,0,1666312,7,ERROR-null-result,
1756918534769,NaN,-1,false,0,1666315,3,ERROR-null-result,
1756918534785,NaN,-1,false,0,1666316,1,ERROR-null-result,
1756918534785,NaN,-1,false,0,1666321,1,ERROR-null-result,
1756918534808,NaN,-1,false,0,1666322,32,ERROR-null-result,
1756918534868,NaN,-1,false,0,1666323,4,ERROR-null-result,
1756918534882,NaN,-1,false,0,1666325,2,ERROR-null-result,
1756918534893,NaN,-1,false,0,1666326,5,ERROR-null-result,
1756918534899,NaN,-1,false,0,1666328,2,ERROR-null-result,
1756918534914,NaN,-1,false,0,1666329,2,ERROR-null-result,
1756918534914,NaN,-1,false,0,1666332,7,ERROR-null-result,
1756918534930,NaN,-1,false,0,1666335,4,ERROR-null-result,
1756918534947,NaN,-1,false,0,1666337,3,ERROR-null-result,
1756918534963,NaN,-1,false,0,1666338,4,ERROR-null-result,
1756918534979,NaN,-1,false,0,1666339,4,ERROR-null-result,
1756918534995,NaN,-1,false,0,1666340,8,ERROR-null-result,
1756918535011,NaN,-1,false,0,1666343,1,ERROR-null-result,
1756918535027,NaN,-1,false,0,1666347,11,ERROR-null-result,
1756918535043,NaN,-1,false,0,1666348,4,ERROR-null-result,
1756918535059,NaN,-1,false,0,1666350,3,ERROR-null-result,
1756918535075,NaN,-1,false,0,1666351,5,ERROR-null-result,
1756918535090,NaN,-1,false,0,1666353,3,ERROR-null-result,
1756918535095,NaN,-1,false,0,1666355,11,ERROR-null-result,
1756918535122,NaN,-1,false,0,1666358,5,ERROR-null-result,
1756918535138,NaN,-1,false,0,1666360,5,ERROR-null-result,
1756918535153,NaN,-1,false,0,1666362,6,ERROR-null-result,
1756918535185,NaN,-1,false,0,1666365,4,ERROR-null-result,
1756918535201,NaN,-1,false,0,1666367,14,ERROR-null-result,
1756918535233,NaN,-1,false,0,1666369,5,ERROR-null-result,
1756918535248,NaN,-1,false,0,1666370,10,ERROR-null-result,
1756918535267,NaN,-1,false,0,1666372,44,ERROR-null-result,
1756918535336,NaN,-1,false,0,1666374,6,ERROR-null-result,
1756918535355,NaN,-1,false,0,1666376,15,ERROR-null-result,
1756918535388,NaN,-1,false,0,1666378,21,ERROR-null-result,
1756918535421,NaN,-1,false,0,1666379,6,ERROR-null-result,
1756918535437,NaN,-1,false,0,1666381,5,ERROR-null-result,
1756918535453,NaN,-1,false,0,1666382,5,ERROR-null-result,
1756918535472,NaN,-1,false,0,1666384,2,ERROR-null-result,
1756918535488,NaN,-1,false,0,1666385,4,ERROR-null-result,
1756918535493,NaN,-1,false,0,1666388,3,ERROR-null-result,
1756918535508,NaN,-1,false,0,1666390,4,ERROR-null-result,
1756918535525,NaN,-1,false,0,1666392,3,ERROR-null-result,
1756918535540,NaN,-1,false,0,1666393,4,ERROR-null-result,
1756918535558,NaN,-1,false,0,1666394,3,ERROR-null-result,
1756918535572,NaN,-1,false,0,1666395,3,ERROR-null-result,
1756918535579,NaN,-1,false,0,1666396,1,ERROR-null-result,
1756918535588,NaN,-1,false,0,1666397,2,ERROR-null-result,
1756918535588,NaN,-1,false,0,1666399,1,ERROR-null-result,
1756918535604,NaN,-1,false,0,1666402,1,ERROR-null-result,
1756918535604,NaN,-1,false,0,1666403,1,ERROR-null-result,
1756918535624,NaN,-1,false,0,1666410,2,ERROR-null-result,
1756918535624,NaN,-1,false,0,1666412,6,ERROR-null-result,
1756918535653,NaN,-1,false,0,1666414,4,ERROR-null-result,
1756918535653,NaN,-1,false,0,1666415,1,ERROR-null-result,
1756918535653,NaN,-1,false,0,1666416,1,ERROR-null-result,
1756918535670,NaN,-1,false,0,1666419,1,ERROR-null-result,
1756918535679,NaN,-1,false,0,1666420,7,ERROR-null-result,
1756918535685,NaN,-1,false,0,1666427,5,ERROR-null-result,
1756918535702,NaN,-1,false,0,1666429,4,ERROR-null-result,
1756918535702,NaN,-1,false,0,1666435,1,ERROR-null-result,
1756918535718,NaN,-1,false,0,1666436,2,ERROR-null-result,
1756918535735,NaN,-1,false,0,1666443,2,ERROR-null-result,
1756918535751,NaN,-1,false,0,1666445,2,ERROR-null-result,
1756918535767,NaN,-1,false,0,1666449,2,ERROR-null-result,
1756918535780,NaN,-1,false,0,1666460,3,ERROR-null-result,
1756918535801,NaN,-1,false,0,1666461,5,ERROR-null-result,
1756918535801,NaN,-1,false,0,1666462,2,ERROR-null-result,
1756918535817,NaN,-1,false,0,1666470,8,ERROR-null-result,
1756918535836,NaN,-1,false,0,1666471,1,ERROR-null-result,
1756918535853,NaN,-1,false,0,1666473,3,ERROR-null-result,
1756918535856,NaN,-1,false,0,1666474,3,ERROR-null-result,
1756918535865,NaN,-1,false,0,1666479,5,ERROR-null-result,
1756918535882,NaN,-1,false,0,1666481,5,ERROR-null-result,
1756918535889,NaN,-1,false,0,1666483,4,ERROR-null-result,
1756918535900,NaN,-1,false,0,1666484,3,ERROR-null-result,
1756918535900,NaN,-1,false,0,1666486,5,ERROR-null-result,
1756918535914,NaN,-1,false,0,1666487,3,ERROR-null-result,
1756918535937,NaN,-1,false,0,1666489,2,ERROR-null-result,
1756918535947,NaN,-1,false,0,1666495,3,ERROR-null-result,
1756918535963,NaN,-1,false,0,1666497,8,ERROR-null-result,
1756918535984,NaN,-1,false,0,1666498,3,ERROR-null-result,
1756918536001,NaN,-1,false,0,1666500,3,ERROR-null-result,
1756918536011,NaN,-1,false,0,1666501,6,ERROR-null-result,
1756918536027,NaN,-1,false,0,1666504,3,ERROR-null-result,
1756918536045,NaN,-1,false,0,1666507,7,ERROR-null-result,
1756918536074,NaN,-1,false,0,1666509,2,ERROR-null-result,
1756918536080,NaN,-1,false,0,1666514,3,ERROR-null-result,
1756918536090,NaN,-1,false,0,1666516,11,ERROR-null-result,
1756918536106,NaN,-1,false,0,1666519,7,ERROR-null-result,
1756918536122,NaN,-1,false,0,1666520,10,ERROR-null-result,
1756918536138,NaN,-1,false,0,1666521,4,ERROR-null-result,
1756918536155,NaN,-1,false,0,1666522,3,ERROR-null-result,
1756918536170,NaN,-1,false,0,1666523,6,ERROR-null-result,
1756918536180,NaN,-1,false,0,1666525,2,ERROR-null-result,
1756918536201,NaN,-1,false,0,1666526,8,ERROR-null-result,
1756918536201,NaN,-1,false,0,1666527,4,ERROR-null-result,
1756918536217,NaN,-1,false,0,1666532,3,ERROR-null-result,
1756918536233,NaN,-1,false,0,1666540,12,ERROR-null-result,
1756918536249,NaN,-1,false,0,1666542,3,ERROR-null-result,
1756918536265,NaN,-1,false,0,1666543,3,ERROR-null-result,
1756918536281,NaN,-1,false,0,1666544,3,ERROR-null-result,
1756918536297,NaN,-1,false,0,1666546,4,ERROR-null-result,
1756918536312,NaN,-1,false,0,1666549,4,ERROR-null-result,
1756918541282,NaN,-1,false,0,1670572,1,ERROR-null-result,
1756918546298,NaN,-1,false,0,1677015,10,ERROR-null-result,
1756918551282,NaN,-1,false,0,1683313,6,ERROR-null-result,
1756918556289,NaN,-1,false,0,1690945,3,ERROR-null-result,
1756918561293,NaN,-1,false,0,1699776,3,ERROR-null-result,
1756918566287,NaN,-1,false,0,1708464,2,ERROR-null-result,
1756918571297,NaN,-1,false,0,1712277,7,ERROR-null-result,
1756918576291,NaN,-1,false,0,1714767,5,ERROR-null-result,
1756918581290,NaN,-1,false,0,1717272,1,ERROR-null-result,
1756918586292,NaN,-1,false,0,1719782,5,ERROR-null-result,
1756918591293,NaN,-1,false,0,1722144,6,ERROR-null-result,
1756918596290,NaN,-1,false,0,1724782,5,ERROR-null-result,
1756918601291,NaN,-1,false,0,1727278,7,ERROR-null-result,
1756918606287,NaN,-1,false,0,1729778,1,ERROR-null-result,
1756918611289,NaN,-1,false,0,1732277,8,ERROR-null-result,
1756918616299,NaN,-1,false,0,1734622,10,ERROR-null-result,
1756918621286,NaN,-1,false,0,1737277,6,ERROR-null-result,
1756918626291,NaN,-1,false,0,1739776,7,ERROR-null-result,
1756918631294,NaN,-1,false,0,1742283,4,ERROR-null-result,
1756918636277,NaN,-1,false,0,1744768,5,ERROR-null-result,
1756918641288,NaN,-1,false,0,1747144,6,ERROR-null-result,
1756918646289,NaN,-1,false,0,1749736,10,ERROR-null-result,
1756918651294,NaN,-1,false,0,1752281,8,ERROR-null-result,
1756918656276,NaN,-1,false,0,1754771,1,ERROR-null-result,
1756918661284,NaN,-1,false,0,1757268,5,ERROR-null-result,
1756918666294,NaN,-1,false,0,1759776,1,ERROR-null-result,
1756918671277,NaN,-1,false,0,1762273,2,ERROR-null-result,
1756918676292,NaN,-1,false,0,1764781,3,ERROR-null-result,
1756918681295,NaN,-1,false,0,1767273,7,ERROR-null-result,
1756918686284,NaN,-1,false,0,1769777,4,ERROR-null-result,
1756918691277,NaN,-1,false,0,1772268,2,ERROR-null-result,
1756918696289,NaN,-1,false,0,1774773,1,ERROR-null-result,
1756918701296,NaN,-1,false,0,1777273,6,ERROR-null-result,
1756918706285,NaN,-1,false,0,1779762,9,ERROR-null-result,
1756918711286,NaN,-1,false,0,1782276,7,ERROR-null-result,
1756918716289,NaN,-1,false,0,1784777,2,ERROR-null-result,
1756918721291,NaN,-1,false,0,1787283,5,ERROR-null-result,
1756918726298,NaN,-1,false,0,1789786,6,ERROR-null-result,
1756918731279,NaN,-1,false,0,1792272,8,ERROR-null-result,
1756918736290,NaN,-1,false,0,1794777,9,ERROR-null-result,
1756918741297,NaN,-1,false,0,1797272,7,ERROR-null-result,
1756918746288,NaN,-1,false,0,1799767,5,ERROR-null-result,
1756918751284,NaN,-1,false,0,1802262,8,ERROR-null-result,
1756918756289,NaN,-1,false,0,1804779,8,ERROR-null-result,
1756918761288,NaN,-1,false,0,1807268,7,ERROR-null-result,
1756918766290,NaN,-1,false,0,1809772,1,ERROR-null-result,
1756918771287,NaN,-1,false,0,1812278,6,ERROR-null-result,
1756918776297,NaN,-1,false,0,1814756,1,ERROR-null-result,
1756918781279,NaN,-1,false,0,1816765,7,ERROR-null-result,
1756918786297,NaN,-1,false,0,1819738,7,ERROR-null-result,
1756918791278,NaN,-1,false,0,1822226,5,ERROR-null-result,
1756918796288,NaN,-1,false,0,1824776,1,ERROR-null-result,
1756918801291,NaN,-1,false,0,1827272,3,ERROR-null-result,
1756918806291,NaN,-1,false,0,1829772,5,ERROR-null-result,
1756918811287,NaN,-1,false,0,1832268,5,ERROR-null-result,
1756918816291,NaN,-1,false,0,1834776,1,ERROR-null-result,
1756918821295,NaN,-1,false,0,1837132,1,ERROR-null-result,
1756918826287,NaN,-1,false,0,1839757,3,ERROR-null-result,
1756918831288,NaN,-1,false,0,1842278,6,ERROR-null-result,
1756918836277,NaN,-1,false,0,1844773,7,ERROR-null-result,
1756918841285,NaN,-1,false,0,1847276,1,ERROR-null-result,
1756918846292,NaN,-1,false,0,1849772,2,ERROR-null-result,
1756918851289,NaN,-1,false,0,1852264,2,ERROR-null-result,
1756918856294,NaN,-1,false,0,1854782,1,ERROR-null-result,
1756918861294,NaN,-1,false,0,1857277,7,ERROR-null-result,
1756918866287,NaN,-1,false,0,1859751,10,ERROR-null-result,
1756918871292,NaN,-1,false,0,1862275,6,ERROR-null-result,
1756918876294,NaN,-1,false,0,1864772,6,ERROR-null-result,
1756918881276,NaN,-1,false,0,1867119,7,ERROR-null-result,
1756918886294,NaN,-1,false,0,1869778,8,ERROR-null-result,
1756918891283,NaN,-1,false,0,1872277,8,ERROR-null-result,
1756918896288,NaN,-1,false,0,1874773,3,ERROR-null-result,
1756918901288,NaN,-1,false,0,1877278,3,ERROR-null-result,
1756918906288,NaN,-1,false,0,1879776,1,ERROR-null-result,
1756918911289,NaN,-1,false,0,1882202,9,ERROR-null-result,
1756918916297,NaN,-1,false,0,1884776,1,ERROR-null-result,
1756918921276,NaN,-1,false,0,1887273,2,ERROR-null-result,
1756918926283,NaN,-1,false,0,1889774,3,ERROR-null-result,
1756918931287,NaN,-1,false,0,1892273,4,ERROR-null-result,
1756918936289,NaN,-1,false,0,1894772,4,ERROR-null-result,
1756918941295,NaN,-1,false,0,1897272,1,ERROR-null-result,
1756918946287,NaN,-1,false,0,1899772,10,ERROR-null-result,
1756918951288,NaN,-1,false,0,1902037,6,ERROR-null-result,
1756918956285,NaN,-1,false,0,1904775,7,ERROR-null-result,
1756918961287,NaN,-1,false,0,1907282,7,ERROR-null-result,
1756918966287,NaN,-1,false,0,1909772,10,ERROR-null-result,
1756918971287,NaN,-1,false,0,1912277,7,ERROR-null-result,
1756918976275,NaN,-1,false,0,1914770,6,ERROR-null-result,
1756918981297,NaN,-1,false,0,1917282,5,ERROR-null-result,
1756918986284,NaN,-1,false,0,1919772,8,ERROR-null-result,
1756918991281,NaN,-1,false,0,1922252,1,ERROR-null-result,
1756918996298,NaN,-1,false,0,1924772,4,ERROR-null-result,
1756919001286,NaN,-1,false,0,1927266,10,ERROR-null-result,
1756919006287,NaN,-1,false,0,1929771,1,ERROR-null-result,
1756919011274,NaN,-1,false,0,1932260,3,ERROR-null-result,
1756919016288,NaN,-1,false,0,1934778,4,ERROR-null-result,
1756919021289,NaN,-1,false,0,1937277,5,ERROR-null-result,
1756919026294,NaN,-1,false,0,1939781,5,ERROR-null-result,
1756919031277,NaN,-1,false,0,1942263,6,ERROR-null-result,
1756919036285,NaN,-1,false,0,1944763,2,ERROR-null-result,
1756919041287,NaN,-1,false,0,1947266,3,ERROR-null-result,
1756919046287,NaN,-1,false,0,1949773,3,ERROR-null-result,
1756919051291,NaN,-1,false,0,1952272,3,ERROR-null-result,
1756919056289,NaN,-1,false,0,1954782,1,ERROR-null-result,
1756919061297,NaN,-1,false,0,1957282,10,ERROR-null-result,
1756919066286,NaN,-1,false,0,1959773,7,ERROR-null-result,
1756919071278,NaN,-1,false,0,1962192,3,ERROR-null-result,
1756919076297,NaN,-1,false,0,1964782,8,ERROR-null-result,
1756919081278,NaN,-1,false,0,1967267,5,ERROR-null-result,
1756919086296,NaN,-1,false,0,1969783,6,ERROR-null-result,
1756919091284,NaN,-1,false,0,1972262,6,ERROR-null-result,
1756919096279,NaN,-1,false,0,1974766,2,ERROR-null-result,
1756919101290,NaN,-1,false,0,1977217,6,ERROR-null-result,
1756919106288,NaN,-1,false,0,1979782,1,ERROR-null-result,
1756919111295,NaN,-1,false,0,1982185,10,ERROR-null-result,
1756919116287,NaN,-1,false,0,1984767,6,ERROR-null-result,
1756919121287,NaN,-1,false,0,1986905,6,ERROR-null-result,
1756919126281,NaN,-1,false,0,1989473,7,ERROR-null-result,
1756919131293,NaN,-1,false,0,1992266,2,ERROR-null-result,
1756919136290,NaN,-1,false,0,1994403,7,ERROR-null-result,
1756919141419,NaN,-1,false,0,1997229,1,ERROR-null-result,
1756919146287,NaN,-1,false,0,1999776,1,ERROR-null-result,
1756919151294,NaN,-1,false,0,2002272,6,ERROR-null-result,
1756919156278,NaN,-1,false,0,2004771,11,ERROR-null-result,
1756919161295,NaN,-1,false,0,2007281,6,ERROR-null-result,
1756919166282,NaN,-1,false,0,2009776,7,ERROR-null-result,
1756919171291,NaN,-1,false,0,2012272,2,ERROR-null-result,
1756919176288,NaN,-1,false,0,2014776,6,ERROR-null-result,
1756919181289,NaN,-1,false,0,2017286,1,ERROR-null-result,
1756919186292,NaN,-1,false,0,2019782,6,ERROR-null-result,
1756919191288,NaN,-1,false,0,2022278,4,ERROR-null-result,
1756919196290,NaN,-1,false,0,2024779,8,ERROR-null-result,
1756919201287,NaN,-1,false,0,2027281,8,ERROR-null-result,
1756919206291,NaN,-1,false,0,2029718,5,ERROR-null-result,
1756919211287,NaN,-1,false,0,2032268,8,ERROR-null-result,
1756919216288,NaN,-1,false,0,2034777,1,ERROR-null-result,
1756919221284,NaN,-1,false,0,2037273,2,ERROR-null-result,
1756919226286,NaN,-1,false,0,2039768,5,ERROR-null-result,
1756919231295,NaN,-1,false,0,2042272,5,ERROR-null-result,
1756919236277,NaN,-1,false,0,2044773,7,ERROR-null-result,
1756919241297,NaN,-1,false,0,2047272,5,ERROR-null-result,
1756919246279,NaN,-1,false,0,2049762,6,ERROR-null-result,
1756919251295,NaN,-1,false,0,2052277,5,ERROR-null-result,
1756919256279,NaN,-1,false,0,2054778,9,ERROR-null-result,
1756919261294,NaN,-1,false,0,2057277,5,ERROR-null-result,
1756919266286,NaN,-1,false,0,2059767,6,ERROR-null-result,
1756919271288,NaN,-1,false,0,2062272,5,ERROR-null-result,
1756919276278,NaN,-1,false,0,2064768,8,ERROR-null-result,
1756919281286,NaN,-1,false,0,2067139,6,ERROR-null-result,
1756919286284,NaN,-1,false,0,2069775,5,ERROR-null-result,
1756919291293,NaN,-1,false,0,2072282,1,ERROR-null-result,
1756919296296,NaN,-1,false,0,2074783,7,ERROR-null-result,
1756919301275,NaN,-1,false,0,2077271,5,ERROR-null-result,
1756919306297,NaN,-1,false,0,2079778,7,ERROR-null-result,
1756919311285,NaN,-1,false,0,2082276,7,ERROR-null-result,
1756919316285,NaN,-1,false,0,2084772,5,ERROR-null-result,
1756919321279,NaN,-1,false,0,2087265,1,ERROR-null-result,
1756919326289,NaN,-1,false,0,2089782,1,ERROR-null-result,
1756919331293,NaN,-1,false,0,2092277,8,ERROR-null-result,
1756919336295,NaN,-1,false,0,2094777,8,ERROR-null-result,
1756919341286,NaN,-1,false,0,2097277,6,ERROR-null-result,
1756919346282,NaN,-1,false,0,2099481,5,ERROR-null-result,
1756919351288,NaN,-1,false,0,2101430,4,ERROR-null-result,
1756919356296,NaN,-1,false,0,2104371,1,ERROR-null-result,
1756919361280,NaN,-1,false,0,2106857,2,ERROR-null-result,
1756919366287,NaN,-1,false,0,2109363,5,ERROR-null-result,
1756919371287,NaN,-1,false,0,2111866,5,ERROR-null-result,
1756919376304,NaN,-1,false,0,2114362,7,ERROR-null-result,
1756919381283,NaN,-1,false,0,2116778,2,ERROR-null-result,
1756919386294,NaN,-1,false,0,2119160,9,ERROR-null-result,
1756919391277,NaN,-1,false,0,2121871,4,ERROR-null-result,
1756919396292,NaN,-1,false,0,2124362,2,ERROR-null-result,
1756919401398,NaN,-1,false,0,2126812,1,ERROR-null-result,
1756919406294,NaN,-1,false,0,2129367,6,ERROR-null-result,
1756919411278,NaN,-1,false,0,2131863,7,ERROR-null-result,
1756919416302,NaN,-1,false,0,2134272,3,ERROR-null-result,
1756919421288,NaN,-1,false,0,2136709,1,ERROR-null-result,
1756919426287,NaN,-1,false,0,2139363,2,ERROR-null-result,
1756919431284,NaN,-1,false,0,2141866,4,ERROR-null-result,
1756919436298,NaN,-1,false,0,2144372,7,ERROR-null-result,
1756919441296,NaN,-1,false,0,2146862,6,ERROR-null-result,
1756919446283,NaN,-1,false,0,2148712,5,ERROR-null-result,
1756919451293,NaN,-1,false,0,2151866,8,ERROR-null-result,
1756919456286,NaN,-1,false,0,2154337,7,ERROR-null-result,
1756919461297,NaN,-1,false,0,2156862,4,ERROR-null-result,
1756919466286,NaN,-1,false,0,2159361,6,ERROR-null-result,
1756919471289,NaN,-1,false,0,2161739,6,ERROR-null-result,
1756919476289,NaN,-1,false,0,2164328,8,ERROR-null-result,
1756919481295,NaN,-1,false,0,2165927,8,ERROR-null-result,
1756919486277,NaN,-1,false,0,2169050,3,ERROR-null-result,
1756919491294,NaN,-1,false,0,2171649,9,ERROR-null-result,
1756919496286,NaN,-1,false,0,2174130,1,ERROR-null-result,
1756919501281,NaN,-1,false,0,2176632,8,ERROR-null-result,
1756919506287,NaN,-1,false,0,2179139,2,ERROR-null-result,
1756919511287,NaN,-1,false,0,2181640,3,ERROR-null-result,
1756919516290,NaN,-1,false,0,2184139,8,ERROR-null-result,
1756919521283,NaN,-1,false,0,2186640,3,ERROR-null-result,
1756919526293,NaN,-1,false,0,2189060,11,ERROR-null-result,
1756919531298,NaN,-1,false,0,2191649,1,ERROR-null-result,
1756919536285,NaN,-1,false,0,2193674,7,ERROR-null-result,
1756919541288,NaN,-1,false,0,2196629,1,ERROR-null-result,
1756919546288,NaN,-1,false,0,2199149,8,ERROR-null-result,
1756919551276,NaN,-1,false,0,2201639,2,ERROR-null-result,
1756919556294,NaN,-1,false,0,2204148,8,ERROR-null-result,
1756919561275,NaN,-1,false,0,2206635,2,ERROR-null-result,
1756919566285,NaN,-1,false,0,2209046,3,ERROR-null-result,
1756919571287,NaN,-1,false,0,2211644,1,ERROR-null-result,
1756919576289,NaN,-1,false,0,2214144,1,ERROR-null-result,
1756919581294,NaN,-1,false,0,2216644,9,ERROR-null-result,
1756919586283,NaN,-1,false,0,2219133,1,ERROR-null-result,
1756919591295,NaN,-1,false,0,2221640,6,ERROR-null-result,
1756919596281,NaN,-1,false,0,2224142,5,ERROR-null-result,
1756919601288,NaN,-1,false,0,2226635,6,ERROR-null-result,
1756919606287,NaN,-1,false,0,2229069,10,ERROR-null-result,
1756919611293,NaN,-1,false,0,2231649,8,ERROR-null-result,
1756919616288,NaN,-1,false,0,2234141,1,ERROR-null-result,
1756919621287,NaN,-1,false,0,2236643,5,ERROR-null-result,
1756919626292,NaN,-1,false,0,2239147,6,ERROR-null-result,
1756919631294,NaN,-1,false,0,2241649,7,ERROR-null-result,
1756919636290,NaN,-1,false,0,2244144,5,ERROR-null-result,
1756919641288,NaN,-1,false,0,2246638,8,ERROR-null-result,
1756919646294,NaN,-1,false,0,2249130,7,ERROR-null-result,
1756919651286,NaN,-1,false,0,2251644,9,ERROR-null-result,
1756919656283,NaN,-1,false,0,2254144,5,ERROR-null-result,
1756919661298,NaN,-1,false,0,2256649,6,ERROR-null-result,
1756919666293,NaN,-1,false,0,2259134,2,ERROR-null-result,
1756919671285,NaN,-1,false,0,2261643,5,ERROR-null-result,
1756919676285,NaN,-1,false,0,2264143,3,ERROR-null-result,
1756919681293,NaN,-1,false,0,2266642,7,ERROR-null-result,
1756919686290,NaN,-1,false,0,2269149,5,ERROR-null-result,
1756919691294,NaN,-1,false,0,2271647,9,ERROR-null-result,
1756919696275,NaN,-1,false,0,2274148,2,ERROR-null-result,
1756919701297,NaN,-1,false,0,2276647,6,ERROR-null-result,
1756919706275,NaN,-1,false,0,2279116,4,ERROR-null-result,
1756919711296,NaN,-1,false,0,2281649,8,ERROR-null-result,
1756919716285,NaN,-1,false,0,2284143,5,ERROR-null-result,
1756919721295,NaN,-1,false,0,2286634,7,ERROR-null-result,
1756919726279,NaN,-1,false,0,2289139,1,ERROR-null-result,
1756919731293,NaN,-1,false,0,2291644,8,ERROR-null-result,
1756919736285,NaN,-1,false,0,2294141,4,ERROR-null-result,
1756919741287,NaN,-1,false,0,2296641,5,ERROR-null-result,
1756919746292,NaN,-1,false,0,2299144,7,ERROR-null-result,
1756919751302,NaN,-1,false,0,2300766,10,ERROR-null-result,
1756919756296,NaN,-1,false,0,2303794,10,ERROR-null-result,
1756919761276,NaN,-1,false,0,2306637,5,ERROR-null-result,
1756919766283,NaN,-1,false,0,2309145,2,ERROR-null-result,
1756919771296,NaN,-1,false,0,2311641,1,ERROR-null-result,
1756919776280,NaN,-1,false,0,2314142,6,ERROR-null-result,
1756919781291,NaN,-1,false,0,2316639,2,ERROR-null-result,
1756919786287,NaN,-1,false,0,2319135,4,ERROR-null-result,
1756919791293,NaN,-1,false,0,2321649,8,ERROR-null-result,
1756919796296,NaN,-1,false,0,2324148,8,ERROR-null-result,
1756919801275,NaN,-1,false,0,2326639,3,ERROR-null-result,
1756919806293,NaN,-1,false,0,2329149,7,ERROR-null-result,
1756919811297,NaN,-1,false,0,2331645,6,ERROR-null-result,
1756919816277,NaN,-1,false,0,2334131,1,ERROR-null-result,
1756919821288,NaN,-1,false,0,2336644,8,ERROR-null-result,
1756919826302,NaN,-1,false,0,2339079,1,ERROR-null-result,
1756919831288,NaN,-1,false,0,2341620,4,ERROR-null-result,
1756919836290,NaN,-1,false,0,2344145,8,ERROR-null-result,
1756919841296,NaN,-1,false,0,2346648,7,ERROR-null-result,
1756919846279,NaN,-1,false,0,2349139,6,ERROR-null-result,
1756919851296,NaN,-1,false,0,2351649,6,ERROR-null-result,
1756919856274,NaN,-1,false,0,2354125,2,ERROR-null-result,
1756919861292,NaN,-1,false,0,2356635,6,ERROR-null-result,
1756919866284,NaN,-1,false,0,2358859,1,ERROR-null-result,
1756919871289,NaN,-1,false,0,2361644,1,ERROR-null-result,
1756919876296,NaN,-1,false,0,2364136,8,ERROR-null-result,
1756919881277,NaN,-1,false,0,2366508,4,ERROR-null-result,
1756919886288,NaN,-1,false,0,2368950,8,ERROR-null-result,
1756919891288,NaN,-1,false,0,2369876,8,ERROR-null-result,
1756919896299,NaN,-1,false,0,2373279,7,ERROR-null-result,
1756919901289,NaN,-1,false,0,2375769,1,ERROR-null-result,
1756919906292,NaN,-1,false,0,2378277,10,ERROR-null-result,
1756919911298,NaN,-1,false,0,2380783,2,ERROR-null-result,
1756919916300,NaN,-1,false,0,2383275,2,ERROR-null-result,
1756919921295,NaN,-1,false,0,2385770,6,ERROR-null-result,
1756919926282,NaN,-1,false,0,2388245,3,ERROR-null-result,
1756919931285,NaN,-1,false,0,2390774,1,ERROR-null-result,
1756919936279,NaN,-1,false,0,2393140,1,ERROR-null-result,
1756919941294,NaN,-1,false,0,2395779,7,ERROR-null-result,
1756919946288,NaN,-1,false,0,2398264,5,ERROR-null-result,
1756919951282,NaN,-1,false,0,2400728,4,ERROR-null-result,
1756919956289,NaN,-1,false,0,2403273,8,ERROR-null-result,
1756919961288,NaN,-1,false,0,2405775,8,ERROR-null-result,
1756919966295,NaN,-1,false,0,2408278,8,ERROR-null-result,
1756919971288,NaN,-1,false,0,2410399,5,ERROR-null-result,
1756919976277,NaN,-1,false,0,2413268,8,ERROR-null-result,
1756919981288,NaN,-1,false,0,2415773,3,ERROR-null-result,
1756919986290,NaN,-1,false,0,2418264,1,ERROR-null-result,
1756919991293,NaN,-1,false,0,2420779,7,ERROR-null-result,
1756919996297,NaN,-1,false,0,2423279,7,ERROR-null-result,
1756920001274,NaN,-1,false,0,2425763,3,ERROR-null-result,
1756920006284,NaN,-1,false,0,2428244,2,ERROR-null-result,
1756920011292,NaN,-1,false,0,2430749,6,ERROR-null-result,
1756920016289,NaN,-1,false,0,2433268,1,ERROR-null-result,
1756920021284,NaN,-1,false,0,2435771,1,ERROR-null-result,
1756920026298,NaN,-1,false,0,2437684,5,ERROR-null-result,
1756920031277,NaN,-1,false,0,2438628,16,ERROR-null-result,
1756920036288,NaN,-1,false,0,2441928,7,ERROR-null-result,
1756920041294,NaN,-1,false,0,2444419,4,ERROR-null-result,
1756920046289,NaN,-1,false,0,2446914,4,ERROR-null-result,
1756920051297,NaN,-1,false,0,2448909,8,ERROR-null-result,
1756920056289,NaN,-1,false,0,2449645,10,ERROR-null-result,
1756920061288,NaN,-1,false,0,2452611,1,ERROR-null-result,
1756920066290,NaN,-1,false,0,2455123,1,ERROR-null-result,
1756920071303,NaN,-1,false,0,2457618,5,ERROR-null-result,
1756920076289,NaN,-1,false,0,2460123,1,ERROR-null-result,
1756920081289,NaN,-1,false,0,2462618,4,ERROR-null-result,
1756920086293,NaN,-1,false,0,2465123,9,ERROR-null-result,
1756920091284,NaN,-1,false,0,2467613,1,ERROR-null-result,
1756920096280,NaN,-1,false,0,2470121,7,ERROR-null-result,
1756920101289,NaN,-1,false,0,2472608,8,ERROR-null-result,
1756920106284,NaN,-1,false,0,2475119,2,ERROR-null-result,
1756920111285,NaN,-1,false,0,2477614,3,ERROR-null-result,
1756920116288,NaN,-1,false,0,2480062,6,ERROR-null-result,
1756920121288,NaN,-1,false,0,2482619,1,ERROR-null-result,
1756920126292,NaN,-1,false,0,2484479,1,ERROR-null-result,
1756920131293,NaN,-1,false,0,2487073,1,ERROR-null-result,
1756920136288,NaN,-1,false,0,2490124,7,ERROR-null-result,
1756920141307,NaN,-1,false,0,2492624,9,ERROR-null-result,
1756920146277,NaN,-1,false,0,2495117,1,ERROR-null-result,
1756920151287,NaN,-1,false,0,2497618,8,ERROR-null-result,
1756920156286,NaN,-1,false,0,2500055,11,ERROR-null-result,
1756920161289,NaN,-1,false,0,2502123,1,ERROR-null-result,
1756920166297,NaN,-1,false,0,2504814,7,ERROR-null-result,
1756920171286,NaN,-1,false,0,2507623,5,ERROR-null-result,
1756920176287,NaN,-1,false,0,2510126,9,ERROR-null-result,
1756920181280,NaN,-1,false,0,2512613,5,ERROR-null-result,
1756920186291,NaN,-1,false,0,2515123,5,ERROR-null-result,
1756920191286,NaN,-1,false,0,2517624,7,ERROR-null-result,
1756920196291,NaN,-1,false,0,2520002,11,ERROR-null-result,
1756920201294,NaN,-1,false,0,2522605,2,ERROR-null-result,
1756920206275,NaN,-1,false,0,2525117,5,ERROR-null-result,
1756920211299,NaN,-1,false,0,2527628,5,ERROR-null-result,
1756920216378,NaN,-1,false,0,2530060,1,ERROR-null-result,
1756920221280,NaN,-1,false,0,2532617,7,ERROR-null-result,
1756920226294,NaN,-1,false,0,2535113,8,ERROR-null-result,
1756920231279,NaN,-1,false,0,2537395,7,ERROR-null-result,
1756920236294,NaN,-1,false,0,2540108,7,ERROR-null-result,
1756920241287,NaN,-1,false,0,2542628,8,ERROR-null-result,
1756920246287,NaN,-1,false,0,2545123,1,ERROR-null-result,
1756920251286,NaN,-1,false,0,2547623,5,ERROR-null-result,
1756920256285,NaN,-1,false,0,2550098,6,ERROR-null-result,
1756920261281,NaN,-1,false,0,2552614,3,ERROR-null-result,
1756920266288,NaN,-1,false,0,2555114,4,ERROR-null-result,
1756920271292,NaN,-1,false,0,2557598,2,ERROR-null-result,
1756920276304,NaN,-1,false,0,2560127,7,ERROR-null-result,
1756920281282,NaN,-1,false,0,2562189,1,ERROR-null-result,
1756920286291,NaN,-1,false,0,2565109,6,ERROR-null-result,
1756920291290,NaN,-1,false,0,2567628,9,ERROR-null-result,
1756920296289,NaN,-1,false,0,2570105,2,ERROR-null-result,
1756920301296,NaN,-1,false,0,2572627,6,ERROR-null-result,
1756920306279,NaN,-1,false,0,2575113,8,ERROR-null-result,
1756920311303,NaN,-1,false,0,2577623,4,ERROR-null-result,
1756920316286,NaN,-1,false,0,2580109,6,ERROR-null-result,
1756920321299,NaN,-1,false,0,2582625,9,ERROR-null-result,
1756920326296,NaN,-1,false,0,2585073,2,ERROR-null-result,
1756920331283,NaN,-1,false,0,2587623,7,ERROR-null-result,
1756920336294,NaN,-1,false,0,2590123,5,ERROR-null-result,
1756920341287,NaN,-1,false,0,2592613,6,ERROR-null-result,
1756920346276,NaN,-1,false,0,2594463,1,ERROR-null-result,
1756920351297,NaN,-1,false,0,2597624,9,ERROR-null-result,
1756920356287,NaN,-1,false,0,2600118,2,ERROR-null-result,
1756920361277,NaN,-1,false,0,2602583,7,ERROR-null-result,
1756920366284,NaN,-1,false,0,2605120,19,ERROR-null-result,
1756920371288,NaN,-1,false,0,2607614,3,ERROR-null-result,
1756920376284,NaN,-1,false,0,2610122,1,ERROR-null-result,
1756920381298,NaN,-1,false,0,2612632,8,ERROR-null-result,
1756920386277,NaN,-1,false,0,2614867,6,ERROR-null-result,
1756920391295,NaN,-1,false,0,2617617,1,ERROR-null-result,
1756920396283,NaN,-1,false,0,2620123,8,ERROR-null-result,
1756920401305,NaN,-1,false,0,2622188,10,ERROR-null-result,
1756920406277,NaN,-1,false,0,2624476,11,ERROR-null-result,
1756920411289,NaN,-1,false,0,2627631,33,ERROR-null-result,
1756920416295,NaN,-1,false,0,2630007,3,ERROR-null-result,
1756920421279,NaN,-1,false,0,2632200,7,ERROR-null-result,
1756920426298,NaN,-1,false,0,2635128,2,ERROR-null-result,
1756920431285,NaN,-1,false,0,2637622,8,ERROR-null-result,
1756920436280,NaN,-1,false,0,2640119,7,ERROR-null-result,
1756920441299,NaN,-1,false,0,2642628,5,ERROR-null-result,
1756920446286,NaN,-1,false,0,2645124,4,ERROR-null-result,
1756920451296,NaN,-1,false,0,2647628,1,ERROR-null-result,
1756920456280,NaN,-1,false,0,2650108,4,ERROR-null-result,
1756920461295,NaN,-1,false,0,2652623,7,ERROR-null-result,
1756920466286,NaN,-1,false,0,2655118,1,ERROR-null-result,
1756920471278,NaN,-1,false,0,2657260,7,ERROR-null-result,
1756920476297,NaN,-1,false,0,2660114,9,ERROR-null-result,
1756920481280,NaN,-1,false,0,2662620,8,ERROR-null-result,
1756920486296,NaN,-1,false,0,2665128,9,ERROR-null-result,
1756920491279,NaN,-1,false,0,2667601,10,ERROR-null-result,
1756920496296,NaN,-1,false,0,2670127,1,ERROR-null-result,
1756920501296,NaN,-1,false,0,2672594,28,ERROR-null-result,
1756920506285,NaN,-1,false,0,2675105,3,ERROR-null-result,
1756920511280,NaN,-1,false,0,2677614,2,ERROR-null-result,
1756920516304,NaN,-1,false,0,2680128,9,ERROR-null-result,
1756920521286,NaN,-1,false,0,2682623,9,ERROR-null-result,
1756920526276,NaN,-1,false,0,2685114,5,ERROR-null-result,
1756920531298,NaN,-1,false,0,2687632,1,ERROR-null-result,
1756920536296,NaN,-1,false,0,2690128,5,ERROR-null-result,
1756920541287,NaN,-1,false,0,2692613,5,ERROR-null-result,
1756920546280,NaN,-1,false,0,2694057,5,ERROR-null-result,
1756920551286,NaN,-1,false,0,2697397,5,ERROR-null-result,
1756920556298,NaN,-1,false,0,2699893,6,ERROR-null-result,
1756920561288,NaN,-1,false,0,2702384,4,ERROR-null-result,
1756920566291,NaN,-1,false,0,2704888,6,ERROR-null-result,
1756920571293,NaN,-1,false,0,2707399,10,ERROR-null-result,
1756920576295,NaN,-1,false,0,2709902,8,ERROR-null-result,
1756920581279,NaN,-1,false,0,2712394,1,ERROR-null-result,
1756920586287,NaN,-1,false,0,2714858,10,ERROR-null-result,
1756920591290,NaN,-1,false,0,2717029,13,ERROR-null-result,
1756920596288,NaN,-1,false,0,2718631,5,ERROR-null-result,
1756920601296,NaN,-1,false,0,2721889,8,ERROR-null-result,
1756920606280,NaN,-1,false,0,2724379,1,ERROR-null-result,
1756920611308,NaN,-1,false,0,2726889,6,ERROR-null-result,
1756920616285,NaN,-1,false,0,2729383,8,ERROR-null-result,
1756920621278,NaN,-1,false,0,2731676,1,ERROR-null-result,
1756920626291,NaN,-1,false,0,2734379,1,ERROR-null-result,
1756920631295,NaN,-1,false,0,2736813,5,ERROR-null-result,
1756920636289,NaN,-1,false,0,2739384,2,ERROR-null-result,
1756920641291,NaN,-1,false,0,2741884,9,ERROR-null-result,
1756920646288,NaN,-1,false,0,2743984,9,ERROR-null-result,
1756920651288,NaN,-1,false,0,2746875,4,ERROR-null-result,
1756920656287,NaN,-1,false,0,2749370,3,ERROR-null-result,
1756920661289,NaN,-1,false,0,2751889,7,ERROR-null-result,
1756920666297,NaN,-1,false,0,2754384,8,ERROR-null-result,
1756920671279,NaN,-1,false,0,2756871,8,ERROR-null-result,
1756920676287,NaN,-1,false,0,2759370,3,ERROR-null-result,
1756920681286,NaN,-1,false,0,2761883,1,ERROR-null-result,
1756920686342,NaN,-1,false,0,2764325,1,ERROR-null-result,
1756920691289,NaN,-1,false,0,2764925,2,ERROR-null-result,
1756922075076,NaN,-1,false,0,2765224,475,ERROR-null-result,
1756922075580,NaN,-1,false,0,2765226,5,ERROR-null-result,
1756922075620,NaN,-1,false,0,2765228,23,ERROR-null-result,
1756922075678,NaN,-1,false,0,2765229,14,ERROR-null-result,
1756922075726,NaN,-1,false,0,2765230,17,ERROR-null-result,
1756922075771,NaN,-1,false,0,2765232,14,ERROR-null-result,
1756922075801,NaN,-1,false,0,2765233,21,ERROR-null-result,
1756922075845,NaN,-1,false,0,2765235,5,ERROR-null-result,
1756922075870,NaN,-1,false,0,2765236,5,ERROR-null-result,
1756922075893,NaN,-1,false,0,2765238,19,ERROR-null-result,
1756922075930,NaN,-1,false,0,2765239,6,ERROR-null-result,
1756922075948,NaN,-1,false,0,2765241,18,ERROR-null-result,
1756922075987,NaN,-1,false,0,2765242,8,ERROR-null-result,
1756922076005,NaN,-1,false,0,2765244,6,ERROR-null-result,
1756922076034,NaN,-1,false,0,2765245,6,ERROR-null-result,
1756922076064,NaN,-1,false,0,2765247,5,ERROR-null-result,
1756922076086,NaN,-1,false,0,2765248,17,ERROR-null-result,
1756922076121,NaN,-1,false,0,2765249,10,ERROR-null-result,
1756922076143,NaN,-1,false,0,2765251,9,ERROR-null-result,
1756922076159,NaN,-1,false,0,2765252,5,ERROR-null-result,
1756922076183,NaN,-1,false,0,2765254,11,ERROR-null-result,
1756922076208,NaN,-1,false,0,2765255,7,ERROR-null-result,
1756922076233,NaN,-1,false,0,2765257,11,ERROR-null-result,
1756922076260,NaN,-1,false,0,2765258,13,ERROR-null-result,
1756922076291,NaN,-1,false,0,2765260,16,ERROR-null-result,
1756922076316,NaN,-1,false,0,2765262,7,ERROR-null-result,
1756922076340,NaN,-1,false,0,2765263,5,ERROR-null-result,
1756922076357,NaN,-1,false,0,2765265,10,ERROR-null-result,
1756922076379,NaN,-1,false,0,2765266,3,ERROR-null-result,
1756922076387,NaN,-1,false,0,2765268,3,ERROR-null-result,
1756922076403,NaN,-1,false,0,2765269,9,ERROR-null-result,
1756922076420,NaN,-1,false,0,2765271,3,ERROR-null-result,
1756922076428,NaN,-1,false,0,2765272,9,ERROR-null-result,
1756922076440,NaN,-1,false,0,2765273,7,ERROR-null-result,
1756922076458,NaN,-1,false,0,2765275,8,ERROR-null-result,
1756922076484,NaN,-1,false,0,2765277,4,ERROR-null-result,
1756922076515,NaN,-1,false,0,2765279,3,ERROR-null-result,
1756922076539,NaN,-1,false,0,2765280,5,ERROR-null-result,
1756922076559,NaN,-1,false,0,2765282,3,ERROR-null-result,
1756922076569,NaN,-1,false,0,2765283,10,ERROR-null-result,
1756922076587,NaN,-1,false,0,2765285,9,ERROR-null-result,
1756922076597,NaN,-1,false,0,2765286,3,ERROR-null-result,
1756922076617,NaN,-1,false,0,2765288,3,ERROR-null-result,
1756922076634,NaN,-1,false,0,2765290,5,ERROR-null-result,
1756922076653,NaN,-1,false,0,2765292,5,ERROR-null-result,
1756922076668,NaN,-1,false,0,2765294,9,ERROR-null-result,
1756922076685,NaN,-1,false,0,2765295,5,ERROR-null-result,
1756922076704,NaN,-1,false,0,2765297,3,ERROR-null-result,
1756922076723,NaN,-1,false,0,2765299,8,ERROR-null-result,
1756922076740,NaN,-1,false,0,2765301,3,ERROR-null-result,
1756922076763,NaN,-1,false,0,2765302,5,ERROR-null-result,
1756922076781,NaN,-1,false,0,2765304,3,ERROR-null-result,
1756922076797,NaN,-1,false,0,2765305,5,ERROR-null-result,
1756922076811,NaN,-1,false,0,2765307,9,ERROR-null-result,
1756922076821,NaN,-1,false,0,2765309,13,ERROR-null-result,
1756922076842,NaN,-1,false,0,2765310,11,ERROR-null-result,
1756922076879,NaN,-1,false,0,2765312,3,ERROR-null-result,
1756922076889,NaN,-1,false,0,2765313,10,ERROR-null-result,
1756922076906,NaN,-1,false,0,2765314,4,ERROR-null-result,
1756922076924,NaN,-1,false,0,2765316,5,ERROR-null-result,
1756922076932,NaN,-1,false,0,2765318,5,ERROR-null-result,
1756922076961,NaN,-1,false,0,2765320,4,ERROR-null-result,
1756922076971,NaN,-1,false,0,2765321,13,ERROR-null-result,
1756922076993,NaN,-1,false,0,2765323,8,ERROR-null-result,
1756922077003,NaN,-1,false,0,2765324,90,ERROR-null-result,
1756922077109,NaN,-1,false,0,2765326,2,ERROR-null-result,
1756922077124,NaN,-1,false,0,2765327,3,ERROR-null-result,
1756922077134,NaN,-1,false,0,2765329,10,ERROR-null-result,
1756922077144,NaN,-1,false,0,2765331,7,ERROR-null-result,
1756922077165,NaN,-1,false,0,2765332,4,ERROR-null-result,
1756922077181,NaN,-1,false,0,2765334,3,ERROR-null-result,
1756922077185,NaN,-1,false,0,2765335,3,ERROR-null-result,
1756922077205,NaN,-1,false,0,2765337,4,ERROR-null-result,
1756922077216,NaN,-1,false,0,2765339,13,ERROR-null-result,
1756922077226,NaN,-1,false,0,2765340,3,ERROR-null-result,
1756922077247,NaN,-1,false,0,2765342,6,ERROR-null-result,
1756922077257,NaN,-1,false,0,2765344,3,ERROR-null-result,
1756922077267,NaN,-1,false,0,2765345,3,ERROR-null-result,
1756922077278,NaN,-1,false,0,2765347,2,ERROR-null-result,
1756922077288,NaN,-1,false,0,2765348,3,ERROR-null-result,
1756922077308,NaN,-1,false,0,2765350,3,ERROR-null-result,
1756922077319,NaN,-1,false,0,2765351,10,ERROR-null-result,
1756922077329,NaN,-1,false,0,2765353,4,ERROR-null-result,
1756922077350,NaN,-1,false,0,2765355,2,ERROR-null-result,
1756922077350,NaN,-1,false,0,2765356,7,ERROR-null-result,
1756922077370,NaN,-1,false,0,2765358,1,ERROR-null-result,
1756922077376,NaN,-1,false,0,2765359,1,ERROR-null-result,
1756922077388,NaN,-1,false,0,2765363,2,ERROR-null-result,
1756922077397,NaN,-1,false,0,2765366,2,ERROR-null-result,
1756922077409,NaN,-1,false,0,2765368,1,ERROR-null-result,
1756922077411,NaN,-1,false,0,2765370,1,ERROR-null-result,
1756922077425,NaN,-1,false,0,2765371,2,ERROR-null-result,
1756922077434,NaN,-1,false,0,2765373,2,ERROR-null-result,
1756922077440,NaN,-1,false,0,2765375,7,ERROR-null-result,
1756922077450,NaN,-1,false,0,2765377,1,ERROR-null-result,
1756922077456,NaN,-1,false,0,2765380,2,ERROR-null-result,
1756922077462,NaN,-1,false,0,2765382,1,ERROR-null-result,
1756922077470,NaN,-1,false,0,2765383,2,ERROR-null-result,
1756922077478,NaN,-1,false,0,2765384,1,ERROR-null-result,
1756922077486,NaN,-1,false,0,2765387,1,ERROR-null-result,
1756922077490,NaN,-1,false,0,2765388,1,ERROR-null-result,
1756922077496,NaN,-1,false,0,2765390,1,ERROR-null-result,
1756922077500,NaN,-1,false,0,2765392,7,ERROR-null-result,
1756922077510,NaN,-1,false,0,2765394,1,ERROR-null-result,
1756922077510,NaN,-1,false,0,2765396,2,ERROR-null-result,
1756922077520,NaN,-1,false,0,2765398,5,ERROR-null-result,
1756922077528,NaN,-1,false,0,2765399,1,ERROR-null-result,
1756922077530,NaN,-1,false,0,2765402,1,ERROR-null-result,
1756922077538,NaN,-1,false,0,2765404,2,ERROR-null-result,
1756922077545,NaN,-1,false,0,2765405,1,ERROR-null-result,
1756922077549,NaN,-1,false,0,2765407,1,ERROR-null-result,
1756922077550,NaN,-1,false,0,2765410,1,ERROR-null-result,
1756922077550,NaN,-1,false,0,2765411,1,ERROR-null-result,
1756922077550,NaN,-1,false,0,2765413,3,ERROR-null-result,
1756922077550,NaN,-1,false,0,2765414,7,ERROR-null-result,
1756922077567,NaN,-1,false,0,2765418,1,ERROR-null-result,
1756922077573,NaN,-1,false,0,2765419,1,ERROR-null-result,
1756922077581,NaN,-1,false,0,2765423,5,ERROR-null-result,
1756922077589,NaN,-1,false,0,2765425,1,ERROR-null-result,
1756922077591,NaN,-1,false,0,2765427,1,ERROR-null-result,
1756922077591,NaN,-1,false,0,2765428,1,ERROR-null-result,
1756922077596,NaN,-1,false,0,2765430,1,ERROR-null-result,
1756922077596,NaN,-1,false,0,2765431,1,ERROR-null-result,
1756922077598,NaN,-1,false,0,2765433,1,ERROR-null-result,
1756922077600,NaN,-1,false,0,2765435,7,ERROR-null-result,
1756922077608,NaN,-1,false,0,2765437,1,ERROR-null-result,
1756922077612,NaN,-1,false,0,2765439,1,ERROR-null-result,
1756922077612,NaN,-1,false,0,2765440,1,ERROR-null-result,
1756922077628,NaN,-1,false,0,2765442,1,ERROR-null-result,
1756922077628,NaN,-1,false,0,2765443,1,ERROR-null-result,
1756922077631,NaN,-1,false,0,2765444,1,ERROR-null-result,
1756922077639,NaN,-1,false,0,2765446,1,ERROR-null-result,
1756922077642,NaN,-1,false,0,2765448,1,ERROR-null-result,
1756922077654,NaN,-1,false,0,2765450,2,ERROR-null-result,
1756922077658,NaN,-1,false,0,2765452,1,ERROR-null-result,
1756922077665,NaN,-1,false,0,2765453,1,ERROR-null-result,
1756922077671,NaN,-1,false,0,2765454,1,ERROR-null-result,
1756922077673,NaN,-1,false,0,2765455,1,ERROR-null-result,
1756922077673,NaN,-1,false,0,2765457,1,ERROR-null-result,
1756922077675,NaN,-1,false,0,2765462,1,ERROR-null-result,
1756922077680,NaN,-1,false,0,2765463,1,ERROR-null-result,
1756922077686,NaN,-1,false,0,2765464,1,ERROR-null-result,
1756922077688,NaN,-1,false,0,2765469,1,ERROR-null-result,
1756922077692,NaN,-1,false,0,2765471,1,ERROR-null-result,
1756922077693,NaN,-1,false,0,2765473,1,ERROR-null-result,
1756922077697,NaN,-1,false,0,2765477,1,ERROR-null-result,
1756922077697,NaN,-1,false,0,2765479,1,ERROR-null-result,
1756922077703,NaN,-1,false,0,2765483,2,ERROR-null-result,
1756922077703,NaN,-1,false,0,2765487,1,ERROR-null-result,
1756922077713,NaN,-1,false,0,2765489,1,ERROR-null-result,
1756922077715,NaN,-1,false,0,2765492,1,ERROR-null-result,
1756922077715,NaN,-1,false,0,2765493,1,ERROR-null-result,
1756922077715,NaN,-1,false,0,2765495,1,ERROR-null-result,
1756922077724,NaN,-1,false,0,2765496,4,ERROR-null-result,
1756922077725,NaN,-1,false,0,2765497,1,ERROR-null-result,
1756922077725,NaN,-1,false,0,2765500,1,ERROR-null-result,
1756922077735,NaN,-1,false,0,2765503,1,ERROR-null-result,
1756922077735,NaN,-1,false,0,2765505,1,ERROR-null-result,
1756922077735,NaN,-1,false,0,2765507,1,ERROR-null-result,
1756922077735,NaN,-1,false,0,2765509,7,ERROR-null-result,
1756922077745,NaN,-1,false,0,2765511,1,ERROR-null-result,
1756922077745,NaN,-1,false,0,2765513,1,ERROR-null-result,
1756922077756,NaN,-1,false,0,2765515,1,ERROR-null-result,
1756922077756,NaN,-1,false,0,2765517,1,ERROR-null-result,
1756922077756,NaN,-1,false,0,2765519,1,ERROR-null-result,
1756922077756,NaN,-1,false,0,2765521,5,ERROR-null-result,
1756922077767,NaN,-1,false,0,2765523,1,ERROR-null-result,
1756922077767,NaN,-1,false,0,2765524,1,ERROR-null-result,
1756922077767,NaN,-1,false,0,2765526,1,ERROR-null-result,
1756922077767,NaN,-1,false,0,2765528,1,ERROR-null-result,
1756922077779,NaN,-1,false,0,2765529,1,ERROR-null-result,
1756922077782,NaN,-1,false,0,2765531,1,ERROR-null-result,
1756922077783,NaN,-1,false,0,2765533,1,ERROR-null-result,
1756922077785,NaN,-1,false,0,2765537,1,ERROR-null-result,
1756922077788,NaN,-1,false,0,2765539,1,ERROR-null-result,
1756922077788,NaN,-1,false,0,2765541,1,ERROR-null-result,
1756922077798,NaN,-1,false,0,2765543,1,ERROR-null-result,
1756922077798,NaN,-1,false,0,2765544,1,ERROR-null-result,
1756922077798,NaN,-1,false,0,2765568,1,ERROR-null-result,
1756922077808,NaN,-1,false,0,2765570,1,ERROR-null-result,
1756922077817,NaN,-1,false,0,2765571,1,ERROR-null-result,
1756922077820,NaN,-1,false,0,2765572,1,ERROR-null-result,
1756922077820,NaN,-1,false,0,2765575,2,ERROR-null-result,
1756922077829,NaN,-1,false,0,2765584,3,ERROR-null-result,
1756922077839,NaN,-1,false,0,2765586,1,ERROR-null-result,
1756922077839,NaN,-1,false,0,2765587,1,ERROR-null-result,
1756922077839,NaN,-1,false,0,2765589,1,ERROR-null-result,
1756922077839,NaN,-1,false,0,2765590,1,ERROR-null-result,
1756922077849,NaN,-1,false,0,2765591,1,ERROR-null-result,
1756922077849,NaN,-1,false,0,2765594,1,ERROR-null-result,
1756922077859,NaN,-1,false,0,2765596,1,ERROR-null-result,
1756922077859,NaN,-1,false,0,2765598,1,ERROR-null-result,
1756922077859,NaN,-1,false,0,2765600,1,ERROR-null-result,
1756922077859,NaN,-1,false,0,2765612,1,ERROR-null-result,
1756922077869,NaN,-1,false,0,2765613,1,ERROR-null-result,
1756922077879,NaN,-1,false,0,2765615,1,ERROR-null-result,
1756922077880,NaN,-1,false,0,2765619,1,ERROR-null-result,
1756922077880,NaN,-1,false,0,2765623,1,ERROR-null-result,
1756922077880,NaN,-1,false,0,2765625,4,ERROR-null-result,
1756922077890,NaN,-1,false,0,2765626,1,ERROR-null-result,
1756922077900,NaN,-1,false,0,2765627,1,ERROR-null-result,
1756922077900,NaN,-1,false,0,2765629,1,ERROR-null-result,
1756922077900,NaN,-1,false,0,2765630,1,ERROR-null-result,
1756922077900,NaN,-1,false,0,2765631,7,ERROR-null-result,
1756922077913,NaN,-1,false,0,2765633,1,ERROR-null-result,
1756922077921,NaN,-1,false,0,2765635,1,ERROR-null-result,
1756922077921,NaN,-1,false,0,2765636,1,ERROR-null-result,
1756922077921,NaN,-1,false,0,2765638,1,ERROR-null-result,
1756922077931,NaN,-1,false,0,2765639,6,ERROR-null-result,
1756922077931,NaN,-1,false,0,2765641,1,ERROR-null-result,
1756922077941,NaN,-1,false,0,2765642,1,ERROR-null-result,
1756922077941,NaN,-1,false,0,2765644,1,ERROR-null-result,
1756922077941,NaN,-1,false,0,2765645,1,ERROR-null-result,
1756922077941,NaN,-1,false,0,2765647,1,ERROR-null-result,
1756922077951,NaN,-1,false,0,2765649,1,ERROR-null-result,
1756922077951,NaN,-1,false,0,2765650,1,ERROR-null-result,
1756922077951,NaN,-1,false,0,2765652,1,ERROR-null-result,
1756922077961,NaN,-1,false,0,2765654,1,ERROR-null-result,
1756922077961,NaN,-1,false,0,2765674,1,ERROR-null-result,
1756922077979,NaN,-1,false,0,2765683,1,ERROR-null-result,
1756922077982,NaN,-1,false,0,2765685,1,ERROR-null-result,
1756922077982,NaN,-1,false,0,2765688,1,ERROR-null-result,
1756922077982,NaN,-1,false,0,2765698,1,ERROR-null-result,
1756922077982,NaN,-1,false,0,2765704,7,ERROR-null-result,
1756922078000,NaN,-1,false,0,2765708,1,ERROR-null-result,
1756922078002,NaN,-1,false,0,2765710,1,ERROR-null-result,
1756922078002,NaN,-1,false,0,2765713,1,ERROR-null-result,
1756922078002,NaN,-1,false,0,2765714,1,ERROR-null-result,
1756922078016,NaN,-1,false,0,2765716,1,ERROR-null-result,
1756922078016,NaN,-1,false,0,2765718,1,ERROR-null-result,
1756922078022,NaN,-1,false,0,2765726,1,ERROR-null-result,
1756922078033,NaN,-1,false,0,2765727,1,ERROR-null-result,
1756922078043,NaN,-1,false,0,2765729,1,ERROR-null-result,
1756922078045,NaN,-1,false,0,2765730,1,ERROR-null-result,
1756922078049,NaN,-1,false,0,2765732,1,ERROR-null-result,
1756922078050,NaN,-1,false,0,2765733,1,ERROR-null-result,
1756922078053,NaN,-1,false,0,2765735,1,ERROR-null-result,
1756922078053,NaN,-1,false,0,2765736,2,ERROR-null-result,
1756922078063,NaN,-1,false,0,2765737,1,ERROR-null-result,
1756922078063,NaN,-1,false,0,2765739,1,ERROR-null-result,
1756922078063,NaN,-1,false,0,2765741,1,ERROR-null-result,
1756922078079,NaN,-1,false,0,2765742,1,ERROR-null-result,
1756922078079,NaN,-1,false,0,2765744,1,ERROR-null-result,
1756922078085,NaN,-1,false,0,2765745,1,ERROR-null-result,
1756922078085,NaN,-1,false,0,2765748,1,ERROR-null-result,
1756922078094,NaN,-1,false,0,2765764,1,ERROR-null-result,
1756922078106,NaN,-1,false,0,2765766,1,ERROR-null-result,
1756922078106,NaN,-1,false,0,2765768,1,ERROR-null-result,
1756922078106,NaN,-1,false,0,2765769,1,ERROR-null-result,
1756922078115,NaN,-1,false,0,2765770,1,ERROR-null-result,
1756922078125,NaN,-1,false,0,2765771,1,ERROR-null-result,
1756922078125,NaN,-1,false,0,2765773,1,ERROR-null-result,
1756922078125,NaN,-1,false,0,2765774,1,ERROR-null-result,
1756922078134,NaN,-1,false,0,2765775,1,ERROR-null-result,
1756922078135,NaN,-1,false,0,2765777,1,ERROR-null-result,
1756922078135,NaN,-1,false,0,2765779,1,ERROR-null-result,
1756922078135,NaN,-1,false,0,2765786,1,ERROR-null-result,
1756922078146,NaN,-1,false,0,2765789,1,ERROR-null-result,
1756922078146,NaN,-1,false,0,2765790,1,ERROR-null-result,
1756922078146,NaN,-1,false,0,2765793,1,ERROR-null-result,
1756922078156,NaN,-1,false,0,2765799,1,ERROR-null-result,
1756922078156,NaN,-1,false,0,2765801,1,ERROR-null-result,
1756922078166,NaN,-1,false,0,2765803,1,ERROR-null-result,
1756922078166,NaN,-1,false,0,2765804,1,ERROR-null-result,
1756922078179,NaN,-1,false,0,2765808,1,ERROR-null-result,
1756922078179,NaN,-1,false,0,2765810,2,ERROR-null-result,
1756922078189,NaN,-1,false,0,2765812,1,ERROR-null-result,
1756922078191,NaN,-1,false,0,2765813,1,ERROR-null-result,
1756922078193,NaN,-1,false,0,2765814,1,ERROR-null-result,
1756922078193,NaN,-1,false,0,2765818,1,ERROR-null-result,
1756922078197,NaN,-1,false,0,2765820,1,ERROR-null-result,
1756922078197,NaN,-1,false,0,2765821,1,ERROR-null-result,
1756922078207,NaN,-1,false,0,2765822,1,ERROR-null-result,
1756922078207,NaN,-1,false,0,2765824,1,ERROR-null-result,
1756922078207,NaN,-1,false,0,2765829,1,ERROR-null-result,
1756922078207,NaN,-1,false,0,2765831,6,ERROR-null-result,
1756922078218,NaN,-1,false,0,2765832,1,ERROR-null-result,
1756935049176,NaN,-1,false,0,2768099,402,ERROR-null-result,
1756935049613,NaN,-1,false,0,2768100,9,ERROR-null-result,
1756935049667,NaN,-1,false,0,2768100,35,ERROR-null-result,
1756935049732,NaN,-1,false,0,2768101,12,ERROR-null-result,
1756935049768,NaN,-1,false,0,2768102,4,ERROR-null-result,
1756935049801,NaN,-1,false,0,2768102,6,ERROR-null-result,
1756935049822,NaN,-1,false,0,2768103,1,ERROR-null-result,
1756935049825,NaN,-1,false,0,2768103,2,ERROR-null-result,
1756935049832,NaN,-1,false,0,2768104,1,ERROR-null-result,
1756935049860,NaN,-1,false,0,2768105,2,ERROR-null-result,
1756935049869,NaN,-1,false,0,2768105,2,ERROR-null-result,
1756935049881,NaN,-1,false,0,2768106,1,ERROR-null-result,
1756935049891,NaN,-1,false,0,2768107,3,ERROR-null-result,
1756935049905,NaN,-1,false,0,2768108,2,ERROR-null-result,
1756935049912,NaN,-1,false,0,2768108,2,ERROR-null-result,
1756935049924,NaN,-1,false,0,2768109,1,ERROR-null-result,
1756935049932,NaN,-1,false,0,2768110,8,ERROR-null-result,
1756935049949,NaN,-1,false,0,2768111,4,ERROR-null-result,
1756935049965,NaN,-1,false,0,2768112,2,ERROR-null-result,
1756935049969,NaN,-1,false,0,2768113,2,ERROR-null-result,
1756935049982,NaN,-1,false,0,2768113,1,ERROR-null-result,
1756935049990,NaN,-1,false,0,2768114,2,ERROR-null-result,
1756935050001,NaN,-1,false,0,2768115,1,ERROR-null-result,
1756935050006,NaN,-1,false,0,2768116,2,ERROR-null-result,
1756935050009,NaN,-1,false,0,2768116,1,ERROR-null-result,
1756935050014,NaN,-1,false,0,2768117,1,ERROR-null-result,
1756935050024,NaN,-1,false,0,2768118,1,ERROR-null-result,
1756935050028,NaN,-1,false,0,2768119,4,ERROR-null-result,
1756935050034,NaN,-1,false,0,2768119,7,ERROR-null-result,
1756935050045,NaN,-1,false,0,2768120,1,ERROR-null-result,
1756935050048,NaN,-1,false,0,2768121,1,ERROR-null-result,
1756935050053,NaN,-1,false,0,2768121,1,ERROR-null-result,
1756935050062,NaN,-1,false,0,2768122,1,ERROR-null-result,
1756935050069,NaN,-1,false,0,2768123,1,ERROR-null-result,
1756935050072,NaN,-1,false,0,2768123,1,ERROR-null-result,
1756935050075,NaN,-1,false,0,2768124,1,ERROR-null-result,
1756935050085,NaN,-1,false,0,2768125,2,ERROR-null-result,
1756935050092,NaN,-1,false,0,2768126,1,ERROR-null-result,
1756935050095,NaN,-1,false,0,2768126,1,ERROR-null-result,
1756935050107,NaN,-1,false,0,2768127,1,ERROR-null-result,
1756935050108,NaN,-1,false,0,2768128,1,ERROR-null-result,
1756935050117,NaN,-1,false,0,2768128,6,ERROR-null-result,
1756935050124,NaN,-1,false,0,2768129,1,ERROR-null-result,
1756935050130,NaN,-1,false,0,2768130,1,ERROR-null-result,
1756935050133,NaN,-1,false,0,2768131,1,ERROR-null-result,
1756935050143,NaN,-1,false,0,2768131,1,ERROR-null-result,
1756935050143,NaN,-1,false,0,2768132,1,ERROR-null-result,
1756935050151,NaN,-1,false,0,2768133,1,ERROR-null-result,
1756935050153,NaN,-1,false,0,2768133,1,ERROR-null-result,
1756935050153,NaN,-1,false,0,2768134,1,ERROR-null-result,
1756935050165,NaN,-1,false,0,2768135,1,ERROR-null-result,
1756935050170,NaN,-1,false,0,2768135,2,ERROR-null-result,
1756935050175,NaN,-1,false,0,2768136,1,ERROR-null-result,
1756935050186,NaN,-1,false,0,2768137,1,ERROR-null-result,
1756935050186,NaN,-1,false,0,2768137,1,ERROR-null-result,
1756935050191,NaN,-1,false,0,2768138,1,ERROR-null-result,
1756935050192,NaN,-1,false,0,2768139,1,ERROR-null-result,
1756935050192,NaN,-1,false,0,2768139,1,ERROR-null-result,
1756935050263,NaN,-1,false,0,2768140,1,ERROR-null-result,
1756935050266,NaN,-1,false,0,2768141,1,ERROR-null-result,
1756935050271,NaN,-1,false,0,2768142,2,ERROR-null-result,
1756935050275,NaN,-1,false,0,2768142,1,ERROR-null-result,
1756935050278,NaN,-1,false,0,2768144,1,ERROR-null-result,
1756935050287,NaN,-1,false,0,2768145,1,ERROR-null-result,
1756935050290,NaN,-1,false,0,2768145,1,ERROR-null-result,
1756935050295,NaN,-1,false,0,2768146,1,ERROR-null-result,
1756935050298,NaN,-1,false,0,2768147,7,ERROR-null-result,
1756935050307,NaN,-1,false,0,2768148,1,ERROR-null-result,
1756935050311,NaN,-1,false,0,2768148,1,ERROR-null-result,
1756935050311,NaN,-1,false,0,2768149,1,ERROR-null-result,
1756935050318,NaN,-1,false,0,2768150,1,ERROR-null-result,
1756935050325,NaN,-1,false,0,2768151,1,ERROR-null-result,
1756935050332,NaN,-1,false,0,2768152,1,ERROR-null-result,
1756935050334,NaN,-1,false,0,2768152,1,ERROR-null-result,
1756935050337,NaN,-1,false,0,2768153,1,ERROR-null-result,
1756935050341,NaN,-1,false,0,2768154,6,ERROR-null-result,
1756935050347,NaN,-1,false,0,2768154,1,ERROR-null-result,
1756935050349,NaN,-1,false,0,2768155,1,ERROR-null-result,
1756935050353,NaN,-1,false,0,2768156,1,ERROR-null-result,
1756935050353,NaN,-1,false,0,2768157,1,ERROR-null-result,
1756935050358,NaN,-1,false,0,2768157,1,ERROR-null-result,
1756935050360,NaN,-1,false,0,2768158,6,ERROR-null-result,
1756935050367,NaN,-1,false,0,2768159,1,ERROR-null-result,
1756935050371,NaN,-1,false,0,2768160,1,ERROR-null-result,
1756935050375,NaN,-1,false,0,2768161,1,ERROR-null-result,
1756935050377,NaN,-1,false,0,2768161,1,ERROR-null-result,
1756935050379,NaN,-1,false,0,2768162,6,ERROR-null-result,
1756935050391,NaN,-1,false,0,2768163,1,ERROR-null-result,
1756935050393,NaN,-1,false,0,2768163,1,ERROR-null-result,
1756935050397,NaN,-1,false,0,2768164,1,ERROR-null-result,
1756935050399,NaN,-1,false,0,2768165,5,ERROR-null-result,
1756935050407,NaN,-1,false,0,2768166,1,ERROR-null-result,
1756935050411,NaN,-1,false,0,2768166,1,ERROR-null-result,
1756935050413,NaN,-1,false,0,2768167,1,ERROR-null-result,
1756935050413,NaN,-1,false,0,2768168,1,ERROR-null-result,
1756935050413,NaN,-1,false,0,2768168,1,ERROR-null-result,
1756935050427,NaN,-1,false,0,2768170,1,ERROR-null-result,
1756935050427,NaN,-1,false,0,2768170,1,ERROR-null-result,
1756935050431,NaN,-1,false,0,2768171,1,ERROR-null-result,
1756935050431,NaN,-1,false,0,2768172,1,ERROR-null-result,
1756935050438,NaN,-1,false,0,2768172,1,ERROR-null-result,
1756935050447,NaN,-1,false,0,2768173,1,ERROR-null-result,
1756935050447,NaN,-1,false,0,2768174,1,ERROR-null-result,
1756935050453,NaN,-1,false,0,2768174,1,ERROR-null-result,
1756935050453,NaN,-1,false,0,2768175,1,ERROR-null-result,
1756935050453,NaN,-1,false,0,2768176,1,ERROR-null-result,
1756935050453,NaN,-1,false,0,2768177,1,ERROR-null-result,
1756935050462,NaN,-1,false,0,2768177,1,ERROR-null-result,
1756935050462,NaN,-1,false,0,2768178,1,ERROR-null-result,
1756935050474,NaN,-1,false,0,2768179,1,ERROR-null-result,
1756935050477,NaN,-1,false,0,2768179,1,ERROR-null-result,
1756935050478,NaN,-1,false,0,2768180,1,ERROR-null-result,
1756935050486,NaN,-1,false,0,2768181,1,ERROR-null-result,
1756935050486,NaN,-1,false,0,2768182,1,ERROR-null-result,
1756935050493,NaN,-1,false,0,2768183,1,ERROR-null-result,
1756935050493,NaN,-1,false,0,2768184,1,ERROR-null-result,
1756935050501,NaN,-1,false,0,2768185,8,ERROR-null-result,
1756935050509,NaN,-1,false,0,2768185,1,ERROR-null-result,
1756935050514,NaN,-1,false,0,2768186,1,ERROR-null-result,
1756935050514,NaN,-1,false,0,2768187,1,ERROR-null-result,
1756935050514,NaN,-1,false,0,2768187,1,ERROR-null-result,
1756935050527,NaN,-1,false,0,2768188,1,ERROR-null-result,
1756935050530,NaN,-1,false,0,2768189,1,ERROR-null-result,
1756935050534,NaN,-1,false,0,2768190,1,ERROR-null-result,
1756935050536,NaN,-1,false,0,2768190,1,ERROR-null-result,
1756935050539,NaN,-1,false,0,2768191,1,ERROR-null-result,
1756935050545,NaN,-1,false,0,2768192,1,ERROR-null-result,
1756935050554,NaN,-1,false,0,2768193,1,ERROR-null-result,
1756935050554,NaN,-1,false,0,2768194,2,ERROR-null-result,
1756935050558,NaN,-1,false,0,2768194,1,ERROR-null-result,
1756935050569,NaN,-1,false,0,2768195,1,ERROR-null-result,
1756935050572,NaN,-1,false,0,2768196,1,ERROR-null-result,
1756935050573,NaN,-1,false,0,2768196,1,ERROR-null-result,
1756935050573,NaN,-1,false,0,2768197,1,ERROR-null-result,
1756935050573,NaN,-1,false,0,2768198,1,ERROR-null-result,
1756935050582,NaN,-1,false,0,2768199,5,ERROR-null-result,
1756935050588,NaN,-1,false,0,2768199,1,ERROR-null-result,
1756935050590,NaN,-1,false,0,2768200,1,ERROR-null-result,
1756935050593,NaN,-1,false,0,2768201,1,ERROR-null-result,
1756935050595,NaN,-1,false,0,2768201,1,ERROR-null-result,
1756935050597,NaN,-1,false,0,2768203,1,ERROR-null-result,
1756935050600,NaN,-1,false,0,2768204,1,ERROR-null-result,
1756935050607,NaN,-1,false,0,2768205,1,ERROR-null-result,
1756935050610,NaN,-1,false,0,2768205,1,ERROR-null-result,
1756935050613,NaN,-1,false,0,2768206,1,ERROR-null-result,
1756935050615,NaN,-1,false,0,2768207,1,ERROR-null-result,
1756935050617,NaN,-1,false,0,2768208,1,ERROR-null-result,
1756935050618,NaN,-1,false,0,2768208,1,ERROR-null-result,
1756935050627,NaN,-1,false,0,2768209,1,ERROR-null-result,
1756935050629,NaN,-1,false,0,2768210,1,ERROR-null-result,
1756935050632,NaN,-1,false,0,2768210,1,ERROR-null-result,
1756935050634,NaN,-1,false,0,2768211,1,ERROR-null-result,
1756935050637,NaN,-1,false,0,2768212,1,ERROR-null-result,
1756935050639,NaN,-1,false,0,2768212,1,ERROR-null-result,
1756935050648,NaN,-1,false,0,2768213,1,ERROR-null-result,
1756935050651,NaN,-1,false,0,2768215,1,ERROR-null-result,
1756935050653,NaN,-1,false,0,2768215,1,ERROR-null-result,
1756935050658,NaN,-1,false,0,2768216,1,ERROR-null-result,
1756935050661,NaN,-1,false,0,2768217,6,ERROR-null-result,
1756935050669,NaN,-1,false,0,2768217,1,ERROR-null-result,
1756935050671,NaN,-1,false,0,2768218,1,ERROR-null-result,
1756935050674,NaN,-1,false,0,2768219,1,ERROR-null-result,
1756935050674,NaN,-1,false,0,2768219,1,ERROR-null-result,
1756935050677,NaN,-1,false,0,2768221,1,ERROR-null-result,
1756935050679,NaN,-1,false,0,2768221,6,ERROR-null-result,
1756935050690,NaN,-1,false,0,2768222,1,ERROR-null-result,
1756935050695,NaN,-1,false,0,2768223,1,ERROR-null-result,
1756935050696,NaN,-1,false,0,2768224,1,ERROR-null-result,
1756935050696,NaN,-1,false,0,2768224,1,ERROR-null-result,
1756935050700,NaN,-1,false,0,2768225,6,ERROR-null-result,
1756935050709,NaN,-1,false,0,2768225,1,ERROR-null-result,
1756935050710,NaN,-1,false,0,2768226,1,ERROR-null-result,
1756935050715,NaN,-1,false,0,2768227,1,ERROR-null-result,
1756935050717,NaN,-1,false,0,2768228,1,ERROR-null-result,
1756935050719,NaN,-1,false,0,2768228,1,ERROR-null-result,
1756935050722,NaN,-1,false,0,2768229,6,ERROR-null-result,
1756935050731,NaN,-1,false,0,2768230,1,ERROR-null-result,
1756935050733,NaN,-1,false,0,2768230,1,ERROR-null-result,
1756935050733,NaN,-1,false,0,2768231,1,ERROR-null-result,
1756935050733,NaN,-1,false,0,2768232,1,ERROR-null-result,
1756935050733,NaN,-1,false,0,2768233,1,ERROR-null-result,
1756935050733,NaN,-1,false,0,2768233,4,ERROR-null-result,
1756935050745,NaN,-1,false,0,2768234,1,ERROR-null-result,
1756935050745,NaN,-1,false,0,2768236,1,ERROR-null-result,
1756935050754,NaN,-1,false,0,2768236,1,ERROR-null-result,
1756935050758,NaN,-1,false,0,2768237,1,ERROR-null-result,
1756935050768,NaN,-1,false,0,2768238,1,ERROR-null-result,
1756935050770,NaN,-1,false,0,2768238,1,ERROR-null-result,
1756935050770,NaN,-1,false,0,2768239,1,ERROR-null-result,
1756935050775,NaN,-1,false,0,2768240,1,ERROR-null-result,
1756935050777,NaN,-1,false,0,2768241,1,ERROR-null-result,
1756935050779,NaN,-1,false,0,2768242,1,ERROR-null-result,
1756935050780,NaN,-1,false,0,2768242,1,ERROR-null-result,
1756935050780,NaN,-1,false,0,2768243,6,ERROR-null-result,
1756935050784,NaN,-1,false,0,2768244,1,ERROR-null-result,
1756935050784,NaN,-1,false,0,2768245,1,ERROR-null-result,
1756935050795,NaN,-1,false,0,2768245,1,ERROR-null-result,
1756935050798,NaN,-1,false,0,2768246,1,ERROR-null-result,
1756935050800,NaN,-1,false,0,2768247,1,ERROR-null-result,
1756935050800,NaN,-1,false,0,2768248,1,ERROR-null-result,
1756935050800,NaN,-1,false,0,2768249,1,ERROR-null-result,
1756935050800,NaN,-1,false,0,2768249,1,ERROR-null-result,
1756935050808,NaN,-1,false,0,2768250,5,ERROR-null-result,
1756935050818,NaN,-1,false,0,2768251,1,ERROR-null-result,
1756935050820,NaN,-1,false,0,2768251,1,ERROR-null-result,
1756935050820,NaN,-1,false,0,2768253,1,ERROR-null-result,
1756935050820,NaN,-1,false,0,2768256,1,ERROR-null-result,
1756935050830,NaN,-1,false,0,2768257,1,ERROR-null-result,
1756935050830,NaN,-1,false,0,2768258,1,ERROR-null-result,
1756935050841,NaN,-1,false,0,2768258,1,ERROR-null-result,
1756935050847,NaN,-1,false,0,2768259,1,ERROR-null-result,
1756935050847,NaN,-1,false,0,2768260,1,ERROR-null-result,
1756935050850,NaN,-1,false,0,2768260,1,ERROR-null-result,
1756935050852,NaN,-1,false,0,2768261,1,ERROR-null-result,
1756935050854,NaN,-1,false,0,2768262,1,ERROR-null-result,
1756935050858,NaN,-1,false,0,2768262,1,ERROR-null-result,
1756935050858,NaN,-1,false,0,2768263,1,ERROR-null-result,
1756935050858,NaN,-1,false,0,2768263,1,ERROR-null-result,
1756935050872,NaN,-1,false,0,2768264,6,ERROR-null-result,
1756935050881,NaN,-1,false,0,2768266,1,ERROR-null-result,
1756935050886,NaN,-1,false,0,2768267,1,ERROR-null-result,
1756935050894,NaN,-1,false,0,2768268,1,ERROR-null-result,
1756935050896,NaN,-1,false,0,2768269,1,ERROR-null-result,
1756935050898,NaN,-1,false,0,2768269,1,ERROR-null-result,
1756935050904,NaN,-1,false,0,2768270,4,ERROR-null-result,
1756935050910,NaN,-1,false,0,2768271,1,ERROR-null-result,
1756935050913,NaN,-1,false,0,2768271,1,ERROR-null-result,
1756935050915,NaN,-1,false,0,2768273,1,ERROR-null-result,
1756935050918,NaN,-1,false,0,2768273,1,ERROR-null-result,
1756935050926,NaN,-1,false,0,2768274,1,ERROR-null-result,
1756935050929,NaN,-1,false,0,2768274,1,ERROR-null-result,
1756935050929,NaN,-1,false,0,2768275,1,ERROR-null-result,
1756935050932,NaN,-1,false,0,2768276,1,ERROR-null-result,
1756935050935,NaN,-1,false,0,2768276,1,ERROR-null-result,
1756935050935,NaN,-1,false,0,2768277,1,ERROR-null-result,
1756935050935,NaN,-1,false,0,2768278,1,ERROR-null-result,
1756935050935,NaN,-1,false,0,2768278,1,ERROR-null-result,
1756935050935,NaN,-1,false,0,2768279,1,ERROR-null-result,
1756935050955,NaN,-1,false,0,2768280,1,ERROR-null-result,
1756935050955,NaN,-1,false,0,2768280,1,ERROR-null-result,
1756935050955,NaN,-1,false,0,2768281,1,ERROR-null-result,
1756935050964,NaN,-1,false,0,2768283,1,ERROR-null-result,
1756935050967,NaN,-1,false,0,2768283,1,ERROR-null-result,
1756935050967,NaN,-1,false,0,2768284,1,ERROR-null-result,
1756935050967,NaN,-1,false,0,2768285,1,ERROR-null-result,
1756935050967,NaN,-1,false,0,2768285,1,ERROR-null-result,
1756935050967,NaN,-1,false,0,2768286,1,ERROR-null-result,
1756935050983,NaN,-1,false,0,2768287,1,ERROR-null-result,
1756935050983,NaN,-1,false,0,2768288,1,ERROR-null-result,
1756935050983,NaN,-1,false,0,2768289,1,ERROR-null-result,
1756935050983,NaN,-1,false,0,2768290,1,ERROR-null-result,
1756935050983,NaN,-1,false,0,2768291,5,ERROR-null-result,
1756935050999,NaN,-1,false,0,2768292,1,ERROR-null-result,
1756935050999,NaN,-1,false,0,2768292,1,ERROR-null-result,
1756935050999,NaN,-1,false,0,2768293,1,ERROR-null-result,
1756935051019,NaN,-1,false,0,2768294,1,ERROR-null-result,
1756935051023,NaN,-1,false,0,2768294,1,ERROR-null-result,
1756935051026,NaN,-1,false,0,2768295,1,ERROR-null-result,
1756935051028,NaN,-1,false,0,2768296,5,ERROR-null-result,
1756935051030,NaN,-1,false,0,2768297,2,ERROR-null-result,
1756935051030,NaN,-1,false,0,2768298,1,ERROR-null-result,
1756935051030,NaN,-1,false,0,2768299,1,ERROR-null-result,
1756935051052,NaN,-1,false,0,2768301,1,ERROR-null-result,
1756935051052,NaN,-1,false,0,2768301,1,ERROR-null-result,
1756935051052,NaN,-1,false,0,2768302,1,ERROR-null-result,
1756935051063,NaN,-1,false,0,2768303,1,ERROR-null-result,
1756935051063,NaN,-1,false,0,2768304,1,ERROR-null-result,
1756935051063,NaN,-1,false,0,2768305,1,ERROR-null-result,
1756935051063,NaN,-1,false,0,2768306,1,ERROR-null-result,
1756935051077,NaN,-1,false,0,2768307,1,ERROR-null-result,
1756935051077,NaN,-1,false,0,2768308,1,ERROR-null-result,
1756935051077,NaN,-1,false,0,2768309,1,ERROR-null-result,
1756935051077,NaN,-1,false,0,2768310,1,ERROR-null-result,
1756935051093,NaN,-1,false,0,2768311,1,ERROR-null-result,
1756935051093,NaN,-1,false,0,2768312,1,ERROR-null-result,
1756935051093,NaN,-1,false,0,2768313,1,ERROR-null-result,
1756935051107,NaN,-1,false,0,2768314,1,ERROR-null-result,
1756935051109,NaN,-1,false,0,2768314,1,ERROR-null-result,
1756935051109,NaN,-1,false,0,2768315,1,ERROR-null-result,
1756935051109,NaN,-1,false,0,2768315,1,ERROR-null-result,
1756935051109,NaN,-1,false,0,2768316,1,ERROR-null-result,
1756935051122,NaN,-1,false,0,2768317,1,ERROR-null-result,
1756935051126,NaN,-1,false,0,2768317,1,ERROR-null-result,
1756935051134,NaN,-1,false,0,2768318,1,ERROR-null-result,
1756935051135,NaN,-1,false,0,2768319,1,ERROR-null-result,
1756935051146,NaN,-1,false,0,2768320,1,ERROR-null-result,
1756935051146,NaN,-1,false,0,2768320,1,ERROR-null-result,
1756935051146,NaN,-1,false,0,2768321,1,ERROR-null-result,
1756935051153,NaN,-1,false,0,2768322,1,ERROR-null-result,
1756935051159,NaN,-1,false,0,2768323,1,ERROR-null-result,
1756935051159,NaN,-1,false,0,2768323,1,ERROR-null-result,
1756935051159,NaN,-1,false,0,2768324,1,ERROR-null-result,
1756935051174,NaN,-1,false,0,2768325,1,ERROR-null-result,
1756935051174,NaN,-1,false,0,2768325,1,ERROR-null-result,
1756935051174,NaN,-1,false,0,2768326,1,ERROR-null-result,
1756935051174,NaN,-1,false,0,2768326,1,ERROR-null-result,
1756935051188,NaN,-1,false,0,2768327,1,ERROR-null-result,
1756935051188,NaN,-1,false,0,2768328,1,ERROR-null-result,
1756935051188,NaN,-1,false,0,2768328,1,ERROR-null-result,
1756935051221,NaN,-1,false,0,2768329,1,ERROR-null-result,
1756935051223,NaN,-1,false,0,2768330,2,ERROR-null-result,
1756935051230,NaN,-1,false,0,2768330,10,ERROR-null-result,
1756935051246,NaN,-1,false,0,2768331,1,ERROR-null-result,
1756935051252,NaN,-1,false,0,2768332,1,ERROR-null-result,
1756935051255,NaN,-1,false,0,2768332,1,ERROR-null-result,
1756935051255,NaN,-1,false,0,2768334,1,ERROR-null-result,
1756935051259,NaN,-1,false,0,2768335,1,ERROR-null-result,
1756935051266,NaN,-1,false,0,2768336,1,ERROR-null-result,
1756935051266,NaN,-1,false,0,2768337,1,ERROR-null-result,
1756935051266,NaN,-1,false,0,2768338,1,ERROR-null-result,
1756935051266,NaN,-1,false,0,2768340,1,ERROR-null-result,
1756935051281,NaN,-1,false,0,2768340,6,ERROR-null-result,
1756935051287,NaN,-1,false,0,2768341,1,ERROR-null-result,
1756935051287,NaN,-1,false,0,2768342,1,ERROR-null-result,
1756935051295,NaN,-1,false,0,2768342,1,ERROR-null-result,
1756935051297,NaN,-1,false,0,2768343,1,ERROR-null-result,
1756935051297,NaN,-1,false,0,2768344,1,ERROR-null-result,
1756935051297,NaN,-1,false,0,2768345,1,ERROR-null-result,
1756935051297,NaN,-1,false,0,2768346,1,ERROR-null-result,
1756935051311,NaN,-1,false,0,2768347,6,ERROR-null-result,
1756935051318,NaN,-1,false,0,2768347,1,ERROR-null-result,
1756935051318,NaN,-1,false,0,2768348,1,ERROR-null-result,
1756935051318,NaN,-1,false,0,2768349,1,ERROR-null-result,
1756935051318,NaN,-1,false,0,2768350,1,ERROR-null-result,
1756935051332,NaN,-1,false,0,2768351,1,ERROR-null-result,
1756935051332,NaN,-1,false,0,2768352,1,ERROR-null-result,
1756935051338,NaN,-1,false,0,2768353,1,ERROR-null-result,
1756935051338,NaN,-1,false,0,2768353,1,ERROR-null-result,
1756935051338,NaN,-1,false,0,2768355,1,ERROR-null-result,
1756935051344,NaN,-1,false,0,2768356,1,ERROR-null-result,
1756935051353,NaN,-1,false,0,2768356,1,ERROR-null-result,
1756935051353,NaN,-1,false,0,2768358,1,ERROR-null-result,
1756935051353,NaN,-1,false,0,2768359,1,ERROR-null-result,
1756935051359,NaN,-1,false,0,2768360,6,ERROR-null-result,
1756935051359,NaN,-1,false,0,2768361,1,ERROR-null-result,
1756935051359,NaN,-1,false,0,2768363,3,ERROR-null-result,
1756935051359,NaN,-1,false,0,2768363,6,ERROR-null-result,
1756935051379,NaN,-1,false,0,2768365,1,ERROR-null-result,
1756935051379,NaN,-1,false,0,2768366,1,ERROR-null-result,
1756935051379,NaN,-1,false,0,2768367,1,ERROR-null-result,
1756935051379,NaN,-1,false,0,2768367,1,ERROR-null-result,
1756935051391,NaN,-1,false,0,2768369,1,ERROR-null-result,
1756935051391,NaN,-1,false,0,2768371,1,ERROR-null-result,
1756935051391,NaN,-1,false,0,2768372,1,ERROR-null-result,
1756935051406,NaN,-1,false,0,2768374,1,ERROR-null-result,
1756935051406,NaN,-1,false,0,2768374,1,ERROR-null-result,
1756935051406,NaN,-1,false,0,2768375,6,ERROR-null-result,
1756935051428,NaN,-1,false,0,2768375,1,ERROR-null-result,
1756935051493,NaN,-1,false,0,2768376,1,ERROR-null-result,
1756935051493,NaN,-1,false,0,2768377,1,ERROR-null-result,
1756935051497,NaN,-1,false,0,2768378,1,ERROR-null-result,
1756935051501,NaN,-1,false,0,2768378,1,ERROR-null-result,
1756935051501,NaN,-1,false,0,2768379,1,ERROR-null-result,
1756935051508,NaN,-1,false,0,2768380,1,ERROR-null-result,
1756935051512,NaN,-1,false,0,2768381,1,ERROR-null-result,
1756935051515,NaN,-1,false,0,2768382,6,ERROR-null-result,
1756935051524,NaN,-1,false,0,2768382,1,ERROR-null-result,
1756935051526,NaN,-1,false,0,2768383,1,ERROR-null-result,
1756935051529,NaN,-1,false,0,2768384,1,ERROR-null-result,
1756935051535,NaN,-1,false,0,2768385,1,ERROR-null-result,
1756935051537,NaN,-1,false,0,2768385,1,ERROR-null-result,
1756935051539,NaN,-1,false,0,2768387,1,ERROR-null-result,
1756935051543,NaN,-1,false,0,2768387,1,ERROR-null-result,
1756935051545,NaN,-1,false,0,2768388,1,ERROR-null-result,
1756935051555,NaN,-1,false,0,2768389,1,ERROR-null-result,
1756935051557,NaN,-1,false,0,2768389,1,ERROR-null-result,
1756935051558,NaN,-1,false,0,2768391,1,ERROR-null-result,
1756935051562,NaN,-1,false,0,2768391,1,ERROR-null-result,
1756935051569,NaN,-1,false,0,2768392,1,ERROR-null-result,
1756935051574,NaN,-1,false,0,2768393,1,ERROR-null-result,
1756935051576,NaN,-1,false,0,2768394,1,ERROR-null-result,
1756935051576,NaN,-1,false,0,2768395,1,ERROR-null-result,
1756935051582,NaN,-1,false,0,2768396,1,ERROR-null-result,
1756935051589,NaN,-1,false,0,2768397,1,ERROR-null-result,
1756935051591,NaN,-1,false,0,2768398,2,ERROR-null-result,
1756935051599,NaN,-1,false,0,2768398,1,ERROR-null-result,
1756935051601,NaN,-1,false,0,2768400,1,ERROR-null-result,
1756935051605,NaN,-1,false,0,2768400,1,ERROR-null-result,
1756935051608,NaN,-1,false,0,2768401,1,ERROR-null-result,
1756935051608,NaN,-1,false,0,2768402,6,ERROR-null-result,
1756935051617,NaN,-1,false,0,2768402,1,ERROR-null-result,
1756935051620,NaN,-1,false,0,2768403,1,ERROR-null-result,
1756935051622,NaN,-1,false,0,2768404,1,ERROR-null-result,
1756935051622,NaN,-1,false,0,2768405,1,ERROR-null-result,
1756935051626,NaN,-1,false,0,2768405,5,ERROR-null-result,
1756935051640,NaN,-1,false,0,2768406,22,ERROR-null-result,
1756935051669,NaN,-1,false,0,2768408,31,ERROR-null-result,
1756935051711,NaN,-1,false,0,2768409,2,ERROR-null-result,
1756935051715,NaN,-1,false,0,2768410,6,ERROR-null-result,
1756935051729,NaN,-1,false,0,2768410,1,ERROR-null-result,
1756935051733,NaN,-1,false,0,2768411,1,ERROR-null-result,
1756935051735,NaN,-1,false,0,2768413,1,ERROR-null-result,
1756935051743,NaN,-1,false,0,2768415,1,ERROR-null-result,
1756935051747,NaN,-1,false,0,2768415,7,ERROR-null-result,
1756935051756,NaN,-1,false,0,2768416,1,ERROR-null-result,
1756935051758,NaN,-1,false,0,2768417,1,ERROR-null-result,
1756935051762,NaN,-1,false,0,2768417,6,ERROR-null-result,
1756935051771,NaN,-1,false,0,2768418,1,ERROR-null-result,
1756935051772,NaN,-1,false,0,2768419,1,ERROR-null-result,
1756935051777,NaN,-1,false,0,2768420,1,ERROR-null-result,
1756935051785,NaN,-1,false,0,2768421,1,ERROR-null-result,
1756935051789,NaN,-1,false,0,2768421,1,ERROR-null-result,
1756935051793,NaN,-1,false,0,2768422,1,ERROR-null-result,
1756935051800,NaN,-1,false,0,2768423,1,ERROR-null-result,
1756935051800,NaN,-1,false,0,2768423,1,ERROR-null-result,
1756935051800,NaN,-1,false,0,2768424,1,ERROR-null-result,
1756935051800,NaN,-1,false,0,2768425,1,ERROR-null-result,
1756935051810,NaN,-1,false,0,2768426,4,ERROR-null-result,
1756935051816,NaN,-1,false,0,2768426,1,ERROR-null-result,
1756935051819,NaN,-1,false,0,2768427,1,ERROR-null-result,
1756935051820,NaN,-1,false,0,2768428,1,ERROR-null-result,
1756935051820,NaN,-1,false,0,2768428,1,ERROR-null-result,
1756935051831,NaN,-1,false,0,2768429,1,ERROR-null-result,
1756935051835,NaN,-1,false,0,2768430,1,ERROR-null-result,
1756935051835,NaN,-1,false,0,2768430,1,ERROR-null-result,
1756935051841,NaN,-1,false,0,2768431,1,ERROR-null-result,
1756935051848,NaN,-1,false,0,2768432,1,ERROR-null-result,
1756935051853,NaN,-1,false,0,2768433,1,ERROR-null-result,
1756935051857,NaN,-1,false,0,2768434,7,ERROR-null-result,
1756935051867,NaN,-1,false,0,2768435,1,ERROR-null-result,
1756935051867,NaN,-1,false,0,2768435,1,ERROR-null-result,
1756935051884,NaN,-1,false,0,2768436,6,ERROR-null-result,
1756935051892,NaN,-1,false,0,2768437,1,ERROR-null-result,
1756935051897,NaN,-1,false,0,2768438,1,ERROR-null-result,
1756935051900,NaN,-1,false,0,2768439,1,ERROR-null-result,
1756935051909,NaN,-1,false,0,2768439,1,ERROR-null-result,
1756935051912,NaN,-1,false,0,2768440,1,ERROR-null-result,
1756935051917,NaN,-1,false,0,2768441,1,ERROR-null-result,
1756935051925,NaN,-1,false,0,2768442,1,ERROR-null-result,
1756935051930,NaN,-1,false,0,2768442,1,ERROR-null-result,
1756935051934,NaN,-1,false,0,2768443,1,ERROR-null-result,
1756935051942,NaN,-1,false,0,2768444,1,ERROR-null-result,
1756935051947,NaN,-1,false,0,2768445,1,ERROR-null-result,
1756935051951,NaN,-1,false,0,2768445,5,ERROR-null-result,
1756935051957,NaN,-1,false,0,2768446,1,ERROR-null-result,
1756935051963,NaN,-1,false,0,2768447,1,ERROR-null-result,
1756935051966,NaN,-1,false,0,2768447,6,ERROR-null-result,
1756935051975,NaN,-1,false,0,2768448,1,ERROR-null-result,
1756935051977,NaN,-1,false,0,2768449,1,ERROR-null-result,
1756935051986,NaN,-1,false,0,2768449,1,ERROR-null-result,
1756935051986,NaN,-1,false,0,2768450,1,ERROR-null-result,
1756935051986,NaN,-1,false,0,2768451,1,ERROR-null-result,
1756935051986,NaN,-1,false,0,2768451,1,ERROR-null-result,
1756935051996,NaN,-1,false,0,2768452,1,ERROR-null-result,
1756935052004,NaN,-1,false,0,2768453,1,ERROR-null-result,
1756935052011,NaN,-1,false,0,2768453,1,ERROR-null-result,
1756935052013,NaN,-1,false,0,2768454,1,ERROR-null-result,
1756935052016,NaN,-1,false,0,2768455,1,ERROR-null-result,
1756935052019,NaN,-1,false,0,2768455,1,ERROR-null-result,
1756935052019,NaN,-1,false,0,2768456,1,ERROR-null-result,
1756935052025,NaN,-1,false,0,2768457,1,ERROR-null-result,
1756935052029,NaN,-1,false,0,2768457,5,ERROR-null-result,
1756935052032,NaN,-1,false,0,2768458,1,ERROR-null-result,
1756935052039,NaN,-1,false,0,2768460,1,ERROR-null-result,
1756935052042,NaN,-1,false,0,2768461,7,ERROR-null-result,
1756935052054,NaN,-1,false,0,2768461,1,ERROR-null-result,
1756935052054,NaN,-1,false,0,2768462,1,ERROR-null-result,
1756935052060,NaN,-1,false,0,2768463,6,ERROR-null-result,
1756935052069,NaN,-1,false,0,2768464,1,ERROR-null-result,
1756935052069,NaN,-1,false,0,2768465,1,ERROR-null-result,
1756935052075,NaN,-1,false,0,2768465,1,ERROR-null-result,
1756935052085,NaN,-1,false,0,2768466,1,ERROR-null-result,
1756935052090,NaN,-1,false,0,2768468,7,ERROR-null-result,
1756935052103,NaN,-1,false,0,2768470,3,ERROR-null-result,
1756935052116,NaN,-1,false,0,2768471,2,ERROR-null-result,
1756935052122,NaN,-1,false,0,2768471,1,ERROR-null-result,
1756935052125,NaN,-1,false,0,2768472,7,ERROR-null-result,
1756935052136,NaN,-1,false,0,2768473,2,ERROR-null-result,
1756935052152,NaN,-1,false,0,2768474,3,ERROR-null-result,
1756935052160,NaN,-1,false,0,2768475,6,ERROR-null-result,
1756935052172,NaN,-1,false,0,2768476,12,ERROR-null-result,
1756935052188,NaN,-1,false,0,2768476,2,ERROR-null-result,
1756935052194,NaN,-1,false,0,2768477,1,ERROR-null-result,
1756935052200,NaN,-1,false,0,2768478,1,ERROR-null-result,
1756935052200,NaN,-1,false,0,2768478,6,ERROR-null-result,
1756935052211,NaN,-1,false,0,2768479,1,ERROR-null-result,
1756935052216,NaN,-1,false,0,2768480,1,ERROR-null-result,
1756935052218,NaN,-1,false,0,2768481,6,ERROR-null-result,
1756935052228,NaN,-1,false,0,2768481,1,ERROR-null-result,
1756935052229,NaN,-1,false,0,2768482,1,ERROR-null-result,
1756935052232,NaN,-1,false,0,2768483,1,ERROR-null-result,
1756935052234,NaN,-1,false,0,2768484,7,ERROR-null-result,
1756935052236,NaN,-1,false,0,2768484,1,ERROR-null-result,
1756935052236,NaN,-1,false,0,2768485,1,ERROR-null-result,
1756935052236,NaN,-1,false,0,2768486,1,ERROR-null-result,
1756935052255,NaN,-1,false,0,2768486,1,ERROR-null-result,
1756935052255,NaN,-1,false,0,2768488,1,ERROR-null-result,
1756935052255,NaN,-1,false,0,2768488,1,ERROR-null-result,
1756935052255,NaN,-1,false,0,2768489,1,ERROR-null-result,
1756935052265,NaN,-1,false,0,2768490,1,ERROR-null-result,
1756935052269,NaN,-1,false,0,2768491,1,ERROR-null-result,
1756935052269,NaN,-1,false,0,2768491,1,ERROR-null-result,
1756935052269,NaN,-1,false,0,2768492,1,ERROR-null-result,
1756935052280,NaN,-1,false,0,2768493,1,ERROR-null-result,
1756935052280,NaN,-1,false,0,2768493,5,ERROR-null-result,
1756935052288,NaN,-1,false,0,2768494,1,ERROR-null-result,
1756935052288,NaN,-1,false,0,2768495,1,ERROR-null-result,
1756935052288,NaN,-1,false,0,2768496,1,ERROR-null-result,
1756935052288,NaN,-1,false,0,2768497,1,ERROR-null-result,
1756935052298,NaN,-1,false,0,2768497,6,ERROR-null-result,
1756935052305,NaN,-1,false,0,2768499,1,ERROR-null-result,
1756935052307,NaN,-1,false,0,2768500,1,ERROR-null-result,
1756935052307,NaN,-1,false,0,2768501,1,ERROR-null-result,
1756935052313,NaN,-1,false,0,2768501,1,ERROR-null-result,
1756935052316,NaN,-1,false,0,2768503,1,ERROR-null-result,
1756935052316,NaN,-1,false,0,2768504,1,ERROR-null-result,
1756935052326,NaN,-1,false,0,2768504,1,ERROR-null-result,
1756935052336,NaN,-1,false,0,2768505,1,ERROR-null-result,
1756935052338,NaN,-1,false,0,2768506,5,ERROR-null-result,
1756935052353,NaN,-1,false,0,2768506,2,ERROR-null-result,
1756935052360,NaN,-1,false,0,2768507,1,ERROR-null-result,
1756935052368,NaN,-1,false,0,2768508,1,ERROR-null-result,
1756935052370,NaN,-1,false,0,2768508,1,ERROR-null-result,
1756935052373,NaN,-1,false,0,2768509,1,ERROR-null-result,
1756935052386,NaN,-1,false,0,2768510,1,ERROR-null-result,
1756935052391,NaN,-1,false,0,2768511,1,ERROR-null-result,
1756935052399,NaN,-1,false,0,2768511,1,ERROR-null-result,
1756935052401,NaN,-1,false,0,2768512,1,ERROR-null-result,
1756935052404,NaN,-1,false,0,2768513,1,ERROR-null-result,
1756935052406,NaN,-1,false,0,2768513,6,ERROR-null-result,
1756935052417,NaN,-1,false,0,2768514,1,ERROR-null-result,
1756935052430,NaN,-1,false,0,2768515,1,ERROR-null-result,
1756935052434,NaN,-1,false,0,2768515,1,ERROR-null-result,
1756935052439,NaN,-1,false,0,2768516,6,ERROR-null-result,
1756935052447,NaN,-1,false,0,2768517,1,ERROR-null-result,
1756935052449,NaN,-1,false,0,2768517,1,ERROR-null-result,
1756935052452,NaN,-1,false,0,2768518,1,ERROR-null-result,
1756935052454,NaN,-1,false,0,2768519,6,ERROR-null-result,
1756935052462,NaN,-1,false,0,2768519,1,ERROR-null-result,
1756935052464,NaN,-1,false,0,2768521,1,ERROR-null-result,
1756935052468,NaN,-1,false,0,2768521,1,ERROR-null-result,
1756935052471,NaN,-1,false,0,2768522,5,ERROR-null-result,
1756935052479,NaN,-1,false,0,2768523,1,ERROR-null-result,
1756935052479,NaN,-1,false,0,2768524,1,ERROR-null-result,
1756935052485,NaN,-1,false,0,2768525,6,ERROR-null-result,
1756935052490,NaN,-1,false,0,2768525,1,ERROR-null-result,
1756935052490,NaN,-1,false,0,2768526,1,ERROR-null-result,
1756935052490,NaN,-1,false,0,2768527,1,ERROR-null-result,
1756935052490,NaN,-1,false,0,2768527,1,ERROR-null-result,
1756935052502,NaN,-1,false,0,2768528,1,ERROR-null-result,
1756935052502,NaN,-1,false,0,2768529,1,ERROR-null-result,
1756935052502,NaN,-1,false,0,2768529,1,ERROR-null-result,
1756935052502,NaN,-1,false,0,2768530,1,ERROR-null-result,
1756935052502,NaN,-1,false,0,2768531,6,ERROR-null-result,
1756935052522,NaN,-1,false,0,2768531,1,ERROR-null-result,
1756935052522,NaN,-1,false,0,2768532,1,ERROR-null-result,
1756935052522,NaN,-1,false,0,2768533,1,ERROR-null-result,
1756935052533,NaN,-1,false,0,2768533,1,ERROR-null-result,
1756935052537,NaN,-1,false,0,2768535,1,ERROR-null-result,
1756935052537,NaN,-1,false,0,2768535,1,ERROR-null-result,
1756935052544,NaN,-1,false,0,2768536,1,ERROR-null-result,
1756935052544,NaN,-1,false,0,2768537,1,ERROR-null-result,
1756935052555,NaN,-1,false,0,2768537,1,ERROR-null-result,
1756935052559,NaN,-1,false,0,2768538,1,ERROR-null-result,
1756935052562,NaN,-1,false,0,2768538,1,ERROR-null-result,
1756935052565,NaN,-1,false,0,2768539,6,ERROR-null-result,
1756935052573,NaN,-1,false,0,2768540,1,ERROR-null-result,
1756935052576,NaN,-1,false,0,2768541,1,ERROR-null-result,
1756935052581,NaN,-1,false,0,2768542,7,ERROR-null-result,
1756935052590,NaN,-1,false,0,2768542,1,ERROR-null-result,
1756935052593,NaN,-1,false,0,2768543,1,ERROR-null-result,
1756935052597,NaN,-1,false,0,2768544,6,ERROR-null-result,
1756935052606,NaN,-1,false,0,2768545,1,ERROR-null-result,
1756935052609,NaN,-1,false,0,2768545,8,ERROR-null-result,
1756935052624,NaN,-1,false,0,2768546,1,ERROR-null-result,
1756935052634,NaN,-1,false,0,2768547,1,ERROR-null-result,
1756935052636,NaN,-1,false,0,2768547,1,ERROR-null-result,
1756935052639,NaN,-1,false,0,2768548,1,ERROR-null-result,
1756935052641,NaN,-1,false,0,2768549,1,ERROR-null-result,
1756935052651,NaN,-1,false,0,2768549,1,ERROR-null-result,
1756935052651,NaN,-1,false,0,2768550,1,ERROR-null-result,
1756935052655,NaN,-1,false,0,2768551,1,ERROR-null-result,
1756935052655,NaN,-1,false,0,2768551,1,ERROR-null-result,
1756935052668,NaN,-1,false,0,2768552,4,ERROR-null-result,
1756935052678,NaN,-1,false,0,2768553,1,ERROR-null-result,
1756935052678,NaN,-1,false,0,2768554,1,ERROR-null-result,
1756935052678,NaN,-1,false,0,2768554,1,ERROR-null-result,
1756935052678,NaN,-1,false,0,2768555,1,ERROR-null-result,
1756935052691,NaN,-1,false,0,2768556,1,ERROR-null-result,
1756935052691,NaN,-1,false,0,2768556,1,ERROR-null-result,
1756935052691,NaN,-1,false,0,2768557,1,ERROR-null-result,
1756935052691,NaN,-1,false,0,2768558,1,ERROR-null-result,
1756935052707,NaN,-1,false,0,2768558,5,ERROR-null-result,
1756935052714,NaN,-1,false,0,2768559,1,ERROR-null-result,
1756935052714,NaN,-1,false,0,2768560,1,ERROR-null-result,
1756935052720,NaN,-1,false,0,2768560,1,ERROR-null-result,
1756935052724,NaN,-1,false,0,2768561,1,ERROR-null-result,
1756935052724,NaN,-1,false,0,2768562,1,ERROR-null-result,
1756935052724,NaN,-1,false,0,2768562,1,ERROR-null-result,
1756935052724,NaN,-1,false,0,2768563,1,ERROR-null-result,
1756935052742,NaN,-1,false,0,2768564,1,ERROR-null-result,
1756935052745,NaN,-1,false,0,2768564,1,ERROR-null-result,
1756935052749,NaN,-1,false,0,2768566,1,ERROR-null-result,
1756935052749,NaN,-1,false,0,2768567,1,ERROR-null-result,
1756935052760,NaN,-1,false,0,2768568,1,ERROR-null-result,
1756935052760,NaN,-1,false,0,2768568,1,ERROR-null-result,
1756935052760,NaN,-1,false,0,2768570,1,ERROR-null-result,
1756935052760,NaN,-1,false,0,2768570,1,ERROR-null-result,
1756935052775,NaN,-1,false,0,2768571,1,ERROR-null-result,
1756935052777,NaN,-1,false,0,2768572,1,ERROR-null-result,
1756935052777,NaN,-1,false,0,2768573,1,ERROR-null-result,
1756935052777,NaN,-1,false,0,2768573,1,ERROR-null-result,
1756935052789,NaN,-1,false,0,2768574,1,ERROR-null-result,
1756935052789,NaN,-1,false,0,2768575,1,ERROR-null-result,
1756935052789,NaN,-1,false,0,2768575,1,ERROR-null-result,
1756935052805,NaN,-1,false,0,2768576,1,ERROR-null-result,
1756935052811,NaN,-1,false,0,2768577,1,ERROR-null-result,
1756935052813,NaN,-1,false,0,2768577,1,ERROR-null-result,
1756935052822,NaN,-1,false,0,2768578,1,ERROR-null-result,
1756935052822,NaN,-1,false,0,2768579,1,ERROR-null-result,
1756935052830,NaN,-1,false,0,2768580,1,ERROR-null-result,
1756935052833,NaN,-1,false,0,2768580,5,ERROR-null-result,
1756935052833,NaN,-1,false,0,2768582,1,ERROR-null-result,
1756935052845,NaN,-1,false,0,2768583,1,ERROR-null-result,
1756935052845,NaN,-1,false,0,2768583,14,ERROR-null-result,
1756935052873,NaN,-1,false,0,2768584,2,ERROR-null-result,
1756935052885,NaN,-1,false,0,2768585,1,ERROR-null-result,
1756935052887,NaN,-1,false,0,2768586,1,ERROR-null-result,
1756935052887,NaN,-1,false,0,2768586,1,ERROR-null-result,
1756935052887,NaN,-1,false,0,2768587,1,ERROR-null-result,
1756935052897,NaN,-1,false,0,2768588,1,ERROR-null-result,
1756935052905,NaN,-1,false,0,2768588,1,ERROR-null-result,
1756935052905,NaN,-1,false,0,2768589,1,ERROR-null-result,
1756935052905,NaN,-1,false,0,2768590,6,ERROR-null-result,
1756935052912,NaN,-1,false,0,2768590,1,ERROR-null-result,
1756935052980,NaN,-1,false,0,2768591,1,ERROR-null-result,
1756935052983,NaN,-1,false,0,2768592,1,ERROR-null-result,
1756935052985,NaN,-1,false,0,2768592,1,ERROR-null-result,
1756935052987,NaN,-1,false,0,2768593,1,ERROR-null-result,
1756935052991,NaN,-1,false,0,2768594,1,ERROR-null-result,
1756935052991,NaN,-1,false,0,2768594,1,ERROR-null-result,
1756935052997,NaN,-1,false,0,2768595,6,ERROR-null-result,
1756935053005,NaN,-1,false,0,2768596,1,ERROR-null-result,
1756935053007,NaN,-1,false,0,2768597,1,ERROR-null-result,
1756935053013,NaN,-1,false,0,2768597,6,ERROR-null-result,
1756935053022,NaN,-1,false,0,2768598,1,ERROR-null-result,
1756935053025,NaN,-1,false,0,2768599,1,ERROR-null-result,
1756935053034,NaN,-1,false,0,2768600,1,ERROR-null-result,
1756935053036,NaN,-1,false,0,2768600,1,ERROR-null-result,
1756935053041,NaN,-1,false,0,2768602,1,ERROR-null-result,
1756935053043,NaN,-1,false,0,2768602,5,ERROR-null-result,
1756935053050,NaN,-1,false,0,2768603,1,ERROR-null-result,
1756935053053,NaN,-1,false,0,2768604,1,ERROR-null-result,
1756935053055,NaN,-1,false,0,2768604,1,ERROR-null-result,
1756935053058,NaN,-1,false,0,2768605,1,ERROR-null-result,
1756935053063,NaN,-1,false,0,2768606,1,ERROR-null-result,
1756935053068,NaN,-1,false,0,2768607,1,ERROR-null-result,
1756935053070,NaN,-1,false,0,2768607,1,ERROR-null-result,
1756935053073,NaN,-1,false,0,2768608,1,ERROR-null-result,
1756935053075,NaN,-1,false,0,2768609,1,ERROR-null-result,
1756935053083,NaN,-1,false,0,2768610,1,ERROR-null-result,
1756935053086,NaN,-1,false,0,2768611,1,ERROR-null-result,
1756935053089,NaN,-1,false,0,2768611,1,ERROR-null-result,
1756935053097,NaN,-1,false,0,2768612,1,ERROR-null-result,
1756935053104,NaN,-1,false,0,2768613,1,ERROR-null-result,
1756935053113,NaN,-1,false,0,2768613,1,ERROR-null-result,
1756935053113,NaN,-1,false,0,2768614,1,ERROR-null-result,
1756935053121,NaN,-1,false,0,2768615,1,ERROR-null-result,
1756935053121,NaN,-1,false,0,2768615,1,ERROR-null-result,
1756935053130,NaN,-1,false,0,2768616,1,ERROR-null-result,
1756935053136,NaN,-1,false,0,2768617,1,ERROR-null-result,
1756935053136,NaN,-1,false,0,2768617,1,ERROR-null-result,
1756935053149,NaN,-1,false,0,2768618,1,ERROR-null-result,
1756935053155,NaN,-1,false,0,2768619,1,ERROR-null-result,
1756935053156,NaN,-1,false,0,2768619,1,ERROR-null-result,
1756935053160,NaN,-1,false,0,2768620,6,ERROR-null-result,
1756935053168,NaN,-1,false,0,2768621,1,ERROR-null-result,
1756935053172,NaN,-1,false,0,2768622,1,ERROR-null-result,
1756935053180,NaN,-1,false,0,2768623,1,ERROR-null-result,
1756935053180,NaN,-1,false,0,2768623,1,ERROR-null-result,
1756935053187,NaN,-1,false,0,2768624,1,ERROR-null-result,
1756935053187,NaN,-1,false,0,2768625,1,ERROR-null-result,
1756935053197,NaN,-1,false,0,2768626,1,ERROR-null-result,
1756935053197,NaN,-1,false,0,2768627,2,ERROR-null-result,
1756935053203,NaN,-1,false,0,2768627,1,ERROR-null-result,
1756935053208,NaN,-1,false,0,2768628,1,ERROR-null-result,
1756935053208,NaN,-1,false,0,2768629,1,ERROR-null-result,
1756935053208,NaN,-1,false,0,2768630,1,ERROR-null-result,
1756935053208,NaN,-1,false,0,2768631,1,ERROR-null-result,
1756935053208,NaN,-1,false,0,2768631,5,ERROR-null-result,
1756935053231,NaN,-1,false,0,2768633,1,ERROR-null-result,
1756935053235,NaN,-1,false,0,2768634,1,ERROR-null-result,
1756935053235,NaN,-1,false,0,2768634,1,ERROR-null-result,
1756935053244,NaN,-1,false,0,2768635,1,ERROR-null-result,
1756935053246,NaN,-1,false,0,2768635,1,ERROR-null-result,
1756935053249,NaN,-1,false,0,2768636,1,ERROR-null-result,
1756935053263,NaN,-1,false,0,2768637,1,ERROR-null-result,
1756935053267,NaN,-1,false,0,2768637,1,ERROR-null-result,
1756935053279,NaN,-1,false,0,2768638,1,ERROR-null-result,
1756935053289,NaN,-1,false,0,2768639,1,ERROR-null-result,
1756935053292,NaN,-1,false,0,2768640,1,ERROR-null-result,
1756935053295,NaN,-1,false,0,2768641,1,ERROR-null-result,
1756935053298,NaN,-1,false,0,2768641,1,ERROR-null-result,
1756935053301,NaN,-1,false,0,2768642,6,ERROR-null-result,
1756935053311,NaN,-1,false,0,2768643,1,ERROR-null-result,
1756935053314,NaN,-1,false,0,2768643,1,ERROR-null-result,
1756935053323,NaN,-1,false,0,2768644,1,ERROR-null-result,
1756935053328,NaN,-1,false,0,2768645,1,ERROR-null-result,
1756935053338,NaN,-1,false,0,2768645,2,ERROR-null-result,
1756935053343,NaN,-1,false,0,2768647,1,ERROR-null-result,
1756935053346,NaN,-1,false,0,2768647,1,ERROR-null-result,
1756935053355,NaN,-1,false,0,2768648,1,ERROR-null-result,
1756935053356,NaN,-1,false,0,2768649,1,ERROR-null-result,
1756935053361,NaN,-1,false,0,2768649,1,ERROR-null-result,
1756935053363,NaN,-1,false,0,2768651,18,ERROR-null-result,
1756935053383,NaN,-1,false,0,2768651,1,ERROR-null-result,
1756935053386,NaN,-1,false,0,2768652,1,ERROR-null-result,
1756935053389,NaN,-1,false,0,2768653,1,ERROR-null-result,
1756935053391,NaN,-1,false,0,2768653,1,ERROR-null-result,
1756935053393,NaN,-1,false,0,2768654,1,ERROR-null-result,
1756935053401,NaN,-1,false,0,2768655,1,ERROR-null-result,
1756935053404,NaN,-1,false,0,2768655,1,ERROR-null-result,
1756935053406,NaN,-1,false,0,2768656,1,ERROR-null-result,
1756935053419,NaN,-1,false,0,2768657,1,ERROR-null-result,
1756935053423,NaN,-1,false,0,2768657,1,ERROR-null-result,
1756935053432,NaN,-1,false,0,2768658,1,ERROR-null-result,
1756935053439,NaN,-1,false,0,2768659,1,ERROR-null-result,
1756935053448,NaN,-1,false,0,2768659,1,ERROR-null-result,
1756935053451,NaN,-1,false,0,2768660,1,ERROR-null-result,
1756935053455,NaN,-1,false,0,2768661,1,ERROR-null-result,
1756935053456,NaN,-1,false,0,2768661,5,ERROR-null-result,
1756935053464,NaN,-1,false,0,2768662,1,ERROR-null-result,
1756935053467,NaN,-1,false,0,2768663,1,ERROR-null-result,
1756935053469,NaN,-1,false,0,2768663,1,ERROR-null-result,
1756935053471,NaN,-1,false,0,2768664,1,ERROR-null-result,
1756935053478,NaN,-1,false,0,2768665,1,ERROR-null-result,
1756935053479,NaN,-1,false,0,2768665,1,ERROR-null-result,
1756935053481,NaN,-1,false,0,2768666,1,ERROR-null-result,
1756935053483,NaN,-1,false,0,2768667,1,ERROR-null-result,
1756935053484,NaN,-1,false,0,2768667,1,ERROR-null-result,
1756935053484,NaN,-1,false,0,2768668,1,ERROR-null-result,
1756935053487,NaN,-1,false,0,2768668,6,ERROR-null-result,
1756935053495,NaN,-1,false,0,2768669,1,ERROR-null-result,
1756935053498,NaN,-1,false,0,2768670,1,ERROR-null-result,
1756935053499,NaN,-1,false,0,2768671,1,ERROR-null-result,
1756935053500,NaN,-1,false,0,2768671,1,ERROR-null-result,
1756935053501,NaN,-1,false,0,2768673,1,ERROR-null-result,
1756935053502,NaN,-1,false,0,2768673,8,ERROR-null-result,
1756935053516,NaN,-1,false,0,2768674,1,ERROR-null-result,
1756935053519,NaN,-1,false,0,2768675,5,ERROR-null-result,
1756935053527,NaN,-1,false,0,2768676,2,ERROR-null-result,
1756935053532,NaN,-1,false,0,2768676,1,ERROR-null-result,
1756935053540,NaN,-1,false,0,2768677,1,ERROR-null-result,
1756935053543,NaN,-1,false,0,2768678,1,ERROR-null-result,
1756935053545,NaN,-1,false,0,2768678,1,ERROR-null-result,
1756935053548,NaN,-1,false,0,2768679,1,ERROR-null-result,
1756935053556,NaN,-1,false,0,2768680,1,ERROR-null-result,
1756935053559,NaN,-1,false,0,2768681,1,ERROR-null-result,
1756935053562,NaN,-1,false,0,2768682,1,ERROR-null-result,
1756935053565,NaN,-1,false,0,2768683,5,ERROR-null-result,
1756935053574,NaN,-1,false,0,2768684,1,ERROR-null-result,
1756935053575,NaN,-1,false,0,2768684,1,ERROR-null-result,
1756935053579,NaN,-1,false,0,2768685,1,ERROR-null-result,
1756935053586,NaN,-1,false,0,2768686,1,ERROR-null-result,
1756935053589,NaN,-1,false,0,2768686,1,ERROR-null-result,
1756935053591,NaN,-1,false,0,2768687,1,ERROR-null-result,
1756935053593,NaN,-1,false,0,2768688,1,ERROR-null-result,
1756935053595,NaN,-1,false,0,2768689,1,ERROR-null-result,
1756935053602,NaN,-1,false,0,2768690,2,ERROR-null-result,
1756935053606,NaN,-1,false,0,2768690,1,ERROR-null-result,
1756935053609,NaN,-1,false,0,2768691,1,ERROR-null-result,
1756935053613,NaN,-1,false,0,2768692,1,ERROR-null-result,
1756935053618,NaN,-1,false,0,2768693,1,ERROR-null-result,
1756935053620,NaN,-1,false,0,2768693,1,ERROR-null-result,
1756935053625,NaN,-1,false,0,2768694,1,ERROR-null-result,
1756935053627,NaN,-1,false,0,2768695,1,ERROR-null-result,
1756935053628,NaN,-1,false,0,2768695,6,ERROR-null-result,
1756935053636,NaN,-1,false,0,2768696,1,ERROR-null-result,
1756935053639,NaN,-1,false,0,2768697,1,ERROR-null-result,
1756935053641,NaN,-1,false,0,2768697,1,ERROR-null-result,
1756935053642,NaN,-1,false,0,2768698,1,ERROR-null-result,
1756935053650,NaN,-1,false,0,2768699,1,ERROR-null-result,
1756935053654,NaN,-1,false,0,2768700,1,ERROR-null-result,
1756935053657,NaN,-1,false,0,2768701,1,ERROR-null-result,
1756935053664,NaN,-1,false,0,2768701,1,ERROR-null-result,
1756935053667,NaN,-1,false,0,2768702,1,ERROR-null-result,
1756935053669,NaN,-1,false,0,2768703,1,ERROR-null-result,
1756935053671,NaN,-1,false,0,2768703,1,ERROR-null-result,
1756935053673,NaN,-1,false,0,2768704,1,ERROR-null-result,
1756935053681,NaN,-1,false,0,2768705,1,ERROR-null-result,
1756935053683,NaN,-1,false,0,2768706,1,ERROR-null-result,
1756935053687,NaN,-1,false,0,2768706,1,ERROR-null-result,
1756935053702,NaN,-1,false,0,2768707,1,ERROR-null-result,
1756935053712,NaN,-1,false,0,2768707,5,ERROR-null-result,
1756935053737,NaN,-1,false,0,2768708,1,ERROR-null-result,
1756992470089,NaN,-1,false,0,2768710,3,ERROR-null-result,
1756992470541,NaN,-1,false,0,2768711,34,ERROR-null-result,
1756992470625,NaN,-1,false,0,2768712,26,ERROR-null-result,
1756992470715,NaN,-1,false,0,2768714,31,ERROR-null-result,
1756992470807,NaN,-1,false,0,2768715,24,ERROR-null-result,
1756992470918,NaN,-1,false,0,2768716,8,ERROR-null-result,
1756992470969,NaN,-1,false,0,2768717,7,ERROR-null-result,
1756992471001,NaN,-1,false,0,2768718,23,ERROR-null-result,
1756992471036,NaN,-1,false,0,2768719,2,ERROR-null-result,
1756992471074,NaN,-1,false,0,2768720,8,ERROR-null-result,
1756992471102,NaN,-1,false,0,2768722,23,ERROR-null-result,
1756992471169,NaN,-1,false,0,2768723,3,ERROR-null-result,
1756992471219,NaN,-1,false,0,2768724,1,ERROR-null-result,
1756992471297,NaN,-1,false,0,2768725,7,ERROR-null-result,
1756992471373,NaN,-1,false,0,2768726,360,ERROR-null-result,
1756992471982,NaN,-1,false,0,2768727,17,ERROR-null-result,
1756992472028,NaN,-1,false,0,2768729,28,ERROR-null-result,
1756992472083,NaN,-1,false,0,2768730,2,ERROR-null-result,
1756992472116,NaN,-1,false,0,2768732,16,ERROR-null-result,
1756992472171,NaN,-1,false,0,2768733,2,ERROR-null-result,
1756992472210,NaN,-1,false,0,2768734,4,ERROR-null-result,
1756992472245,NaN,-1,false,0,2768735,12,ERROR-null-result,
1756992472290,NaN,-1,false,0,2768736,5,ERROR-null-result,
1756992472322,NaN,-1,false,0,2768737,4,ERROR-null-result,
1756992472357,NaN,-1,false,0,2768738,4,ERROR-null-result,
1756992472383,NaN,-1,false,0,2768739,4,ERROR-null-result,
1756992472416,NaN,-1,false,0,2768740,3,ERROR-null-result,
1756992472443,NaN,-1,false,0,2768741,4,ERROR-null-result,
1756992472474,NaN,-1,false,0,2768742,4,ERROR-null-result,
1756992472553,NaN,-1,false,0,2768743,11,ERROR-null-result,
1756992472597,NaN,-1,false,0,2768745,17,ERROR-null-result,
1756992472650,NaN,-1,false,0,2768746,6,ERROR-null-result,
1756992472686,NaN,-1,false,0,2768747,3,ERROR-null-result,
1756992472725,NaN,-1,false,0,2768748,16,ERROR-null-result,
1756992472780,NaN,-1,false,0,2768749,11,ERROR-null-result,
1756992472825,NaN,-1,false,0,2768751,3,ERROR-null-result,
1756992472874,NaN,-1,false,0,2768752,9,ERROR-null-result,
1756992472914,NaN,-1,false,0,2768753,2,ERROR-null-result,
1756992472949,NaN,-1,false,0,2768754,4,ERROR-null-result,
1756992472991,NaN,-1,false,0,2768755,4,ERROR-null-result,
1756992473029,NaN,-1,false,0,2768757,21,ERROR-null-result,
1756992473093,NaN,-1,false,0,2768758,21,ERROR-null-result,
1756992473157,NaN,-1,false,0,2768759,9,ERROR-null-result,
1756992473206,NaN,-1,false,0,2768760,4,ERROR-null-result,
1756992473241,NaN,-1,false,0,2768761,16,ERROR-null-result,
1756992473314,NaN,-1,false,0,2768762,6,ERROR-null-result,
1756992473564,NaN,-1,false,0,2768763,15,ERROR-null-result,
1756992473608,NaN,-1,false,0,2768765,11,ERROR-null-result,
1756992473671,NaN,-1,false,0,2768766,15,ERROR-null-result,
1756992473740,NaN,-1,false,0,2768767,3,ERROR-null-result,
1756992473776,NaN,-1,false,0,2768768,6,ERROR-null-result,
1756992473828,NaN,-1,false,0,2768769,5,ERROR-null-result,
1756992473863,NaN,-1,false,0,2768770,2,ERROR-null-result,
1756992473908,NaN,-1,false,0,2768771,14,ERROR-null-result,
1756992473963,NaN,-1,false,0,2768772,14,ERROR-null-result,
1756992474002,NaN,-1,false,0,2768773,19,ERROR-null-result,
1756992474061,NaN,-1,false,0,2768774,25,ERROR-null-result,
1756992474158,NaN,-1,false,0,2768775,5,ERROR-null-result,
1756992474212,NaN,-1,false,0,2768776,6,ERROR-null-result,
1756992474251,NaN,-1,false,0,2768777,5,ERROR-null-result,
1756992474296,NaN,-1,false,0,2768778,22,ERROR-null-result,
1756992474364,NaN,-1,false,0,2768779,16,ERROR-null-result,
1756992474419,NaN,-1,false,0,2768780,4,ERROR-null-result,
1756992474477,NaN,-1,false,0,2768781,22,ERROR-null-result,
1756992474541,NaN,-1,false,0,2768782,12,ERROR-null-result,
1756992474587,NaN,-1,false,0,2768783,4,ERROR-null-result,
1756992474631,NaN,-1,false,0,2768784,14,ERROR-null-result,
1756992474735,NaN,-1,false,0,2768785,16,ERROR-null-result,
1756992474792,NaN,-1,false,0,2768786,14,ERROR-null-result,
1756992474855,NaN,-1,false,0,2768787,6,ERROR-null-result,
1756992474916,NaN,-1,false,0,2768788,13,ERROR-null-result,
1756992474980,NaN,-1,false,0,2768789,14,ERROR-null-result,
1756992475050,NaN,-1,false,0,2768790,29,ERROR-null-result,
1756992475148,NaN,-1,false,0,2768791,15,ERROR-null-result,
1756992475252,NaN,-1,false,0,2768792,33,ERROR-null-result,
1756992475342,NaN,-1,false,0,2768793,16,ERROR-null-result,
1756992475425,NaN,-1,false,0,2768794,6,ERROR-null-result,
1756992475475,NaN,-1,false,0,2768795,18,ERROR-null-result,
1756992475540,NaN,-1,false,0,2768796,17,ERROR-null-result,
1756992475609,NaN,-1,false,0,2768797,13,ERROR-null-result,
1756992475676,NaN,-1,false,0,2768798,19,ERROR-null-result,
1756992475751,NaN,-1,false,0,2768799,22,ERROR-null-result,
1756992475832,NaN,-1,false,0,2768800,5,ERROR-null-result,
1756992475875,NaN,-1,false,0,2768801,18,ERROR-null-result,
1756992475932,NaN,-1,false,0,2768803,18,ERROR-null-result,
1756992476007,NaN,-1,false,0,2768804,7,ERROR-null-result,
1756992476088,NaN,-1,false,0,2768805,16,ERROR-null-result,
1756992476175,NaN,-1,false,0,2768806,20,ERROR-null-result,
1756992476238,NaN,-1,false,0,2768807,15,ERROR-null-result,
1756992476293,NaN,-1,false,0,2768808,18,ERROR-null-result,
1756992476614,NaN,-1,false,0,2768809,27,ERROR-null-result,
1756992476686,NaN,-1,false,0,2768810,17,ERROR-null-result,
1756992476813,NaN,-1,false,0,2768811,21,ERROR-null-result,
1756992476897,NaN,-1,false,0,2768812,20,ERROR-null-result,
1756992477005,NaN,-1,false,0,2768813,39,ERROR-null-result,
1756992477161,NaN,-1,false,0,2768814,35,ERROR-null-result,
1756992477322,NaN,-1,false,0,2768815,31,ERROR-null-result,
1756992477476,NaN,-1,false,0,2768816,37,ERROR-null-result,
1756992477627,NaN,-1,false,0,2768817,34,ERROR-null-result,
1756992477774,NaN,-1,false,0,2768819,70,ERROR-null-result,
1756992477939,NaN,-1,false,0,2768820,27,ERROR-null-result,
1756992478087,NaN,-1,false,0,2768821,48,ERROR-null-result,
1756992478250,NaN,-1,false,0,2768822,40,ERROR-null-result,
1756992478420,NaN,-1,false,0,2768823,28,ERROR-null-result,
1756992478558,NaN,-1,false,0,2768824,47,ERROR-null-result,
1756992478769,NaN,-1,false,0,2768826,109,ERROR-null-result,
1756992478975,NaN,-1,false,0,2768827,39,ERROR-null-result,
1756992479209,NaN,-1,false,0,2768828,24,ERROR-null-result,
1756992479353,NaN,-1,false,0,2768829,36,ERROR-null-result,
1756992479486,NaN,-1,false,0,2768830,42,ERROR-null-result,
1756992479660,NaN,-1,false,0,2768831,40,ERROR-null-result,
1756992479810,NaN,-1,false,0,2768832,23,ERROR-null-result,
1756992479976,NaN,-1,false,0,2768833,36,ERROR-null-result,
1756992480147,NaN,-1,false,0,2768834,36,ERROR-null-result,
1756992480334,NaN,-1,false,0,2768835,26,ERROR-null-result,
1756992480479,NaN,-1,false,0,2768836,25,ERROR-null-result,
1756992480612,NaN,-1,false,0,2768837,39,ERROR-null-result,
1756992480729,NaN,-1,false,0,2768838,17,ERROR-null-result,
1756992480836,NaN,-1,false,0,2768840,121,ERROR-null-result,
1756992481099,NaN,-1,false,0,2768841,42,ERROR-null-result,
1756992481300,NaN,-1,false,0,2768842,53,ERROR-null-result,
1756992481538,NaN,-1,false,0,2768843,29,ERROR-null-result,
1756992481700,NaN,-1,false,0,2768844,21,ERROR-null-result,
1756992481807,NaN,-1,false,0,2768845,19,ERROR-null-result,
1756992481941,NaN,-1,false,0,2768846,32,ERROR-null-result,
1756992482090,NaN,-1,false,0,2768847,26,ERROR-null-result,
1756992482215,NaN,-1,false,0,2768848,18,ERROR-null-result,
1756992482297,NaN,-1,false,0,2768849,6,ERROR-null-result,
1756992482382,NaN,-1,false,0,2768850,8,ERROR-null-result,
1756992482430,NaN,-1,false,0,2768851,23,ERROR-null-result,
1756992482525,NaN,-1,false,0,2768852,32,ERROR-null-result,
1756992482669,NaN,-1,false,0,2768853,30,ERROR-null-result,
1756992482814,NaN,-1,false,0,2768854,24,ERROR-null-result,
1756992483024,NaN,-1,false,0,2768855,45,ERROR-null-result,
1756992483149,NaN,-1,false,0,2768856,21,ERROR-null-result,
1756992483342,NaN,-1,false,0,2768857,43,ERROR-null-result,
1756992483466,NaN,-1,false,0,2768858,20,ERROR-null-result,
1756992483585,NaN,-1,false,0,2768859,19,ERROR-null-result,
1756992483671,NaN,-1,false,0,2768860,7,ERROR-null-result,
1756992483765,NaN,-1,false,0,2768861,18,ERROR-null-result,
1756992483850,NaN,-1,false,0,2768862,25,ERROR-null-result,
1756992483969,NaN,-1,false,0,2768863,17,ERROR-null-result,
1756992484061,NaN,-1,false,0,2768864,25,ERROR-null-result,
1756992484154,NaN,-1,false,0,2768865,18,ERROR-null-result,
1756992484254,NaN,-1,false,0,2768866,35,ERROR-null-result,
1756992484395,NaN,-1,false,0,2768867,41,ERROR-null-result,
1756992484496,NaN,-1,false,0,2768868,25,ERROR-null-result,
1756992484645,NaN,-1,false,0,2768869,15,ERROR-null-result,
1756992484743,NaN,-1,false,0,2768870,15,ERROR-null-result,
1756992484820,NaN,-1,false,0,2768872,32,ERROR-null-result,
1756992485031,NaN,-1,false,0,2768873,26,ERROR-null-result,
1756992485180,NaN,-1,false,0,2768874,19,ERROR-null-result,
1756992485318,NaN,-1,false,0,2768875,39,ERROR-null-result,
1756992485465,NaN,-1,false,0,2768876,17,ERROR-null-result,
1756992485565,NaN,-1,false,0,2768877,14,ERROR-null-result,
1756992485660,NaN,-1,false,0,2768878,16,ERROR-null-result,
1756992485754,NaN,-1,false,0,2768879,38,ERROR-null-result,
1756992485868,NaN,-1,false,0,2768880,11,ERROR-null-result,
1756992485928,NaN,-1,false,0,2768882,32,ERROR-null-result,
1756992486065,NaN,-1,false,0,2768883,29,ERROR-null-result,
1756992486165,NaN,-1,false,0,2768884,19,ERROR-null-result,
1756992486277,NaN,-1,false,0,2768885,11,ERROR-null-result,
1756992486355,NaN,-1,false,0,2768886,37,ERROR-null-result,
1756992486465,NaN,-1,false,0,2768887,14,ERROR-null-result,
1756992486532,NaN,-1,false,0,2768888,15,ERROR-null-result,
1756992486601,NaN,-1,false,0,2768889,16,ERROR-null-result,
1756992486657,NaN,-1,false,0,2768890,11,ERROR-null-result,
1756992486711,NaN,-1,false,0,2768891,14,ERROR-null-result,
1756992486766,NaN,-1,false,0,2768892,14,ERROR-null-result,
1756992486839,NaN,-1,false,0,2768893,20,ERROR-null-result,
1756992487001,NaN,-1,false,0,2768894,21,ERROR-null-result,
1756992487111,NaN,-1,false,0,2768895,9,ERROR-null-result,
1756992487194,NaN,-1,false,0,2768896,18,ERROR-null-result,
1756992487259,NaN,-1,false,0,2768897,19,ERROR-null-result,
1756992487361,NaN,-1,false,0,2768898,22,ERROR-null-result,
1756992487452,NaN,-1,false,0,2768899,14,ERROR-null-result,
1756992487529,NaN,-1,false,0,2768900,11,ERROR-null-result,
1756992487600,NaN,-1,false,0,2768901,13,ERROR-null-result,
1756992487691,NaN,-1,false,0,2768902,6,ERROR-null-result,
1756992487748,NaN,-1,false,0,2768903,12,ERROR-null-result,
1756992487823,NaN,-1,false,0,2768904,15,ERROR-null-result,
1756992487902,NaN,-1,false,0,2768905,15,ERROR-null-result,
1756992487980,NaN,-1,false,0,2768906,17,ERROR-null-result,
1756992488065,NaN,-1,false,0,2768907,26,ERROR-null-result,
1756992488160,NaN,-1,false,0,2768908,16,ERROR-null-result,
1756992488234,NaN,-1,false,0,2768909,18,ERROR-null-result,
1756992488307,NaN,-1,false,0,2768910,15,ERROR-null-result,
1756992488391,NaN,-1,false,0,2768911,35,ERROR-null-result,
1756992488493,NaN,-1,false,0,2768912,21,ERROR-null-result,
1756992488570,NaN,-1,false,0,2768913,13,ERROR-null-result,
1756992488622,NaN,-1,false,0,2768914,5,ERROR-null-result,
1756992488669,NaN,-1,false,0,2768915,14,ERROR-null-result,
1756992488729,NaN,-1,false,0,2768916,15,ERROR-null-result,
1756992488902,NaN,-1,false,0,2768917,12,ERROR-null-result,
1756992488975,NaN,-1,false,0,2768918,13,ERROR-null-result,
1756992489068,NaN,-1,false,0,2768919,7,ERROR-null-result,
1756992489129,NaN,-1,false,0,2768920,17,ERROR-null-result,
1756992489211,NaN,-1,false,0,2768921,37,ERROR-null-result,
1756992489326,NaN,-1,false,0,2768923,44,ERROR-null-result,
1756992489433,NaN,-1,false,0,2768924,14,ERROR-null-result,
1756992489522,NaN,-1,false,0,2768925,14,ERROR-null-result,
1756992489585,NaN,-1,false,0,2768926,12,ERROR-null-result,
1756992489649,NaN,-1,false,0,2768927,18,ERROR-null-result,
1756992489728,NaN,-1,false,0,2768929,23,ERROR-null-result,
1756992489823,NaN,-1,false,0,2768930,15,ERROR-null-result,
1756992489901,NaN,-1,false,0,2768931,5,ERROR-null-result,
1756992489980,NaN,-1,false,0,2768932,14,ERROR-null-result,
1756992490064,NaN,-1,false,0,2768933,6,ERROR-null-result,
1756992490121,NaN,-1,false,0,2768934,12,ERROR-null-result,
1756992490195,NaN,-1,false,0,2768935,21,ERROR-null-result,
1756992490279,NaN,-1,false,0,2768936,6,ERROR-null-result,
1756992490334,NaN,-1,false,0,2768937,15,ERROR-null-result,
1756992490399,NaN,-1,false,0,2768938,10,ERROR-null-result,
1756992490458,NaN,-1,false,0,2768939,12,ERROR-null-result,
1756992490525,NaN,-1,false,0,2768940,12,ERROR-null-result,
1756992490644,NaN,-1,false,0,2768941,16,ERROR-null-result,
1756992490728,NaN,-1,false,0,2768942,21,ERROR-null-result,
1756992490802,NaN,-1,false,0,2768944,85,ERROR-null-result,
1756992490943,NaN,-1,false,0,2768945,20,ERROR-null-result,
1756992490974,NaN,-1,false,0,2768945,15,ERROR-null-result,
1756992491016,NaN,-1,false,0,2768946,17,ERROR-null-result,
1756992491091,NaN,-1,false,0,2768947,8,ERROR-null-result,
1756992491137,NaN,-1,false,0,2768947,8,ERROR-null-result,
1756992491180,NaN,-1,false,0,2768948,14,ERROR-null-result,
1756992491234,NaN,-1,false,0,2768949,9,ERROR-null-result,
1756992491262,NaN,-1,false,0,2768949,33,ERROR-null-result,
1756992491332,NaN,-1,false,0,2768950,16,ERROR-null-result,
1756992491399,NaN,-1,false,0,2768951,9,ERROR-null-result,
1756992491429,NaN,-1,false,0,2768951,8,ERROR-null-result,
1756992491494,NaN,-1,false,0,2768952,20,ERROR-null-result,
1756992491574,NaN,-1,false,0,2768953,16,ERROR-null-result,
1756992491606,NaN,-1,false,0,2768953,7,ERROR-null-result,
1756992491645,NaN,-1,false,0,2768954,5,ERROR-null-result,
1756992491705,NaN,-1,false,0,2768955,22,ERROR-null-result,
1756992491744,NaN,-1,false,0,2768955,6,ERROR-null-result,
1756992491781,NaN,-1,false,0,2768956,11,ERROR-null-result,
1756992491823,NaN,-1,false,0,2768957,8,ERROR-null-result,
1756992491845,NaN,-1,false,0,2768957,13,ERROR-null-result,
1756992491883,NaN,-1,false,0,2768958,5,ERROR-null-result,
1756992491937,NaN,-1,false,0,2768959,8,ERROR-null-result,
1756992491978,NaN,-1,false,0,2768959,13,ERROR-null-result,
1756992492011,NaN,-1,false,0,2768960,5,ERROR-null-result,
1756992492045,NaN,-1,false,0,2768961,13,ERROR-null-result,
1756992492075,NaN,-1,false,0,2768961,5,ERROR-null-result,
1756992492102,NaN,-1,false,0,2768962,10,ERROR-null-result,
1756992492160,NaN,-1,false,0,2768963,34,ERROR-null-result,
1756992492229,NaN,-1,false,0,2768963,25,ERROR-null-result,
1756992492284,NaN,-1,false,0,2768964,21,ERROR-null-result,
1756992492371,NaN,-1,false,0,2768965,31,ERROR-null-result,
1756992492432,NaN,-1,false,0,2768965,24,ERROR-null-result,
1756992492508,NaN,-1,false,0,2768966,16,ERROR-null-result,
1756992492589,NaN,-1,false,0,2768967,25,ERROR-null-result,
1756992492637,NaN,-1,false,0,2768967,6,ERROR-null-result,
1756992492683,NaN,-1,false,0,2768968,5,ERROR-null-result,
1756992492712,NaN,-1,false,0,2768969,8,ERROR-null-result,
1756992492749,NaN,-1,false,0,2768969,9,ERROR-null-result,
1756992492790,NaN,-1,false,0,2768970,17,ERROR-null-result,
1756992492909,NaN,-1,false,0,2768971,20,ERROR-null-result,
1756992492973,NaN,-1,false,0,2768971,22,ERROR-null-result,
1756992493019,NaN,-1,false,0,2768972,33,ERROR-null-result,
1756992493087,NaN,-1,false,0,2768973,7,ERROR-null-result,
1756992493113,NaN,-1,false,0,2768974,12,ERROR-null-result,
1756992493134,NaN,-1,false,0,2768975,27,ERROR-null-result,
1756992493198,NaN,-1,false,0,2768975,13,ERROR-null-result,
1756992493245,NaN,-1,false,0,2768976,4,ERROR-null-result,
1756992493292,NaN,-1,false,0,2768977,7,ERROR-null-result,
1756992493317,NaN,-1,false,0,2768977,4,ERROR-null-result,
1756992493348,NaN,-1,false,0,2768978,5,ERROR-null-result,
1756992493379,NaN,-1,false,0,2768979,7,ERROR-null-result,
1756992493397,NaN,-1,false,0,2768979,4,ERROR-null-result,
1756992493419,NaN,-1,false,0,2768980,9,ERROR-null-result,
1756992493443,NaN,-1,false,0,2768981,3,ERROR-null-result,
1756992493459,NaN,-1,false,0,2768981,3,ERROR-null-result,
1756992493477,NaN,-1,false,0,2768982,2,ERROR-null-result,
1756992493500,NaN,-1,false,0,2768983,9,ERROR-null-result,
1756992493516,NaN,-1,false,0,2768984,3,ERROR-null-result,
1756992493533,NaN,-1,false,0,2768984,4,ERROR-null-result,
1756992493555,NaN,-1,false,0,2768985,7,ERROR-null-result,
1756992493588,NaN,-1,false,0,2768986,4,ERROR-null-result,
1756992493604,NaN,-1,false,0,2768986,3,ERROR-null-result,
1756992493626,NaN,-1,false,0,2768987,3,ERROR-null-result,
1756992493656,NaN,-1,false,0,2768988,20,ERROR-null-result,
1756992493686,NaN,-1,false,0,2768988,14,ERROR-null-result,
1756992493720,NaN,-1,false,0,2768989,3,ERROR-null-result,
1756992493756,NaN,-1,false,0,2768990,4,ERROR-null-result,
1756992493772,NaN,-1,false,0,2768990,4,ERROR-null-result,
1756992493803,NaN,-1,false,0,2768991,9,ERROR-null-result,
1756992493830,NaN,-1,false,0,2768992,14,ERROR-null-result,
1756992493872,NaN,-1,false,0,2768992,16,ERROR-null-result,
1756992493922,NaN,-1,false,0,2768993,7,ERROR-null-result,
1756992493956,NaN,-1,false,0,2768994,8,ERROR-null-result,
1756992493973,NaN,-1,false,0,2768994,9,ERROR-null-result,
1756992494005,NaN,-1,false,0,2768995,4,ERROR-null-result,
1756992494021,NaN,-1,false,0,2768996,6,ERROR-null-result,
1756992494039,NaN,-1,false,0,2768997,16,ERROR-null-result,
1756992494076,NaN,-1,false,0,2768997,5,ERROR-null-result,
1756992494099,NaN,-1,false,0,2768998,3,ERROR-null-result,
1756992494131,NaN,-1,false,0,2768999,6,ERROR-null-result,
1756992494150,NaN,-1,false,0,2768999,6,ERROR-null-result,
1756992494204,NaN,-1,false,0,2769000,24,ERROR-null-result,
1756992494259,NaN,-1,false,0,2769001,7,ERROR-null-result,
1756992494289,NaN,-1,false,0,2769002,6,ERROR-null-result,
1756992494318,NaN,-1,false,0,2769002,9,ERROR-null-result,
1756992494336,NaN,-1,false,0,2769003,3,ERROR-null-result,
1756992494374,NaN,-1,false,0,2769004,6,ERROR-null-result,
1756992494384,NaN,-1,false,0,2769004,4,ERROR-null-result,
1756992494401,NaN,-1,false,0,2769005,2,ERROR-null-result,
1756992494431,NaN,-1,false,0,2769006,8,ERROR-null-result,
1756992494444,NaN,-1,false,0,2769006,3,ERROR-null-result,
1756992494455,NaN,-1,false,0,2769008,1,ERROR-null-result,
1756992494470,NaN,-1,false,0,2769008,1,ERROR-null-result,
1756992494470,NaN,-1,false,0,2769009,1,ERROR-null-result,
1756992494479,NaN,-1,false,0,2769010,1,ERROR-null-result,
1756992494479,NaN,-1,false,0,2769010,1,ERROR-null-result,
1756992494479,NaN,-1,false,0,2769011,1,ERROR-null-result,
1756992494479,NaN,-1,false,0,2769012,1,ERROR-null-result,
1756992494479,NaN,-1,false,0,2769012,5,ERROR-null-result,
1756992494495,NaN,-1,false,0,2769013,1,ERROR-null-result,
1756992494506,NaN,-1,false,0,2769014,1,ERROR-null-result,
1756992494506,NaN,-1,false,0,2769015,1,ERROR-null-result,
1756992494514,NaN,-1,false,0,2769015,1,ERROR-null-result,
1756992494514,NaN,-1,false,0,2769016,1,ERROR-null-result,
1756992494514,NaN,-1,false,0,2769017,1,ERROR-null-result,
1756992494514,NaN,-1,false,0,2769017,1,ERROR-null-result,
1756992494529,NaN,-1,false,0,2769018,1,ERROR-null-result,
1756992494529,NaN,-1,false,0,2769019,1,ERROR-null-result,
1756992494529,NaN,-1,false,0,2769020,1,ERROR-null-result,
1756992494529,NaN,-1,false,0,2769020,1,ERROR-null-result,
1756992494543,NaN,-1,false,0,2769021,1,ERROR-null-result,
1756992494543,NaN,-1,false,0,2769022,1,ERROR-null-result,
1756992494543,NaN,-1,false,0,2769023,1,ERROR-null-result,
1756992494543,NaN,-1,false,0,2769023,4,ERROR-null-result,
1756992494565,NaN,-1,false,0,2769024,1,ERROR-null-result,
1756992494565,NaN,-1,false,0,2769025,1,ERROR-null-result,
1756992494570,NaN,-1,false,0,2769025,1,ERROR-null-result,
1756992494570,NaN,-1,false,0,2769026,1,ERROR-null-result,
1756992494574,NaN,-1,false,0,2769027,1,ERROR-null-result,
1756992494574,NaN,-1,false,0,2769027,1,ERROR-null-result,
1756992494574,NaN,-1,false,0,2769028,1,ERROR-null-result,
1756992494574,NaN,-1,false,0,2769029,6,ERROR-null-result,
1756992494590,NaN,-1,false,0,2769029,1,ERROR-null-result,
1756992494590,NaN,-1,false,0,2769031,1,ERROR-null-result,
1756992494590,NaN,-1,false,0,2769031,1,ERROR-null-result,
1756992494606,NaN,-1,false,0,2769032,1,ERROR-null-result,
1756992494606,NaN,-1,false,0,2769033,1,ERROR-null-result,
1756992494606,NaN,-1,false,0,2769033,1,ERROR-null-result,
1756992494622,NaN,-1,false,0,2769034,1,ERROR-null-result,
1756992494622,NaN,-1,false,0,2769035,1,ERROR-null-result,
1756992494622,NaN,-1,false,0,2769035,1,ERROR-null-result,
1756992494622,NaN,-1,false,0,2769036,1,ERROR-null-result,
1756992494638,NaN,-1,false,0,2769037,1,ERROR-null-result,
1756992494638,NaN,-1,false,0,2769037,1,ERROR-null-result,
1756992494638,NaN,-1,false,0,2769038,1,ERROR-null-result,
1756992494638,NaN,-1,false,0,2769039,1,ERROR-null-result,
1756992494654,NaN,-1,false,0,2769039,1,ERROR-null-result,
1756992494663,NaN,-1,false,0,2769040,1,ERROR-null-result,
1756992494664,NaN,-1,false,0,2769041,1,ERROR-null-result,
1756992494669,NaN,-1,false,0,2769041,6,ERROR-null-result,
1756992494670,NaN,-1,false,0,2769042,1,ERROR-null-result,
1756992494680,NaN,-1,false,0,2769043,1,ERROR-null-result,
1756992494680,NaN,-1,false,0,2769043,1,ERROR-null-result,
1756992494685,NaN,-1,false,0,2769044,1,ERROR-null-result,
1756992494685,NaN,-1,false,0,2769045,1,ERROR-null-result,
1756992494685,NaN,-1,false,0,2769045,1,ERROR-null-result,
1756992494685,NaN,-1,false,0,2769047,1,ERROR-null-result,
1756992494701,NaN,-1,false,0,2769047,1,ERROR-null-result,
1756992494701,NaN,-1,false,0,2769048,1,ERROR-null-result,
1756992494701,NaN,-1,false,0,2769049,6,ERROR-null-result,
1756992494716,NaN,-1,false,0,2769050,1,ERROR-null-result,
1756992494716,NaN,-1,false,0,2769052,1,ERROR-null-result,
1756992494716,NaN,-1,false,0,2769052,7,ERROR-null-result,
1756992494738,NaN,-1,false,0,2769053,1,ERROR-null-result,
1756992494738,NaN,-1,false,0,2769054,1,ERROR-null-result,
1756992494753,NaN,-1,false,0,2769055,1,ERROR-null-result,
1756992494754,NaN,-1,false,0,2769055,1,ERROR-null-result,
1756992494754,NaN,-1,false,0,2769057,1,ERROR-null-result,
1756992494754,NaN,-1,false,0,2769057,1,ERROR-null-result,
1756992494828,NaN,-1,false,0,2769058,1,ERROR-null-result,
1756992494828,NaN,-1,false,0,2769058,1,ERROR-null-result,
1756992494828,NaN,-1,false,0,2769059,1,ERROR-null-result,
1756992494828,NaN,-1,false,0,2769060,1,ERROR-null-result,
1756992494828,NaN,-1,false,0,2769060,1,ERROR-null-result,
1756992494828,NaN,-1,false,0,2769061,1,ERROR-null-result,
1756992494843,NaN,-1,false,0,2769062,1,ERROR-null-result,
1756992494843,NaN,-1,false,0,2769062,1,ERROR-null-result,
1756992494843,NaN,-1,false,0,2769063,1,ERROR-null-result,
1756992494843,NaN,-1,false,0,2769064,1,ERROR-null-result,
1756992494858,NaN,-1,false,0,2769065,1,ERROR-null-result,
1756992494858,NaN,-1,false,0,2769065,1,ERROR-null-result,
1756992494870,NaN,-1,false,0,2769066,1,ERROR-null-result,
1756992494870,NaN,-1,false,0,2769067,6,ERROR-null-result,
1756992494874,NaN,-1,false,0,2769068,1,ERROR-null-result,
1756992494874,NaN,-1,false,0,2769068,1,ERROR-null-result,
1756992494874,NaN,-1,false,0,2769069,1,ERROR-null-result,
1756992494890,NaN,-1,false,0,2769070,1,ERROR-null-result,
1756992494895,NaN,-1,false,0,2769070,1,ERROR-null-result,
1756992494895,NaN,-1,false,0,2769071,1,ERROR-null-result,
1756992494895,NaN,-1,false,0,2769072,1,ERROR-null-result,
1756992494895,NaN,-1,false,0,2769072,1,ERROR-null-result,
1756992494905,NaN,-1,false,0,2769073,1,ERROR-null-result,
1756992494905,NaN,-1,false,0,2769074,1,ERROR-null-result,
1756992494905,NaN,-1,false,0,2769074,1,ERROR-null-result,
1756992494905,NaN,-1,false,0,2769075,1,ERROR-null-result,
1756992494927,NaN,-1,false,0,2769076,1,ERROR-null-result,
1756992494927,NaN,-1,false,0,2769076,1,ERROR-null-result,
1756992494927,NaN,-1,false,0,2769077,1,ERROR-null-result,
1756992494927,NaN,-1,false,0,2769078,1,ERROR-null-result,
1756992494937,NaN,-1,false,0,2769078,1,ERROR-null-result,
1756992494937,NaN,-1,false,0,2769079,1,ERROR-null-result,
1756992494937,NaN,-1,false,0,2769080,1,ERROR-null-result,
1756992494937,NaN,-1,false,0,2769080,1,ERROR-null-result,
1756992494952,NaN,-1,false,0,2769081,1,ERROR-null-result,
1756992494960,NaN,-1,false,0,2769082,1,ERROR-null-result,
1756992494960,NaN,-1,false,0,2769082,1,ERROR-null-result,
1756992494960,NaN,-1,false,0,2769083,6,ERROR-null-result,
1756992494972,NaN,-1,false,0,2769084,1,ERROR-null-result,
1756992494972,NaN,-1,false,0,2769085,1,ERROR-null-result,
1756992494983,NaN,-1,false,0,2769086,6,ERROR-null-result,
1756992494989,NaN,-1,false,0,2769086,1,ERROR-null-result,
1756992494992,NaN,-1,false,0,2769087,1,ERROR-null-result,
1756992494992,NaN,-1,false,0,2769088,1,ERROR-null-result,
1756992494992,NaN,-1,false,0,2769088,4,ERROR-null-result,
1756992495002,NaN,-1,false,0,2769089,1,ERROR-null-result,
1756992495010,NaN,-1,false,0,2769090,1,ERROR-null-result,
1756992495012,NaN,-1,false,0,2769090,1,ERROR-null-result,
1756992495016,NaN,-1,false,0,2769091,1,ERROR-null-result,
1756992495016,NaN,-1,false,0,2769092,1,ERROR-null-result,
1756992495016,NaN,-1,false,0,2769092,1,ERROR-null-result,
1756992495016,NaN,-1,false,0,2769093,1,ERROR-null-result,
1756992495032,NaN,-1,false,0,2769094,1,ERROR-null-result,
1756992495040,NaN,-1,false,0,2769094,1,ERROR-null-result,
1756992495040,NaN,-1,false,0,2769095,1,ERROR-null-result,
1756992495040,NaN,-1,false,0,2769096,6,ERROR-null-result,
1756992495047,NaN,-1,false,0,2769096,1,ERROR-null-result,
1756992495047,NaN,-1,false,0,2769097,1,ERROR-null-result,
1756992495047,NaN,-1,false,0,2769098,1,ERROR-null-result,
1756992495071,NaN,-1,false,0,2769098,1,ERROR-null-result,
1756992495072,NaN,-1,false,0,2769099,1,ERROR-null-result,
1756992495072,NaN,-1,false,0,2769100,1,ERROR-null-result,
1756992495085,NaN,-1,false,0,2769101,2,ERROR-null-result,
1756992495085,NaN,-1,false,0,2769101,1,ERROR-null-result,
1756992495095,NaN,-1,false,0,2769102,6,ERROR-null-result,
1756992495102,NaN,-1,false,0,2769103,1,ERROR-null-result,
1756992495106,NaN,-1,false,0,2769104,1,ERROR-null-result,
1756992495111,NaN,-1,false,0,2769105,1,ERROR-null-result,
1756992495119,NaN,-1,false,0,2769105,1,ERROR-null-result,
1756992495122,NaN,-1,false,0,2769106,1,ERROR-null-result,
1756992495124,NaN,-1,false,0,2769107,6,ERROR-null-result,
1756992495131,NaN,-1,false,0,2769107,1,ERROR-null-result,
1756992495131,NaN,-1,false,0,2769108,1,ERROR-null-result,
1756992495131,NaN,-1,false,0,2769109,1,ERROR-null-result,
1756992495131,NaN,-1,false,0,2769109,1,ERROR-null-result,
1756992495143,NaN,-1,false,0,2769110,1,ERROR-null-result,
1756992495143,NaN,-1,false,0,2769111,1,ERROR-null-result,
1756992495155,NaN,-1,false,0,2769112,1,ERROR-null-result,
1756992495158,NaN,-1,false,0,2769113,1,ERROR-null-result,
1756992495158,NaN,-1,false,0,2769113,1,ERROR-null-result,
1756992495158,NaN,-1,false,0,2769114,1,ERROR-null-result,
1756992495170,NaN,-1,false,0,2769115,7,ERROR-null-result,
1756992495174,NaN,-1,false,0,2769115,1,ERROR-null-result,
1756992495174,NaN,-1,false,0,2769116,1,ERROR-null-result,
1756992495186,NaN,-1,false,0,2769117,1,ERROR-null-result,
1756992495190,NaN,-1,false,0,2769117,1,ERROR-null-result,
1756992495190,NaN,-1,false,0,2769118,1,ERROR-null-result,
1756992495201,NaN,-1,false,0,2769119,1,ERROR-null-result,
1756992495206,NaN,-1,false,0,2769120,1,ERROR-null-result,
1756992495206,NaN,-1,false,0,2769121,1,ERROR-null-result,
1756992495206,NaN,-1,false,0,2769121,1,ERROR-null-result,
1756992495225,NaN,-1,false,0,2769122,1,ERROR-null-result,
1756992495231,NaN,-1,false,0,2769123,1,ERROR-null-result,
1756992495234,NaN,-1,false,0,2769123,1,ERROR-null-result,
1756992495243,NaN,-1,false,0,2769124,1,ERROR-null-result,
1756992495248,NaN,-1,false,0,2769125,1,ERROR-null-result,
1756992495248,NaN,-1,false,0,2769125,1,ERROR-null-result,
1756992495262,NaN,-1,false,0,2769126,1,ERROR-null-result,
1756992495265,NaN,-1,false,0,2769127,1,ERROR-null-result,
1756992495267,NaN,-1,false,0,2769127,1,ERROR-null-result,
1756992495276,NaN,-1,false,0,2769128,1,ERROR-null-result,
1756992495276,NaN,-1,false,0,2769129,1,ERROR-null-result,
1756992495276,NaN,-1,false,0,2769130,1,ERROR-null-result,
1756992495276,NaN,-1,false,0,2769130,7,ERROR-null-result,
1756992495285,NaN,-1,false,0,2769131,1,ERROR-null-result,
1756992495285,NaN,-1,false,0,2769132,1,ERROR-null-result,
1756992495285,NaN,-1,false,0,2769132,1,ERROR-null-result,
1756992495301,NaN,-1,false,0,2769133,1,ERROR-null-result,
1756992495301,NaN,-1,false,0,2769134,1,ERROR-null-result,
1756992495301,NaN,-1,false,0,2769134,1,ERROR-null-result,
1756992495301,NaN,-1,false,0,2769135,1,ERROR-null-result,
1756992495316,NaN,-1,false,0,2769136,1,ERROR-null-result,
1756992495316,NaN,-1,false,0,2769136,1,ERROR-null-result,
1756992495316,NaN,-1,false,0,2769137,1,ERROR-null-result,
1756992495332,NaN,-1,false,0,2769138,7,ERROR-null-result,
1756992495332,NaN,-1,false,0,2769138,1,ERROR-null-result,
1756992495332,NaN,-1,false,0,2769139,1,ERROR-null-result,
1756992495348,NaN,-1,false,0,2769140,5,ERROR-null-result,
1756992495348,NaN,-1,false,0,2769140,1,ERROR-null-result,
1756992495348,NaN,-1,false,0,2769141,1,ERROR-null-result,
1756992495348,NaN,-1,false,0,2769142,1,ERROR-null-result,
1756992495348,NaN,-1,false,0,2769142,1,ERROR-null-result,
1756992495371,NaN,-1,false,0,2769143,1,ERROR-null-result,
1756992495371,NaN,-1,false,0,2769144,1,ERROR-null-result,
1756992495371,NaN,-1,false,0,2769144,1,ERROR-null-result,
1756992495380,NaN,-1,false,0,2769145,1,ERROR-null-result,
1756992495380,NaN,-1,false,0,2769146,1,ERROR-null-result,
1756992495380,NaN,-1,false,0,2769146,1,ERROR-null-result,
1756992495401,NaN,-1,false,0,2769147,1,ERROR-null-result,
1756992495404,NaN,-1,false,0,2769148,1,ERROR-null-result,
1756992495407,NaN,-1,false,0,2769148,1,ERROR-null-result,
1756992495411,NaN,-1,false,0,2769149,1,ERROR-null-result,
1756992495411,NaN,-1,false,0,2769150,1,ERROR-null-result,
1756992495411,NaN,-1,false,0,2769150,1,ERROR-null-result,
1756992495431,NaN,-1,false,0,2769151,1,ERROR-null-result,
1756992495431,NaN,-1,false,0,2769152,1,ERROR-null-result,
1756992495431,NaN,-1,false,0,2769153,1,ERROR-null-result,
1756992495431,NaN,-1,false,0,2769154,7,ERROR-null-result,
1756992495443,NaN,-1,false,0,2769154,2,ERROR-null-result,
1756992495482,NaN,-1,false,0,2769155,1,ERROR-null-result,
1756992495490,NaN,-1,false,0,2769156,2,ERROR-null-result,
1756992495495,NaN,-1,false,0,2769156,2,ERROR-null-result,
1756992495503,NaN,-1,false,0,2769157,1,ERROR-null-result,
1756992495528,NaN,-1,false,0,2769158,3,ERROR-null-result,
1756992495538,NaN,-1,false,0,2769158,10,ERROR-null-result,
1756992495556,NaN,-1,false,0,2769159,5,ERROR-null-result,
1756992495578,NaN,-1,false,0,2769160,3,ERROR-null-result,
1756992495585,NaN,-1,false,0,2769161,1,ERROR-null-result,
1756992495598,NaN,-1,false,0,2769161,12,ERROR-null-result,
1756992495617,NaN,-1,false,0,2769162,3,ERROR-null-result,
1756992495639,NaN,-1,false,0,2769163,1,ERROR-null-result,
1756992495647,NaN,-1,false,0,2769164,2,ERROR-null-result,
1756992495653,NaN,-1,false,0,2769164,2,ERROR-null-result,
1756992495667,NaN,-1,false,0,2769165,1,ERROR-null-result,
1756992495674,NaN,-1,false,0,2769166,7,ERROR-null-result,
1756992495683,NaN,-1,false,0,2769166,1,ERROR-null-result,
1756992495689,NaN,-1,false,0,2769167,1,ERROR-null-result,
1756992495695,NaN,-1,false,0,2769168,1,ERROR-null-result,
1756992495700,NaN,-1,false,0,2769168,1,ERROR-null-result,
1756992495700,NaN,-1,false,0,2769169,1,ERROR-null-result,
1756992495711,NaN,-1,false,0,2769170,1,ERROR-null-result,
1756992495711,NaN,-1,false,0,2769170,1,ERROR-null-result,
1756992495711,NaN,-1,false,0,2769171,1,ERROR-null-result,
1756992495711,NaN,-1,false,0,2769172,1,ERROR-null-result,
1756992495711,NaN,-1,false,0,2769172,6,ERROR-null-result,
1756992495730,NaN,-1,false,0,2769173,1,ERROR-null-result,
1756992495738,NaN,-1,false,0,2769174,1,ERROR-null-result,
1756992495738,NaN,-1,false,0,2769175,7,ERROR-null-result,
1756992495744,NaN,-1,false,0,2769175,1,ERROR-null-result,
1756992495752,NaN,-1,false,0,2769176,1,ERROR-null-result,
1756992495755,NaN,-1,false,0,2769177,1,ERROR-null-result,
1756992495760,NaN,-1,false,0,2769178,1,ERROR-null-result,
1756992495760,NaN,-1,false,0,2769178,1,ERROR-null-result,
1756992495770,NaN,-1,false,0,2769179,1,ERROR-null-result,
1756992495779,NaN,-1,false,0,2769180,1,ERROR-null-result,
1756992495779,NaN,-1,false,0,2769180,1,ERROR-null-result,
1756992495783,NaN,-1,false,0,2769181,1,ERROR-null-result,
1756992495789,NaN,-1,false,0,2769182,1,ERROR-null-result,
1756992495797,NaN,-1,false,0,2769182,1,ERROR-null-result,
1756992495799,NaN,-1,false,0,2769183,1,ERROR-null-result,
1756992495804,NaN,-1,false,0,2769184,9,ERROR-null-result,
1756992495816,NaN,-1,false,0,2769184,1,ERROR-null-result,
1756992495822,NaN,-1,false,0,2769185,5,ERROR-null-result,
1756992495822,NaN,-1,false,0,2769186,1,ERROR-null-result,
1756992495835,NaN,-1,false,0,2769187,1,ERROR-null-result,
1756992495842,NaN,-1,false,0,2769187,1,ERROR-null-result,
1756992495842,NaN,-1,false,0,2769188,1,ERROR-null-result,
1756992495852,NaN,-1,false,0,2769189,6,ERROR-null-result,
1756992495860,NaN,-1,false,0,2769189,1,ERROR-null-result,
1756992495864,NaN,-1,false,0,2769190,1,ERROR-null-result,
1756992495864,NaN,-1,false,0,2769191,1,ERROR-null-result,
1756992495871,NaN,-1,false,0,2769191,1,ERROR-null-result,
1756992495871,NaN,-1,false,0,2769192,1,ERROR-null-result,
1756992495880,NaN,-1,false,0,2769193,1,ERROR-null-result,
1756992495880,NaN,-1,false,0,2769193,5,ERROR-null-result,
1756992495889,NaN,-1,false,0,2769194,1,ERROR-null-result,
1756992495889,NaN,-1,false,0,2769195,1,ERROR-null-result,
1756992495900,NaN,-1,false,0,2769195,6,ERROR-null-result,
1756992495909,NaN,-1,false,0,2769196,1,ERROR-null-result,
1756992495909,NaN,-1,false,0,2769197,1,ERROR-null-result,
1756992495909,NaN,-1,false,0,2769197,1,ERROR-null-result,
1756992495928,NaN,-1,false,0,2769198,1,ERROR-null-result,
1756992495931,NaN,-1,false,0,2769199,1,ERROR-null-result,
1756992495932,NaN,-1,false,0,2769199,1,ERROR-null-result,
1756992495940,NaN,-1,false,0,2769200,1,ERROR-null-result,
1756992495946,NaN,-1,false,0,2769201,1,ERROR-null-result,
1756992495955,NaN,-1,false,0,2769201,1,ERROR-null-result,
1756992495959,NaN,-1,false,0,2769202,1,ERROR-null-result,
1756992495961,NaN,-1,false,0,2769203,7,ERROR-null-result,
1756992495970,NaN,-1,false,0,2769203,1,ERROR-null-result,
1756992495975,NaN,-1,false,0,2769204,1,ERROR-null-result,
1756992495984,NaN,-1,false,0,2769205,2,ERROR-null-result,
1756992495987,NaN,-1,false,0,2769205,1,ERROR-null-result,
1756992495994,NaN,-1,false,0,2769206,7,ERROR-null-result,
1756992496009,NaN,-1,false,0,2769207,7,ERROR-null-result,
1756992496017,NaN,-1,false,0,2769207,1,ERROR-null-result,
1756992496020,NaN,-1,false,0,2769208,2,ERROR-null-result,
1756992496038,NaN,-1,false,0,2769209,1,ERROR-null-result,
1756992496048,NaN,-1,false,0,2769209,1,ERROR-null-result,
1756992496052,NaN,-1,false,0,2769210,5,ERROR-null-result,
1756992496060,NaN,-1,false,0,2769211,1,ERROR-null-result,
1756992496079,NaN,-1,false,0,2769212,1,ERROR-null-result,
1756992496079,NaN,-1,false,0,2769212,1,ERROR-null-result,
1756992496094,NaN,-1,false,0,2769213,1,ERROR-null-result,
1756992496098,NaN,-1,false,0,2769214,1,ERROR-null-result,
1756992496098,NaN,-1,false,0,2769215,1,ERROR-null-result,
1756992496106,NaN,-1,false,0,2769215,5,ERROR-null-result,
1756992496106,NaN,-1,false,0,2769216,1,ERROR-null-result,
1756992496117,NaN,-1,false,0,2769217,1,ERROR-null-result,
1756992496121,NaN,-1,false,0,2769217,5,ERROR-null-result,
1756992496126,NaN,-1,false,0,2769218,1,ERROR-null-result,
1756992496132,NaN,-1,false,0,2769220,1,ERROR-null-result,
1756992496134,NaN,-1,false,0,2769220,6,ERROR-null-result,
1756992496140,NaN,-1,false,0,2769221,1,ERROR-null-result,
1756992496140,NaN,-1,false,0,2769222,1,ERROR-null-result,
1756992496140,NaN,-1,false,0,2769222,5,ERROR-null-result,
1756992496158,NaN,-1,false,0,2769223,1,ERROR-null-result,
1756992496163,NaN,-1,false,0,2769224,1,ERROR-null-result,
1756992496171,NaN,-1,false,0,2769225,10,ERROR-null-result,
1756992496187,NaN,-1,false,0,2769225,2,ERROR-null-result,
1756992496193,NaN,-1,false,0,2769226,2,ERROR-null-result,
1756992496209,NaN,-1,false,0,2769227,1,ERROR-null-result,
1756992496213,NaN,-1,false,0,2769227,1,ERROR-null-result,
1756992496220,NaN,-1,false,0,2769228,2,ERROR-null-result,
1756992496228,NaN,-1,false,0,2769229,2,ERROR-null-result,
1756992496236,NaN,-1,false,0,2769230,2,ERROR-null-result,
1756992496242,NaN,-1,false,0,2769230,1,ERROR-null-result,
1756992496253,NaN,-1,false,0,2769231,1,ERROR-null-result,
1756992496254,NaN,-1,false,0,2769232,1,ERROR-null-result,
1756992496254,NaN,-1,false,0,2769233,1,ERROR-null-result,
1756992496259,NaN,-1,false,0,2769233,1,ERROR-null-result,
1756992496259,NaN,-1,false,0,2769234,1,ERROR-null-result,
1756992496259,NaN,-1,false,0,2769235,1,ERROR-null-result,
1756992496271,NaN,-1,false,0,2769235,1,ERROR-null-result,
1756992496276,NaN,-1,false,0,2769236,1,ERROR-null-result,
1756992496276,NaN,-1,false,0,2769237,1,ERROR-null-result,
1756992496276,NaN,-1,false,0,2769237,1,ERROR-null-result,
1756992496276,NaN,-1,false,0,2769238,1,ERROR-null-result,
1756992496292,NaN,-1,false,0,2769239,1,ERROR-null-result,
1756992496292,NaN,-1,false,0,2769240,1,ERROR-null-result,
1756992496292,NaN,-1,false,0,2769240,1,ERROR-null-result,
1756992496292,NaN,-1,false,0,2769241,1,ERROR-null-result,
1756992496307,NaN,-1,false,0,2769242,1,ERROR-null-result,
1756992496309,NaN,-1,false,0,2769242,1,ERROR-null-result,
1756992496312,NaN,-1,false,0,2769243,1,ERROR-null-result,
1756992496312,NaN,-1,false,0,2769244,7,ERROR-null-result,
1756992496325,NaN,-1,false,0,2769244,1,ERROR-null-result,
1756992496325,NaN,-1,false,0,2769245,1,ERROR-null-result,
1756992496331,NaN,-1,false,0,2769246,1,ERROR-null-result,
1756992496332,NaN,-1,false,0,2769246,1,ERROR-null-result,
1756992496347,NaN,-1,false,0,2769247,2,ERROR-null-result,
1756992496354,NaN,-1,false,0,2769248,6,ERROR-null-result,
1756992496362,NaN,-1,false,0,2769249,2,ERROR-null-result,
1756992496368,NaN,-1,false,0,2769249,9,ERROR-null-result,
1756992496381,NaN,-1,false,0,2769251,1,ERROR-null-result,
1756992496386,NaN,-1,false,0,2769251,1,ERROR-null-result,
1756992496394,NaN,-1,false,0,2769252,1,ERROR-null-result,
1756992496399,NaN,-1,false,0,2769253,1,ERROR-null-result,
1756992496402,NaN,-1,false,0,2769254,8,ERROR-null-result,
1756992496411,NaN,-1,false,0,2769254,1,ERROR-null-result,
1756992496418,NaN,-1,false,0,2769255,7,ERROR-null-result,
1756992496427,NaN,-1,false,0,2769257,1,ERROR-null-result,
1756992496435,NaN,-1,false,0,2769257,8,ERROR-null-result,
1756992496446,NaN,-1,false,0,2769258,1,ERROR-null-result,
1756992496454,NaN,-1,false,0,2769259,12,ERROR-null-result,
1756992496484,NaN,-1,false,0,2769260,6,ERROR-null-result,
1756992496492,NaN,-1,false,0,2769260,9,ERROR-null-result,
1756992496516,NaN,-1,false,0,2769261,8,ERROR-null-result,
1756992496541,NaN,-1,false,0,2769262,12,ERROR-null-result,
1756992496570,NaN,-1,false,0,2769263,5,ERROR-null-result,
1756992496580,NaN,-1,false,0,2769264,5,ERROR-null-result,
1756992496589,NaN,-1,false,0,2769264,9,ERROR-null-result,
1756992496622,NaN,-1,false,0,2769265,2,ERROR-null-result,
1756992496638,NaN,-1,false,0,2769266,4,ERROR-null-result,
1756992496655,NaN,-1,false,0,2769266,9,ERROR-null-result,
1756992496679,NaN,-1,false,0,2769267,2,ERROR-null-result,
1756992496692,NaN,-1,false,0,2769268,4,ERROR-null-result,
1756992496711,NaN,-1,false,0,2769268,2,ERROR-null-result,
1756992496718,NaN,-1,false,0,2769269,8,ERROR-null-result,
1756992496743,NaN,-1,false,0,2769270,3,ERROR-null-result,
1756992496758,NaN,-1,false,0,2769270,3,ERROR-null-result,
1756992496779,NaN,-1,false,0,2769271,2,ERROR-null-result,
1756992496785,NaN,-1,false,0,2769272,1,ERROR-null-result,
1756992496789,NaN,-1,false,0,2769272,3,ERROR-null-result,
1756992496858,NaN,-1,false,0,2769273,2,ERROR-null-result,
1756992496874,NaN,-1,false,0,2769274,3,ERROR-null-result,
1756992496882,NaN,-1,false,0,2769274,1,ERROR-null-result,
1756992496896,NaN,-1,false,0,2769275,1,ERROR-null-result,
1756992496903,NaN,-1,false,0,2769276,1,ERROR-null-result,
1756992496908,NaN,-1,false,0,2769276,1,ERROR-null-result,
1756992496910,NaN,-1,false,0,2769277,1,ERROR-null-result,
1756992496919,NaN,-1,false,0,2769278,5,ERROR-null-result,
1756992496940,NaN,-1,false,0,2769278,2,ERROR-null-result,
1756992496950,NaN,-1,false,0,2769279,2,ERROR-null-result,
1756992496970,NaN,-1,false,0,2769280,1,ERROR-null-result,
1756992496977,NaN,-1,false,0,2769280,2,ERROR-null-result,
1756992496993,NaN,-1,false,0,2769281,3,ERROR-null-result,
1756992497008,NaN,-1,false,0,2769282,11,ERROR-null-result,
1756992497038,NaN,-1,false,0,2769283,4,ERROR-null-result,
1756992497057,NaN,-1,false,0,2769284,10,ERROR-null-result,
1756992497075,NaN,-1,false,0,2769285,7,ERROR-null-result,
1756992497091,NaN,-1,false,0,2769285,10,ERROR-null-result,
1756992497117,NaN,-1,false,0,2769286,3,ERROR-null-result,
1756992497132,NaN,-1,false,0,2769287,4,ERROR-null-result,
1756992497162,NaN,-1,false,0,2769288,9,ERROR-null-result,
1756992497180,NaN,-1,false,0,2769288,12,ERROR-null-result,
1756992497213,NaN,-1,false,0,2769289,5,ERROR-null-result,
1756992497257,NaN,-1,false,0,2769290,8,ERROR-null-result,
1756992497301,NaN,-1,false,0,2769290,11,ERROR-null-result,
1756992497338,NaN,-1,false,0,2769291,7,ERROR-null-result,
1756992497379,NaN,-1,false,0,2769292,10,ERROR-null-result,
1756992497401,NaN,-1,false,0,2769292,3,ERROR-null-result,
1756992497423,NaN,-1,false,0,2769293,15,ERROR-null-result,
1756992497469,NaN,-1,false,0,2769294,10,ERROR-null-result,
1756992497497,NaN,-1,false,0,2769294,12,ERROR-null-result,
1756992497537,NaN,-1,false,0,2769295,12,ERROR-null-result,
1756992497579,NaN,-1,false,0,2769296,13,ERROR-null-result,
1756992497613,NaN,-1,false,0,2769296,12,ERROR-null-result,
1756992497643,NaN,-1,false,0,2769297,9,ERROR-null-result,
1756992497668,NaN,-1,false,0,2769298,4,ERROR-null-result,
1756992497682,NaN,-1,false,0,2769298,3,ERROR-null-result,
1756992497700,NaN,-1,false,0,2769299,5,ERROR-null-result,
1756992497716,NaN,-1,false,0,2769300,2,ERROR-null-result,
1756992497729,NaN,-1,false,0,2769301,2,ERROR-null-result,
1756992497734,NaN,-1,false,0,2769302,1,ERROR-null-result,
1756992497744,NaN,-1,false,0,2769302,1,ERROR-null-result,
1756992497746,NaN,-1,false,0,2769303,1,ERROR-null-result,
1756992497750,NaN,-1,false,0,2769304,1,ERROR-null-result,
1756992497758,NaN,-1,false,0,2769304,1,ERROR-null-result,
1756992497762,NaN,-1,false,0,2769305,1,ERROR-null-result,
1756992497775,NaN,-1,false,0,2769306,1,ERROR-null-result,
1756992497778,NaN,-1,false,0,2769306,1,ERROR-null-result,
1756992497780,NaN,-1,false,0,2769307,1,ERROR-null-result,
1756992497790,NaN,-1,false,0,2769308,3,ERROR-null-result,
1756992497795,NaN,-1,false,0,2769308,1,ERROR-null-result,
1756992497798,NaN,-1,false,0,2769309,1,ERROR-null-result,
1756992497807,NaN,-1,false,0,2769310,1,ERROR-null-result,
1756992497809,NaN,-1,false,0,2769310,1,ERROR-null-result,
1756992497814,NaN,-1,false,0,2769311,1,ERROR-null-result,
1756992497822,NaN,-1,false,0,2769312,1,ERROR-null-result,
1756992497824,NaN,-1,false,0,2769312,1,ERROR-null-result,
1756992497830,NaN,-1,false,0,2769313,5,ERROR-null-result,
1756992497840,NaN,-1,false,0,2769314,1,ERROR-null-result,
1756992497842,NaN,-1,false,0,2769314,1,ERROR-null-result,
1756992497846,NaN,-1,false,0,2769315,6,ERROR-null-result,
1756992497855,NaN,-1,false,0,2769316,1,ERROR-null-result,
1756992497859,NaN,-1,false,0,2769316,1,ERROR-null-result,
1756992497869,NaN,-1,false,0,2769317,1,ERROR-null-result,
1756992497872,NaN,-1,false,0,2769318,1,ERROR-null-result,
1756992497875,NaN,-1,false,0,2769318,2,ERROR-null-result,
1756992497884,NaN,-1,false,0,2769319,1,ERROR-null-result,
1756992497887,NaN,-1,false,0,2769320,1,ERROR-null-result,
1756992497890,NaN,-1,false,0,2769320,1,ERROR-null-result,
1756992497901,NaN,-1,false,0,2769321,1,ERROR-null-result,
1756992497906,NaN,-1,false,0,2769322,1,ERROR-null-result,
1756992497918,NaN,-1,false,0,2769323,1,ERROR-null-result,
1756992497922,NaN,-1,false,0,2769323,7,ERROR-null-result,
1756992497933,NaN,-1,false,0,2769324,1,ERROR-null-result,
1756992497936,NaN,-1,false,0,2769325,1,ERROR-null-result,
1756992497945,NaN,-1,false,0,2769325,1,ERROR-null-result,
1756992497950,NaN,-1,false,0,2769326,1,ERROR-null-result,
1756992497952,NaN,-1,false,0,2769327,1,ERROR-null-result,
1756992497961,NaN,-1,false,0,2769327,1,ERROR-null-result,
1756992497963,NaN,-1,false,0,2769328,1,ERROR-null-result,
1756992497969,NaN,-1,false,0,2769329,9,ERROR-null-result,
1756992497980,NaN,-1,false,0,2769330,1,ERROR-null-result,
1756992497982,NaN,-1,false,0,2769330,1,ERROR-null-result,
1756992497988,NaN,-1,false,0,2769331,1,ERROR-null-result,
1756992497992,NaN,-1,false,0,2769332,2,ERROR-null-result,
1756992497997,NaN,-1,false,0,2769332,1,ERROR-null-result,
1756992497999,NaN,-1,false,0,2769333,1,ERROR-null-result,
1756992498009,NaN,-1,false,0,2769334,1,ERROR-null-result,
1756992498013,NaN,-1,false,0,2769334,1,ERROR-null-result,
1756992498015,NaN,-1,false,0,2769335,7,ERROR-null-result,
1756992498028,NaN,-1,false,0,2769336,1,ERROR-null-result,
1756992498031,NaN,-1,false,0,2769336,6,ERROR-null-result,
1756992498040,NaN,-1,false,0,2769337,1,ERROR-null-result,
1756992498046,NaN,-1,false,0,2769339,1,ERROR-null-result,
1756992498056,NaN,-1,false,0,2769339,1,ERROR-null-result,
1756992498059,NaN,-1,false,0,2769340,1,ERROR-null-result,
1756992498070,NaN,-1,false,0,2769341,1,ERROR-null-result,
1756992498073,NaN,-1,false,0,2769341,1,ERROR-null-result,
1756992498076,NaN,-1,false,0,2769342,1,ERROR-null-result,
1756992498086,NaN,-1,false,0,2769343,2,ERROR-null-result,
1756992498091,NaN,-1,false,0,2769343,1,ERROR-null-result,
1756992498094,NaN,-1,false,0,2769344,7,ERROR-null-result,
1756992498105,NaN,-1,false,0,2769345,1,ERROR-null-result,
1756992498108,NaN,-1,false,0,2769346,6,ERROR-null-result,
1756992498117,NaN,-1,false,0,2769346,1,ERROR-null-result,
1756992498122,NaN,-1,false,0,2769347,1,ERROR-null-result,
1756992498130,NaN,-1,false,0,2769348,1,ERROR-null-result,
1756992498132,NaN,-1,false,0,2769348,1,ERROR-null-result,
1756992498135,NaN,-1,false,0,2769349,1,ERROR-null-result,
1756992498145,NaN,-1,false,0,2769350,2,ERROR-null-result,
1756992498149,NaN,-1,false,0,2769350,1,ERROR-null-result,
1756992498152,NaN,-1,false,0,2769351,1,ERROR-null-result,
1756992498155,NaN,-1,false,0,2769352,7,ERROR-null-result,
1756992498165,NaN,-1,false,0,2769352,1,ERROR-null-result,
1756992498168,NaN,-1,false,0,2769353,1,ERROR-null-result,
1756992498181,NaN,-1,false,0,2769354,2,ERROR-null-result,
1756992498186,NaN,-1,false,0,2769354,1,ERROR-null-result,
1756992498190,NaN,-1,false,0,2769355,1,ERROR-null-result,
1756992498195,NaN,-1,false,0,2769356,1,ERROR-null-result,
1756992498197,NaN,-1,false,0,2769356,1,ERROR-null-result,
1756992498199,NaN,-1,false,0,2769357,1,ERROR-null-result,
1756992498208,NaN,-1,false,0,2769358,3,ERROR-null-result,
1756992498213,NaN,-1,false,0,2769358,1,ERROR-null-result,
1756992498215,NaN,-1,false,0,2769359,1,ERROR-null-result,
1756992498228,NaN,-1,false,0,2769360,1,ERROR-null-result,
1756992498232,NaN,-1,false,0,2769361,1,ERROR-null-result,
1756992498234,NaN,-1,false,0,2769361,1,ERROR-null-result,
1756992498237,NaN,-1,false,0,2769362,1,ERROR-null-result,
1756992498241,NaN,-1,false,0,2769363,1,ERROR-null-result,
1756992498243,NaN,-1,false,0,2769363,1,ERROR-null-result,
1756992498248,NaN,-1,false,0,2769364,1,ERROR-null-result,
1756992498258,NaN,-1,false,0,2769365,1,ERROR-null-result,
1756992498260,NaN,-1,false,0,2769365,1,ERROR-null-result,
1756992498262,NaN,-1,false,0,2769366,1,ERROR-null-result,
1756992498271,NaN,-1,false,0,2769367,1,ERROR-null-result,
1756992498273,NaN,-1,false,0,2769368,3,ERROR-null-result,
1756992498279,NaN,-1,false,0,2769368,6,ERROR-null-result,
1756992498288,NaN,-1,false,0,2769369,1,ERROR-null-result,
1756992498291,NaN,-1,false,0,2769370,2,ERROR-null-result,
1756992498301,NaN,-1,false,0,2769370,1,ERROR-null-result,
1756992498303,NaN,-1,false,0,2769371,1,ERROR-null-result,
1756992498305,NaN,-1,false,0,2769372,2,ERROR-null-result,
1756992498310,NaN,-1,false,0,2769372,1,ERROR-null-result,
1756992498316,NaN,-1,false,0,2769373,1,ERROR-null-result,
1756992498321,NaN,-1,false,0,2769374,1,ERROR-null-result,
1756992498322,NaN,-1,false,0,2769374,1,ERROR-null-result,
1756992498331,NaN,-1,false,0,2769375,1,ERROR-null-result,
1756992498337,NaN,-1,false,0,2769376,1,ERROR-null-result,
1756992498339,NaN,-1,false,0,2769376,1,ERROR-null-result,
1756992498349,NaN,-1,false,0,2769377,1,ERROR-null-result,
1756992498353,NaN,-1,false,0,2769378,1,ERROR-null-result,
1756992498355,NaN,-1,false,0,2769378,6,ERROR-null-result,
1756992498364,NaN,-1,false,0,2769379,1,ERROR-null-result,
1756992498366,NaN,-1,false,0,2769380,1,ERROR-null-result,
1756992498371,NaN,-1,false,0,2769381,7,ERROR-null-result,
1756992498380,NaN,-1,false,0,2769382,1,ERROR-null-result,
1756992498384,NaN,-1,false,0,2769382,2,ERROR-null-result,
1756992498395,NaN,-1,false,0,2769383,1,ERROR-null-result,
1756992498398,NaN,-1,false,0,2769384,1,ERROR-null-result,
1756992498401,NaN,-1,false,0,2769384,8,ERROR-null-result,
1756992498412,NaN,-1,false,0,2769385,1,ERROR-null-result,
1756992498415,NaN,-1,false,0,2769386,1,ERROR-null-result,
1756992498424,NaN,-1,false,0,2769386,1,ERROR-null-result,
1756992498429,NaN,-1,false,0,2769387,1,ERROR-null-result,
1756992498431,NaN,-1,false,0,2769388,1,ERROR-null-result,
1756992498438,NaN,-1,false,0,2769388,1,ERROR-null-result,
1756992498441,NaN,-1,false,0,2769389,1,ERROR-null-result,
1756992498446,NaN,-1,false,0,2769390,1,ERROR-null-result,
1756992498448,NaN,-1,false,0,2769391,7,ERROR-null-result,
1756992498457,NaN,-1,false,0,2769391,2,ERROR-null-result,
1756992498463,NaN,-1,false,0,2769392,1,ERROR-null-result,
1756992498472,NaN,-1,false,0,2769393,1,ERROR-null-result,
1756992498475,NaN,-1,false,0,2769394,1,ERROR-null-result,
1756992498485,NaN,-1,false,0,2769394,2,ERROR-null-result,
1756992498490,NaN,-1,false,0,2769395,1,ERROR-null-result,
1756992498494,NaN,-1,false,0,2769396,2,ERROR-null-result,
1756992498502,NaN,-1,false,0,2769396,1,ERROR-null-result,
1756992498508,NaN,-1,false,0,2769397,1,ERROR-null-result,
1756992498511,NaN,-1,false,0,2769398,1,ERROR-null-result,
1756992498519,NaN,-1,false,0,2769398,1,ERROR-null-result,
1756992498525,NaN,-1,false,0,2769399,1,ERROR-null-result,
1756992498527,NaN,-1,false,0,2769400,6,ERROR-null-result,
1756992498536,NaN,-1,false,0,2769400,1,ERROR-null-result,
1756992498539,NaN,-1,false,0,2769401,2,ERROR-null-result,
1756992498550,NaN,-1,false,0,2769402,1,ERROR-null-result,
1756992498553,NaN,-1,false,0,2769402,1,ERROR-null-result,
1756992498555,NaN,-1,false,0,2769403,1,ERROR-null-result,
1756992498566,NaN,-1,false,0,2769404,2,ERROR-null-result,
1756992498570,NaN,-1,false,0,2769404,1,ERROR-null-result,
1756992498573,NaN,-1,false,0,2769405,1,ERROR-null-result,
1756992498581,NaN,-1,false,0,2769406,1,ERROR-null-result,
1756992498583,NaN,-1,false,0,2769406,1,ERROR-null-result,
1756992498588,NaN,-1,false,0,2769407,1,ERROR-null-result,
1756992498598,NaN,-1,false,0,2769408,1,ERROR-null-result,
1756992498600,NaN,-1,false,0,2769408,1,ERROR-null-result,
1756992498604,NaN,-1,false,0,2769409,1,ERROR-null-result,
1756992498616,NaN,-1,false,0,2769410,1,ERROR-null-result,
1756992498617,NaN,-1,false,0,2769410,2,ERROR-null-result,
1756992498623,NaN,-1,false,0,2769411,1,ERROR-null-result,
1756992498626,NaN,-1,false,0,2769412,1,ERROR-null-result,
1756992498631,NaN,-1,false,0,2769412,1,ERROR-null-result,
1756992498635,NaN,-1,false,0,2769413,1,ERROR-null-result,
1756992498647,NaN,-1,false,0,2769414,1,ERROR-null-result,
1756992498650,NaN,-1,false,0,2769414,1,ERROR-null-result,
1756992498658,NaN,-1,false,0,2769415,1,ERROR-null-result,
1756992498663,NaN,-1,false,0,2769416,2,ERROR-null-result,
1756992498666,NaN,-1,false,0,2769417,7,ERROR-null-result,
1756992498676,NaN,-1,false,0,2769417,1,ERROR-null-result,
1756992498680,NaN,-1,false,0,2769418,2,ERROR-null-result,
1756992498693,NaN,-1,false,0,2769419,1,ERROR-null-result,
1756992498704,NaN,-1,false,0,2769420,1,ERROR-null-result,
1756992498706,NaN,-1,false,0,2769420,1,ERROR-null-result,
1756992498711,NaN,-1,false,0,2769421,1,ERROR-null-result,
1756992498712,NaN,-1,false,0,2769422,7,ERROR-null-result,
1756992498721,NaN,-1,false,0,2769422,1,ERROR-null-result,
1756992498726,NaN,-1,false,0,2769423,1,ERROR-null-result,
1756992498736,NaN,-1,false,0,2769424,1,ERROR-null-result,
1756992498740,NaN,-1,false,0,2769424,2,ERROR-null-result,
1756992498752,NaN,-1,false,0,2769425,1,ERROR-null-result,
1756992498755,NaN,-1,false,0,2769426,1,ERROR-null-result,
1756992498759,NaN,-1,false,0,2769426,1,ERROR-null-result,
1756992498769,NaN,-1,false,0,2769427,1,ERROR-null-result,
1756992498772,NaN,-1,false,0,2769428,1,ERROR-null-result,
1756992498775,NaN,-1,false,0,2769428,7,ERROR-null-result,
1756992498788,NaN,-1,false,0,2769429,1,ERROR-null-result,
1756992498790,NaN,-1,false,0,2769430,6,ERROR-null-result,
1756992498799,NaN,-1,false,0,2769430,1,ERROR-null-result,
1756992498804,NaN,-1,false,0,2769431,1,ERROR-null-result,
1756992498814,NaN,-1,false,0,2769432,1,ERROR-null-result,
1756992498816,NaN,-1,false,0,2769432,3,ERROR-null-result,
1756992498822,NaN,-1,false,0,2769433,1,ERROR-null-result,
1756992498832,NaN,-1,false,0,2769434,1,ERROR-null-result,
1756992498836,NaN,-1,false,0,2769434,1,ERROR-null-result,
1756992498839,NaN,-1,false,0,2769435,1,ERROR-null-result,
1756992498845,NaN,-1,false,0,2769436,2,ERROR-null-result,
1756992498848,NaN,-1,false,0,2769436,1,ERROR-null-result,
1756992498851,NaN,-1,false,0,2769437,7,ERROR-null-result,
1756992498862,NaN,-1,false,0,2769438,57,ERROR-null-result,
1756992498920,NaN,-1,false,0,2769438,1,ERROR-null-result,
1756992498927,NaN,-1,false,0,2769439,1,ERROR-null-result,
1756992498935,NaN,-1,false,0,2769440,1,ERROR-null-result,
1756992498939,NaN,-1,false,0,2769440,1,ERROR-null-result,
1756992498944,NaN,-1,false,0,2769441,6,ERROR-null-result,
1756992498953,NaN,-1,false,0,2769442,1,ERROR-null-result,
1756992498956,NaN,-1,false,0,2769442,2,ERROR-null-result,
1756992498968,NaN,-1,false,0,2769443,1,ERROR-null-result,
1756992498972,NaN,-1,false,0,2769444,1,ERROR-null-result,
1756992498976,NaN,-1,false,0,2769444,1,ERROR-null-result,
1756992498980,NaN,-1,false,0,2769445,1,ERROR-null-result,
1756992498982,NaN,-1,false,0,2769446,1,ERROR-null-result,
1756992498987,NaN,-1,false,0,2769447,1,ERROR-null-result,
1756992498989,NaN,-1,false,0,2769447,6,ERROR-null-result,
1756992498998,NaN,-1,false,0,2769448,1,ERROR-null-result,
1756992499001,NaN,-1,false,0,2769449,2,ERROR-null-result,
1756992499004,NaN,-1,false,0,2769449,8,ERROR-null-result,
1756992499014,NaN,-1,false,0,2769450,1,ERROR-null-result,
1756992499020,NaN,-1,false,0,2769451,7,ERROR-null-result,
1756992499030,NaN,-1,false,0,2769451,1,ERROR-null-result,
1756992499032,NaN,-1,false,0,2769452,1,ERROR-null-result,
1756992499036,NaN,-1,false,0,2769453,9,ERROR-null-result,
1756992499047,NaN,-1,false,0,2769453,1,ERROR-null-result,
1756992499049,NaN,-1,false,0,2769454,1,ERROR-null-result,
1756992499052,NaN,-1,false,0,2769455,6,ERROR-null-result,
1756992499060,NaN,-1,false,0,2769455,1,ERROR-null-result,
1756992499065,NaN,-1,false,0,2769456,1,ERROR-null-result,
1756992499068,NaN,-1,false,0,2769457,6,ERROR-null-result,
1756992499075,NaN,-1,false,0,2769457,1,ERROR-null-result,
1756992499079,NaN,-1,false,0,2769458,1,ERROR-null-result,
1756992499083,NaN,-1,false,0,2769459,1,ERROR-null-result,
1756992499090,NaN,-1,false,0,2769459,1,ERROR-null-result,
1756992499092,NaN,-1,false,0,2769460,1,ERROR-null-result,
1756992499096,NaN,-1,false,0,2769461,2,ERROR-null-result,
1756992499103,NaN,-1,false,0,2769461,1,ERROR-null-result,
1756992499109,NaN,-1,false,0,2769462,1,ERROR-null-result,
1756992499111,NaN,-1,false,0,2769463,1,ERROR-null-result,
1756992499121,NaN,-1,false,0,2769463,2,ERROR-null-result,
1756992499126,NaN,-1,false,0,2769464,1,ERROR-null-result,
1756992499128,NaN,-1,false,0,2769465,1,ERROR-null-result,
1756992499138,NaN,-1,false,0,2769465,1,ERROR-null-result,
1756992499143,NaN,-1,false,0,2769466,1,ERROR-null-result,
1756992499145,NaN,-1,false,0,2769467,1,ERROR-null-result,
1756992499148,NaN,-1,false,0,2769467,1,ERROR-null-result,
1756992499152,NaN,-1,false,0,2769468,1,ERROR-null-result,
1756992499154,NaN,-1,false,0,2769469,1,ERROR-null-result,
1756992499156,NaN,-1,false,0,2769469,1,ERROR-null-result,
1756992499160,NaN,-1,false,0,2769470,7,ERROR-null-result,
1756992499170,NaN,-1,false,0,2769471,1,ERROR-null-result,
1756992499172,NaN,-1,false,0,2769471,1,ERROR-null-result,
1756992499175,NaN,-1,false,0,2769472,1,ERROR-null-result,
1756992499186,NaN,-1,false,0,2769473,1,ERROR-null-result,
1756992499187,NaN,-1,false,0,2769473,1,ERROR-null-result,
1756992499190,NaN,-1,false,0,2769474,1,ERROR-null-result,
1756992499201,NaN,-1,false,0,2769474,1,ERROR-null-result,
1756992499204,NaN,-1,false,0,2769475,1,ERROR-null-result,
1756992499207,NaN,-1,false,0,2769476,3,ERROR-null-result,
1756992499212,NaN,-1,false,0,2769476,1,ERROR-null-result,
1756992499215,NaN,-1,false,0,2769477,1,ERROR-null-result,
1756992499219,NaN,-1,false,0,2769478,1,ERROR-null-result,
1756992499222,NaN,-1,false,0,2769479,1,ERROR-null-result,
1756992499224,NaN,-1,false,0,2769479,6,ERROR-null-result,
1756992499232,NaN,-1,false,0,2769480,1,ERROR-null-result,
1756992499236,NaN,-1,false,0,2769481,1,ERROR-null-result,
1756992499239,NaN,-1,false,0,2769481,1,ERROR-null-result,
1756992499248,NaN,-1,false,0,2769482,1,ERROR-null-result,
1756992499253,NaN,-1,false,0,2769483,1,ERROR-null-result,
1756992499255,NaN,-1,false,0,2769483,7,ERROR-null-result,
1756992499264,NaN,-1,false,0,2769484,1,ERROR-null-result,
1756992499268,NaN,-1,false,0,2769485,1,ERROR-null-result,
1756992499278,NaN,-1,false,0,2769486,1,ERROR-null-result,
1756992499283,NaN,-1,false,0,2769486,1,ERROR-null-result,
1756992499292,NaN,-1,false,0,2769487,1,ERROR-null-result,
1756992499295,NaN,-1,false,0,2769488,1,ERROR-null-result,
1756992499298,NaN,-1,false,0,2769488,1,ERROR-null-result,
1756992499301,NaN,-1,false,0,2769489,14,ERROR-null-result,
1756992499323,NaN,-1,false,0,2769490,1,ERROR-null-result,
1756992499326,NaN,-1,false,0,2769491,1,ERROR-null-result,
1756992499330,NaN,-1,false,0,2769491,2,ERROR-null-result,
1756992499341,NaN,-1,false,0,2769492,1,ERROR-null-result,
1756992499345,NaN,-1,false,0,2769493,1,ERROR-null-result,
1756992499347,NaN,-1,false,0,2769493,2,ERROR-null-result,
1756992499360,NaN,-1,false,0,2769494,1,ERROR-null-result,
1756992499363,NaN,-1,false,0,2769495,1,ERROR-null-result,
1756992499365,NaN,-1,false,0,2769495,7,ERROR-null-result,
1756992499375,NaN,-1,false,0,2769496,1,ERROR-null-result,
1756992499379,NaN,-1,false,0,2769497,1,ERROR-null-result,
1756992501560,NaN,-1,false,0,2770309,5,ERROR-null-result,
1756992506565,NaN,-1,false,0,2773120,6,ERROR-null-result,
1756992511563,NaN,-1,false,0,2775779,7,ERROR-null-result,
1756992516559,NaN,-1,false,0,2777866,4,ERROR-null-result,
1756992521568,NaN,-1,false,0,2781155,5,ERROR-null-result,
1756992526549,NaN,-1,false,0,2784959,3,ERROR-null-result,
1756992531562,NaN,-1,false,0,2788494,5,ERROR-null-result,
1756992536562,NaN,-1,false,0,2791420,6,ERROR-null-result,
1756992541563,NaN,-1,false,0,2794116,6,ERROR-null-result,
1756992546559,NaN,-1,false,0,2797052,3,ERROR-null-result,
1756992551570,NaN,-1,false,0,2800304,5,ERROR-null-result,
1756992556550,NaN,-1,false,0,2804128,1,ERROR-null-result,
1756992561561,NaN,-1,false,0,2808111,4,ERROR-null-result,
1756992566569,NaN,-1,false,0,2811598,7,ERROR-null-result,
1756992571550,NaN,-1,false,0,2815535,3,ERROR-null-result,
1756992576563,NaN,-1,false,0,2819194,5,ERROR-null-result,
1756992581560,NaN,-1,false,0,2822335,5,ERROR-null-result,
1756992586571,NaN,-1,false,0,2825883,6,ERROR-null-result,
1756992591551,NaN,-1,false,0,2829149,1,ERROR-null-result,
1756992596569,NaN,-1,false,0,2833320,7,ERROR-null-result,
1756992601546,NaN,-1,false,0,2836688,1,ERROR-null-result,
1756992606560,NaN,-1,false,0,2840254,2,ERROR-null-result,
1756992611570,NaN,-1,false,0,2843738,6,ERROR-null-result,
1756992616560,NaN,-1,false,0,2847315,44,ERROR-null-result,
1756992621571,NaN,-1,false,0,2850078,5,ERROR-null-result,
1756992626576,NaN,-1,false,0,2853803,5,ERROR-null-result,
1756992631567,NaN,-1,false,0,2858068,5,ERROR-null-result,
1756992636551,NaN,-1,false,0,2862100,1,ERROR-null-result,
1756992641561,NaN,-1,false,0,2866514,2,ERROR-null-result,
1756992646562,NaN,-1,false,0,2870831,1,ERROR-null-result,
1756992651563,NaN,-1,false,0,2874608,5,ERROR-null-result,
1756992656571,NaN,-1,false,0,2878657,4,ERROR-null-result,
1756992661550,NaN,-1,false,0,2882289,3,ERROR-null-result,
1756992666557,NaN,-1,false,0,2886504,2,ERROR-null-result,
1756992671560,NaN,-1,false,0,2890864,1,ERROR-null-result,
1756992676562,NaN,-1,false,0,2895182,7,ERROR-null-result,
1756992681570,NaN,-1,false,0,2899106,5,ERROR-null-result,
1756992686554,NaN,-1,false,0,2902821,7,ERROR-null-result,
1756992691570,NaN,-1,false,0,2906724,6,ERROR-null-result,
1756992696569,NaN,-1,false,0,2910483,4,ERROR-null-result,
1756992701557,NaN,-1,false,0,2914581,5,ERROR-null-result,
1756992706560,NaN,-1,false,0,2918421,1,ERROR-null-result,
1756992711551,NaN,-1,false,0,2922101,4,ERROR-null-result,
1756992716560,NaN,-1,false,0,2926916,4,ERROR-null-result,
1756992721563,NaN,-1,false,0,2931681,6,ERROR-null-result,
1756992726631,NaN,-1,false,0,2936726,2,ERROR-null-result,
1756992731553,NaN,-1,false,0,2941085,5,ERROR-null-result,
1756992736556,NaN,-1,false,0,2945639,1,ERROR-null-result,
1756992741562,NaN,-1,false,0,2950055,6,ERROR-null-result,
1756992746557,NaN,-1,false,0,2954907,2,ERROR-null-result,
1756992751558,NaN,-1,false,0,2959445,3,ERROR-null-result,
1756992756576,NaN,-1,false,0,2964142,6,ERROR-null-result,
1756992761570,NaN,-1,false,0,2968698,3,ERROR-null-result,
1756992766547,NaN,-1,false,0,2973513,2,ERROR-null-result,
1756992771570,NaN,-1,false,0,2978009,5,ERROR-null-result,
1756992776558,NaN,-1,false,0,2981881,4,ERROR-null-result,
1756992781548,NaN,-1,false,0,2985554,3,ERROR-null-result,
1756992786563,NaN,-1,false,0,2989213,5,ERROR-null-result,
1756992791618,NaN,-1,false,0,2992090,2,ERROR-null-result,
1756992796549,NaN,-1,false,0,2996365,4,ERROR-null-result,
1756992801560,NaN,-1,false,0,3000314,2,ERROR-null-result,
1756992806560,NaN,-1,false,0,3003851,3,ERROR-null-result,
1756992811559,NaN,-1,false,0,3007172,5,ERROR-null-result,
1756992816562,NaN,-1,false,0,3011527,4,ERROR-null-result,
1756992821567,NaN,-1,false,0,3014636,6,ERROR-null-result,
1756992826552,NaN,-1,false,0,3017633,5,ERROR-null-result,
1756992831562,NaN,-1,false,0,3021009,5,ERROR-null-result,
1756992836577,NaN,-1,false,0,3024626,4,ERROR-null-result,
1756992841553,NaN,-1,false,0,3028128,5,ERROR-null-result,
1756992846566,NaN,-1,false,0,3031598,3,ERROR-null-result,
1756992851571,NaN,-1,false,0,3034754,8,ERROR-null-result,
1756992856552,NaN,-1,false,0,3038184,3,ERROR-null-result,
1756992861568,NaN,-1,false,0,3042796,4,ERROR-null-result,
1756992866563,NaN,-1,false,0,3045481,1,ERROR-null-result,
1756992871560,NaN,-1,false,0,3049250,3,ERROR-null-result,
1756992876560,NaN,-1,false,0,3052185,5,ERROR-null-result,
1756992881565,NaN,-1,false,0,3055070,4,ERROR-null-result,
1756992886707,NaN,-1,false,0,3059660,1,ERROR-null-result,
1756992891560,NaN,-1,false,0,3062805,3,ERROR-null-result,
1756992896549,NaN,-1,false,0,3065831,3,ERROR-null-result,
1756992901564,NaN,-1,false,0,3068366,5,ERROR-null-result,
1756992906566,NaN,-1,false,0,3071564,4,ERROR-null-result,
1756992911553,NaN,-1,false,0,3075966,1,ERROR-null-result,
1756992916561,NaN,-1,false,0,3080569,3,ERROR-null-result,
1756992921564,NaN,-1,false,0,3085928,4,ERROR-null-result,
1756992926572,NaN,-1,false,0,3091005,3,ERROR-null-result,
1756992931564,NaN,-1,false,0,3095329,4,ERROR-null-result,
1756992936566,NaN,-1,false,0,3099749,4,ERROR-null-result,
1756992941570,NaN,-1,false,0,3103711,4,ERROR-null-result,
1756992946562,NaN,-1,false,0,3107951,7,ERROR-null-result,
1756992951572,NaN,-1,false,0,3112170,3,ERROR-null-result,
1756992956560,NaN,-1,false,0,3117253,4,ERROR-null-result,
1756992961604,NaN,-1,false,0,3121315,2,ERROR-null-result,
1756992966569,NaN,-1,false,0,3125219,8,ERROR-null-result,
1756992971552,NaN,-1,false,0,3127551,1,ERROR-null-result,
1756992976568,NaN,-1,false,0,3130296,6,ERROR-null-result,
1756992981550,NaN,-1,false,0,3133838,8,ERROR-null-result,
1756992986682,NaN,-1,false,0,3138312,2,ERROR-null-result,
1756992991569,NaN,-1,false,0,3141781,4,ERROR-null-result,
1756992996555,NaN,-1,false,0,3146277,4,ERROR-null-result,
1756993001563,NaN,-1,false,0,3150469,3,ERROR-null-result,
1756993006569,NaN,-1,false,0,3154696,4,ERROR-null-result,
1756993011554,NaN,-1,false,0,3157683,5,ERROR-null-result,
1756993016575,NaN,-1,false,0,3160704,5,ERROR-null-result,
1756993021560,NaN,-1,false,0,3164035,3,ERROR-null-result,
1756993026574,NaN,-1,false,0,3168245,8,ERROR-null-result,
1756993031561,NaN,-1,false,0,3172695,4,ERROR-null-result,
1756993036567,NaN,-1,false,0,3177108,5,ERROR-null-result,
1756993041569,NaN,-1,false,0,3180345,7,ERROR-null-result,
1756993046556,NaN,-1,false,0,3184569,4,ERROR-null-result,
